# Resource object code (Python 3)
# Created by: object code
# Created by: The Resource Compiler for Qt version 6.11.2
# WARNING! All changes made in this file will be lost!

from PySide6 import QtCore

qt_resource_data = b"\
\x00\x02\x8bc\
\x89\
PNG\x0d\x0a\x1a\x0a\x00\x00\x00\x0dIHDR\x00\
\x00\x048\x00\x00\x048\x08\x03\x00\x00\x00\xdb\xce\x9c\xbd\
\x00\x00\x00\x04gAMA\x00\x00\xb1\x8f\x0b\xfca\x05\
\x00\x00\x00\x01sRGB\x00\xae\xce\x1c\xe9\x00\x00\x03\
\x00PLTE\x00\x00\x00\xf6\xee\xce\xe6\xd9\xb2\xf6\xf4\
\xda\xfa\xf6\xdd\xf6\xf1\xd4\xf7\xf2\xd8\xb0\xa7v\xfe\xfe\xf1\
\xfd\xfa\xe5\xf1\xe3\xb8\xc1\xb0\x83\xd7\xc9\x9c\xda\xcc\xa6\xff\
\xff\xfb\xff\xff\xff\xfe\xff\xf7\xfe\xff\xf9\xff\xfe\xf8\xff\xff\
\xfb\xff\xfc\xce\xff\xff\xfd\xf3\xee\xc8\xf6\xf7\xef\xff\xff\xfe\
\xf7\xf8\xf2\xfd\xfe\xf8\xfd\xfb\xee\xf8\xf9\xf4\xfc\xfd\xf2\xff\
\xfd\xf0\xfe\xfe\xf4\xf4\xee\xca\xf9\xfa\xee\xf7\xf5\xe2\xf3\xf4\
\xe6\xff\xfb\xcb\xf4\xf0\xce\xf6\xf7\xeb\xfe\xfb\xe8\xf2\xf2\xe1\
\xf6\xf2\xd5\xfd\xfd\xf5\xf4\xf6\xea\xf8\xf6\xe6\xf1\xeb\xbc\xfe\
\xfa\xd0\xfa\xfb\xf1\xfd\xfa\xe5\xff\xfd\xd3\xf5\xf0\xd2\xfe\xfe\
\xfc\xf6\xf3\xd9\xf9\xf9\xeb\xff\xfe\xed\xf3\xec\xc0\xff\xfe\xea\
\xff\xfd\xde\xfd\xfe\xfa\xfe\xf4\xb2\xf1\xe9\xb5\xff\xfd\xd7\xf9\
\xf5\xcf\xff\xfe\xe4\xf6\xf6\xe7\xfd\xf6\xd3\xff\xf5\xb6\xff\xf8\
\xba\xf1\xf0\xdc\xe1\xdd\xae\xef\xec\xd0\xf1\xec\xc4\x8d\x85\x84\
\xf0\xee\xd8\xec\xe7\xc6\xfb\xfc\xf4\xdd\xda\xa8\xe8\xe4\xbe\x86\
\x7f\x80\xfd\xf8\xd9\xe3\xdf\xb4\xf0\xed\xd3\x8f\x89\x8b\xf6\xf4\
\xdf548\xe6\xe2\xb9\xea\xe6\xc1\xed\xe9\xca\xff\xfb\xc5\
\xf4\xeb\xb3\xd8\xcc\xc1\xff\xf8\xc1\xf3\xf2\xdd\xf9\xee\xb0\xef\
\xec\xcc\xff\xfc\xb6\xf9\xf3\xdd\xd9\xd5\xa1xpr\x96\x8d\
\x8e\xfe\xf7\xdf\xfd\xf8\xcbE1'xt{\xde\xd2\xc6\
\x80xyqik\xd8\xcf\xc8\x7f{\x82\xd3\xc7\xbd/\
.2\xff\xf8\xb1\x86\x82\x88\x9c\x93\x93\xff\xfd\xbchd\
j=:?:*%\xd5\xd0\x95\xe5\xd8\xcb\xf3\xe9\xac\
\xbf\xb5\xae\xf2\xe5\xd7b]b\xce\xc2\xb8omvR\
<-\xc7\xbe\xb8\xb9\xaf\xaa\xde\xd5\xcfFCJ\xc5\xbb\
\xb2PLSYU\x5c\xfb\xec\xd9\xfa\xf4\xc4\xaf\xa6\xa3\
\xd1\xc8\xc5\xec\xde\xcf\xa1\x98\x98\xb4\xaa\xa6P2(\xcb\
\xc2\xc0oH6\xab\xa2\x9f\xd1\xc6\x8b\x94o[\xe6\xdd\
\xd7\x93\x8f\x95\xfb\xee\xca\x8cQ6{V>\xbf\xb8\xb8\
k]9\xea\xe4\xb1\xa7\x9d\x9b\xfb\xf0\xbbaR4\x86\
bOa?9\xa4\x91c\x9d\x88^\x80G5\xd6\xb0\
w\xb0\xab\xad\x9a{l\xb8\xb1\xb3rjG`A+\
\xf4\xe0\x91VH/\xcb\xbb\x82\xa2\x9d\xa2\x85sJ\xd8\
\xbe\xa3)%'\xa8\x81i\x9a\x97\x9c\x92\x80UE\x1d\
\x12\xce\xb0k\xe4\xc9\xaa\x95cD\x9cV2\xd6\xc0u\
\xa8\xa3\xa8X1\x1a\xef\xcf^\x99vB\xaavU\xa9\
d7/\x1b\x19\x84g8\xc3\xb0zl8\x1f\xe3\xce\
\x83\xce\xa9]\xae\x98i\xeb\xc3@\xb3\x8fP\xdb\xb5X\
\xf9\xe1\xbd\xe1\xda\x98\xf0\xd8\xa7\xee\xd7x\xcd\xb0\x9c\xa5\
\x88|\xa5\x83K\xbf\xa5t\xc1\xa4\x93\xb6s:\xbb\x92\
v\xcfu4\xc6\x9bM\xef\xd6\xb6\xb8\x86d\xd5\xb4\x8f\
\xbd\x9fb\x7f}[\xfe\xf7\xa5\xb5\x97\x88\xdd\x8b>\xe5\
\x9eS\xb3\xb8\x84\xee\xcf\x96\x84D \xc6\x83J\xe8\xb3\
)\xca\x95c\xfc\xf2\x96\xdco\x18\xe1\xbf\x95\xfa\xddm\
\xcb\xa5\x86\xf5\xb6]\xe2\xc5i\x9d\xa1t\x8d\x8fj\xd2\
\x9fu\xfd\xf0~\x9e=\x13\xf6\x9b0\xc0b)\xf8\xce\
G\xe2\x9a\x22\xfa\xb3<jM\x22\xed\x81&\xec\xb9x\
\xb0R %\x08\x06\xf9\xcb}\x83+\x0fe \x0d\xcc\
N\x0a\xfe\xeaT\xa3L%F\x00\x00\x00\x0etRN\
S\x00\xaf\x90\xd1Uq\x90\xfe\x1a7\xd7\xd4\xaf\xd0\xb0\
\xa5$]\x00\x00 \x00IDATx\xda\xec\xbd\xcf\
O\xa3\xd7\xba.x\xeaVR\xec\x9c{o\xa4\xba\x8a\
\xf8\xda\x8e\x8f\x84a\xe36ev\xb8\xe1\x87\xaa\x83\x92\
\x5cG\x02#\xc0( 7p[\xb2\xac u\x18\xee\
Y\xd1R\x06\x0cwI\x91j\x80\x8e\xa2\x96K\xd7j\
3\xa2d\x84Jb\xab'\x99d3`\x12\xe9JH\
=\xab\xc9\xfe\x07\xce\x9efpF\xfd\xad\xf7\xd7z\xd7\
\xfa\xd6gS\xb5\x93\x9d\x1f\xace\x0a\x1bCUQ\x14\
\xdf\xc3\xf3<\xef\xf3\xbe\xef?\xfdS<w\xfc\xfc\xee\
\x9dw\xdey\xfb\xc1\x83{\xf7\xef\xdf_\xfc\xfc\x93\xf4\
|\xf8\xde\x07\x1f|\x99\xbe|\xf9\xe5\xa7O\x9f>\xfd\
\xe6\xe9\xa7\x9f~\x9a>\xfe\xe0\x83\xcf>\xfd\xec\xf3\x99\
\xf9\xfb\xe6<x\xfb\xed\xb7\xdey\xe7w\xf1\x8b\x17O\
<w\xec\x00Z<HA\xe0\xf3\xcf?\xfa\xe4\xc3\x0f\
\xbe|\xfa\xf8\xe3\xe7\xab\x07''W\x7f\x1dK\xcf\xf5\
u\xff\x14O\xbf\xdf\xbf\xbe\xbe\x1e\x1b\xbb\xba:??\
9:h>\x7f\xfe\xf1\x1f\xfe\xc7\xd3/\xbf\xfc\xec\xd3\
\x99\x99\xc6\xbd\x07\x0f\xde\x8e\x00\x12O<w\x041R\
z13\xf3\xe9\x07\x1f\x00^\xa4pq>\xd6?\xbd\
8\xeb\xf6\x06\xc7\x87\x87O\x9e\x1c\xa6\xaf\xd3\xfb\xef\x9e\
\xa4\xc7<:<6g0\xe8\xf5\xba\xdd\xb3\x8b\xcb\xcb\
\xd3\xfe\xd8\xd5\xf9\xd1\xc1\xf3?<~\xfa\xde\x87)\x11\
IY\xc8\xbd\x07o\xbf\x15\xf1#\x9ex~\x93\xa2\xe4\
\xad\xb7\xef\xddo\xa4\x88\x91J\x8f\xa7\x8f\x9f7\x8f\xae\
\xc6\xaeS\xbc\xe8\x0dR\xc08>~\x06\x18\xf1\xc4\xc0\
\x04<`\xd8x\xc2\x0f\x11D\xf0<;\x1e\xf4\xbag\
\x97\xfd\xeb\xab\x93\xa3\xd5\x8f\x9f\x1aY\x93\xe2\xc7\xbd{\
\x0f\xdez'~\x9d\xe3\x89\xe77\xe3c\xbc\x95\xb2\x8c\
\xc5\x143R\xc8\xf8\xd8 \xc6\xe9eJ0R\x88x\
\xf2\xddw\xdf\xbd$\x88 b\xc1\xa7\xd73/\xf6\x98\
\x8f\x06B\x82\xa8\xf2\xf2eJI\xbeK\xe9I/\x05\
\x90\xab\xf3\x83\xe7\x8fS\xfc\xf8tzz\xff\xde\xbd\xc8\
>\xe2\x89\xe7W/M\xdezp\x7f\x1dh\xc6\xd3?\
<?:\x1f;\xbd\xe8\x0e\xe0\xd2\x07.q\xc8r\xc4\
\xe0F\x8a\x0e\xdd\xf4\xf4\xd2\x1b\x9c\xb33\xb8\xeb\xd1I\
\xb1\x03\xe0\xc3\xf2\x90\x97)|\xa4\xbf?\x85\x8f\xc3A\
\xf7\xe2t\x0c\xe1\xe3\xd3\xe9\x89\xce\xfd\xa8]\xe2\x89\xe7\
\xd7\x8a\x19o?\xb8\xdfXL1\xc3\x08\x93\x93\xb1\xfe\
\xe5Y\xef\x18\xb0\x82\x95\x88\xb13\x8e\xc9\xbb0\xe6\xc5\
i\xff\xfa\xe6\xda\x9c\x1b<\xe4\x93\xf6OO///\
.\xce\x00C\x06`\x84\xb0f\xc1\x07\x06CR\xea\xf2\
$\x85\x8f\xcb\xeb\xab\xa3\xd5?\xa4\xe8\xf1\xe9\xb4A\x8f\
\xa8\x5c\xe2\x89\xe7\xd7\x05\x1a\xf7\xee\x03\xcfx\xfc\xfc\xe0\
\xc4\xd0\x8c\xde\xb1\xf8\x16p\x07.E\x0a\x17)X\x8c\
\xdd\x98\x92\x89=G\xe9\xcd\xdc\xa5\xf7x\xccS\xe7\xe7\
W7c\xd7}\x03!d\xa32|\x10s\xf9#\xc8\
\x17\x14/\xa7c'\xcd\x8f\x9f\xfe\xfe\x83O\xa7\xefG\
\xdf#\x9ex~\x1d\x8e\xc6[\x08\x1aO\x1f\x7flx\
F*M\x9e\x01\xb7\x00\xbcHe\xca\xf1\xc0\x14G\x0c\
^\x18\xb88R\xe7\xc0\x9cfz\xcc\xab\x03<G\xde\
999\xbf\xba\xba2\x08\x82\xf8\xc1\xf4E\xceK \
\x1f\xc7\xbd\xee\xe5\xd8y\xf3\x0f\xff\xfd\xbd\x0f>\x9d\xbf\
\xff \xea\x96x\xe2\xf9\x853\x8du\xa3NR\xa2q\
~m\xb4\xc9!9\x19\xe6\xa4W\xf3\xc5\xc5\xe9uJ\
0\x0c^|\xff\xbd\x00\xc5\xeaj\xfab\xcevz\xcc\
k\xfbF\xfa\xb0)0rd\xa1\xe4\xc4p\x90\xb1\xeb\
\xd3KS\x979>f\xf8\xb0(\x02\xf0\xd1}5v\
\xb2\xfa\xf4\xf7\x1f\xa6\xd4#\x82G<\xf1\xfcB\xa9\x86\
)\x9d\x18G\xe3(\x05\x8d\x0b\x04\x8d\x94\x11|g\xb0\
c\xd0MYF\x0a\x19\x060\xbe?\x00\xb0@t\x80\
\x97\xd0\x01\xd0\xa0_\xfc!MD\x18\x82\x12\x00\x10\xa3\
a\x0c\x01\x01\x00a\xdf\xc3 \xc7\x1f\x91|\x1c\x0e\xce\
\xfa\x7fm>\xfd\xf0\xc3\xcf:\xf7\xa2\xe7\x11O<\xbf\
\xac\xf3\xd6\x83\xfb\xe0\x83*\xa6AfF\xcf\x14L\xc7\
\xae\x8ck\xf1\xbd\xe0\x85\x8f\x16)\xb9\xd8\xe5\xb3\x85/\
[\xe9\xeb\xf4\x95s\xb6\xb7\x91\x93\xac\xf2= \x08\xf1\
\x8f\x9b\xb1\xfe\xe5E\xaa_\x0e\x0fu\x12\xc4\xf8\xa6O\
R\xf0\xf8\x9f\xab)xL\xefG\xe2\x11O<\xbf\x1c\
\xaa\xb13\xf3\xd9\xa7O?f\xd00N\xc3K\xc32\
\x102R\x92\x01\x14#\x08\x16[\xf4\x8b\xc0B\x80C\
\x83\x88y\x80G\xa0\x04\x91\x83\x80\x04\x18\x08*\x98\xab\
\xabkH\xa1\x1a\xdcB\xfa\x01w\x06<.\xc6\x8e>\
NU\xcb\xfe\xbdh\x97\xc6\x13\xcf\xcf\xeej<\xb8\xbf\
\xb3\xf8\xd9\x07\x8f\x9b\xe7c\x08\x1aX\xdb0\xa0q}\
\x9er\x0c\x11\x19\xc0\x0f,b\x00\x08\x00\x16\xec*d\
\xd8\xcb\x9e\xad-\x0b\x1a\x08,[\x02*\x19\x02B\xf4\
\x03\xd1\xc3\xa6>\x0e\x09<z\x97\x7f\xdd\xfe\xfd{\x9f\
M\xdf\x7f\x10\xb1#\x9ex~N\xd4X\x5c\xfc\xe0\xcb\
\x8f\x8f\xaeN\xcf\x8cD\xf8\xee\xe5w/\x9f\x98z\xe8\
\xb51@A\x99Xub\xaeo\x0d\x12\x04\x1d)6\
l\x98\xb3\xdf\xd9_\xeb\xa4\x07_\x9b31\xcd\x8f\xf6\
\xd7\xf6\xd7\xd6\xf6\xcdGi0\xf1\x05L\x08=\xd8\xf8\
xB\xd8\xf1\xdd\xe0\xd5X*Z>\x9d\x88\xd8\x11O\
<?\x1bj|\xf6\xe1\xd3\xe7'\xd7\x17\xbdg\xa6\x8c\
\x01\xea\xe4\xa2\x7fs\x8e\xda\x04\x0eP\x0d\x12%[{\
[B\x1a\xb6\x00.\xf6\xf7\x11\x18\xa6\xa7\x05#\xf84\
\x1a\xd3\x9d\xf9\x9d\xe9\xe9y83x7?\xdd $\
\xd9\xd8G\x10Q\x00\xb2\xbd\xcb\xe5\x18\x17<\xbaT\xdb\
A\x00I\xb1\xe3\xf8b\xac\xf9\xdfS\xcd\x12\xb1#\x9e\
x\xfe\xd1\xbeF\x8a\x1a\x9f\x7f\xf8t\xf5\xbc\x7f\xf6\x02\
~\x92\xa7\xa0\x91\x8a\x93\xab\x13\xc2\x0c\xcb2\x102X\
q\x98\x8b\x1d\xf0b\x02\xae\x7f`\x11x\xedo\x8b\xf3\
\xe9\xd8 \xc8R\xcc\xef4\xa4\xc4 \x0a\xa0\xc9t\x03\
\xa1\x06Y\x08@\x12\x93\x0f\xfe\xcd\x16<.S\xd9r\
\xc8\xa1\xd5\xc3\xc3TK\x1d\x9e\x8d\xad\xfe\xfe\xc3\x89\x88\
\x1d\xf1\xc4\xf3\x0f\xe4\x1ao#j\xa4\x02\xe5\x18A\xa3\
wv9v~\xa21c\x9bi\x06\x01\x06J\x12\xa3\
GR\xb4H/u\xbc\xca\xb1\xb4:\xe4H \x8c\x19\
\x0c\xe8\x1d\xf3G\x19\xd8\xd8\xd9i\x10\x01a\xfe\xc1\xe2\
\x85\xa8\x07x\xa6)x\xdc\x98 \x1a\xb6\xc8<\x01\xef\
\xf6\xdfS\xde\xf1\xd7\xe7\xef}0\xde\xb9\xf7v\xac\xb3\
\xc4\x13\xcfO\xcf5\x105\x9aW\x97=0\x1cS\xa6\
q\x0a6\xa8\xa0\xc66\xb9\x9f[\xc44\xcc%\x9d\xc2\
\x05\x5c\xdd[\xbb\xc4\x08\x9aM\x97\x99\xacJ\x0aL?\
\xd3\xd4\xbe*A\xc9\x81@\x88\xa12\x86\x86\xa4\xec\xa3\
\xd1\xe8\xec\x03\x22\x09z\x08\xf5h\x0a\xf1@\xec\xf8\xa3\
\x89\xa7?\xf9c\x8a\x1d\x83\xcb\x93\xc7\xef}\xba\xb1\x7f\
\xef\xad\xf8\xdf\x1aO<?\xe5y\xcb\xa2F\x0a\x1aO\
\x8e{\x17}\x96'\xda\xff\x04\xb4@]\x02goK\
\xae\xe4\xa6\x1b\xf1\xda\xa6x\xd7\xf6\xaa[\x22\xd9\xb6\xf1\
/U\xc7\xc5\x94\xa9\xa6$\xf0Wn\xed\x89]B\xe4\
\xc3\x13.\x08\x1eW\xd7\xa7g\xbdg\xa6\xa7\xf6\x8f\x98\
N\xff\xf7\xef\xba\xffv\xf0\xfb\xf7\xc6\xa3d\x89'\x9e\
\x9fP\xa2<\xb8\xff\xd9\x87_n\x9f_\xf6\xcc\x80.\
\xd3\x8cz\xc3TC@\xc3/\xaa\x82&A\xb6`m\
\x0b\xe7\xec\x02A\xa1\x07\xa1wns\xf8\xdc\xd6]\x09\
\x81\x1c\xfc\xd8E\xfa\xd11\xea\x05\xa9\xc7\xee\x96\xc7<\
\x8ch9\xbd\xe8\x1d\xbe|\xf9\xf2\x8fD;\xfe\xfd\xf0\
\xe2\xea\xe3\xdfO\x18\xda\x11%K<\xf1\xfc\xf8\xe7\xc1\
\xfd\xc5O\xde{~~\xda=6^A\xef\xe2tL\
Q\x0d&\x1a[\xacM\xa0\xdc\x01&\x86\xcd\x96\x0b\x1a\
`\x0d\xc4\xbcrr\xa1\xbb\xfe\xd9\xc6\xe7\x08?v\x1d\
d\x91\x9e\x16\xeb\x82\xac*\xf8\x00\xeea\x99\x87\x22\x1e\
\xc6\xf0\xe8\x1d\xc2,\x0f\xe0\x1d\xff\xfe]\xaf\x7f\xf0\xf4\
\xcb\xb5(Y\xe2\x89\xe7'!\x1b\x8f\x8f\xfa\x10\xd78\
t\x05\x8a\xd1\x0ar\xd8eP\xf5\x11\x05\x18\xdb6\x11\
\xaa\x12\xa3\xbb:n\x1e\x0a\x90:P\xb2\xedD7\x94\
\x8a\xd1\xe4c\x0b\xd1\x83}\x15\xa4=\xf8a`x\xf4\
\x81w\xa4\x92\xc5DLM\x85\xf6\xfc\xff\xf8rmk\
\xe3~\x84\x8ex\xe2\xf9\xf1\x9c\x8d{\x8b\x1f\xbd\xb7:\
v\xf1\x02\xc6t]\x9c^\x1dI\xd5\xd5\xca\x13Nu\
Y1\xb1\xedp\x0c\xc2\x82-\x1b\x1a\xd5\x0fs\xcf\xae\
\xcd\x8cf\xdbVD\xc7x\x05\x1a\xcd=\x0c\xf3\xe0\x8a\
\xaf\xcf;R\xc9\x82\xb4\xe3\xbb'\xdd\x9b\xe7O\xd7\xf6\
6\xee?\x88\x8a%\x9ex~\x84\xf3\xbb\x07\xf7?\xff\
\xe8\xcb\x93\xd3\xde\xb3g\xc7\x065n\x0c\xd78\xe0\xab\
\xd3\x86\xc5\x15fp\x1b\x89V\x1f\xf9\xd0`3\x1e\xd9\
\xe7\x02@\xe2\xe3\x87\xf8#n-F\x1b\x1f\x8d\x0e\xc8\
\x16\xe5\xd06\x0f\xc0\xef8\x1b<I\x15\xcb\xffn\xdc\
\x8e\xef\xbe\xeb\x8e5\x1f\xaf\xed\xedu\xeeE\xa34\x9e\
x~\x04\xb2\xf1\xc9\xee\xd8\xd933\x15\xb4\x0b\xfd'\
f\x8a\x86\xf8\x1a\xf6r\xde\xce\x08\x93\x0cb\xec\x11>\
\xecq\xcde\xd4\xd9\xda\xf3\xd0D\xc5\xd53J\xc6\xb1\
M\xb1\xfab^\xb6\xb7\xb7\xf6\x90yX\xec\x00h\x01\
\xaf\xf4\xb2{\xfc\xc4\xf0\x8e?\x1a\xe8\xe8]\x7f\xff\xb1\
\xa9\x04E\xc5\x12O<\x7f\x17l\x18\xb2q\xd0\xef\x1e\
B\x9a\x9cQ\xc3\xfc0W\xa8\xc1\xa0!\xed\xaa\xdbA\
\x8e\x91\xc5\x0a*\xd5\xeem\xa4\x8f\xf0\x85\xcf\xde\x06\xbe\
w\x0f\x1eyX\xc2td\x97\x00\xc4v\xd8\xaa\xfa\x0b\
\xbb\x1e\xab\x84q\x02\x1e\x1a\xe4\x0eH\xb2<\xc1*\xcb\
\xcb\xef^\x9e\x8d\x1d=\x7f\x9e~\x9e\xf7c,,\x9e\
x\xdeP\xa3\xbc\x9d\xc2\xc6\xd3\xf3\x8bc3\x22\xf4\x0c\
\x8c\x0d\x83\x1a\xb6\xf0\xba\xcb\x95\x13!\x1a\xbbA\x9e\xb1\
'\x15Z\x02\x87=\xfaE\xf0@\x8f}\xf4p\xcf\x1e\
\x7f\xf4\xde\xd6\xde\x9e+ev\xb5\x0f\xa2\xeb.M\xc9\
}\x00x\x80\xe7A\xd8\xb1\xad\xb0c\xccT\x8a^>\
9\xfc\xe3\xcb\x97\xdf\x1d^\x8c\x9d\xac\x1a\xe8\xd8\x88f\
G<\xf1\xbc\x89\xb5\xb1\xfe\xd1'\xcf\xc7\x80l\xf4.\
\xaeO\x1850\x16\x8a\xc8\xb0\x0b\xc30\xf09&\x1a\
h\x7f:Qs\x84\x0c\x17\x12\xf6\xbd\x87\xfb\xa6\xe5m\
\x03o\xe9#s\xe0\xce\xbe\xcf\xe2\x07\xd3\x10\xcfD\xdd\
\xd5\xedn\xc8<\xb6\x89y0v\xa0j\xd9'\xe8`\
\xaf\xd4:\xa5\xa9`y9\xb84\xd0\xb1\xbb\xb7\xb7\x1f\
\xa1#\x9ex^\xef\xbc\xf3`\xf1\x93\x0f\x9b\xfd\xde\xe1\
\x93\xe3A\xb7\x7fE\x12\xc5\x9a\xa10\x0dcu\x95\x9b\
G\x182\x5ci\x12\xc0\x8b\x0d\x01\x02\xc0\x05\xc6\x08\xef\
t\xd4c\xf5\x11\x1b\xae\x96a\xf0\xd8s\xd0\x83\x12!\
\x9ax\xd8Y M\x22\x1e&\x9d\xae\xec\x0e\xa0\x1d\x97\
]\x80\x8e\x97/\x0f\xbb)t4W\x0dtD\x9f4\
\x9ex^\xc3\xda\xb8\xb7\xf8\xc9{G\x97/\x0e\x0f\x8f\
S\xb2q\xfe=\xfa\xa1<\xb1kK\xd2\xa0\x8c\x1a\xca\
sP<#\xa88\xf67\xb2\x10\x81\xafR&\x00/\
\x90\xbf\xa0\xe7;\xce\x07\xfbTe\xc35>\xf62\xa5\
\x17\x95^\xa7\x89\xa5\x5ck1\x9f\xc5\xde\x1e)\x16\xc3\
H\x80v\x98\x22\x8b\x19^60\x1b\x16\xbe\x8f\xd0\x11\
O<\xafq\xde\xbe\xbf\xf8\xd1\x97G\x97\xc7)lt\
/oN\x045\xec%\x89\xd3\xfaT\x07\xac\x97\x00\xf3\
Q\x03x\xc3\x86K/:\xd8]\xb2\x0fX\xb1\xdf\xe8\
\x08h4d|O'\x84\x1d\x8ax\xec\xa9\xd1>{\
[\xbe\xef\xa1T\x8b0\x0f\xee\x953\xff\x1cC<\xf6\
Xn\x19\xec8:\xb9\xba\xbe\x84<\xfa\x93A7B\
G<\xf1\xbc\x1el\xcc|\xf2\xf4\xe4\xf2\xd9\x93g\xe9\
\xcf]!\x1b\x14\xe8\x84\xeb\x11]\x03tB\xf1I\xc6\
\x8b\xad=)\x91(\xd0pO\x83\x00b\xbf\x93s\x1a\
\xe9\x11\xec\xd8\xc7W\x191\xe3;\xa7\xfc\xd7\xe3gb\
\xc1c\xcb\xf1K-\xf1`\xd1\x82\xc1R\xc2\x8e\xe6\xc1\
\x91\xc9v\x1c\xa7\xd0\x01\xb3\x0f\x0dtl\x1b\xe8\x88\xd5\
\xd9x\xe2\x19\xc96\x9e\x9e_<\xb3\x1a\x05\x9d\x0dK\
\xfeWm`T\x8d\xdb\xb0~\xc6\x9e\x86\x8c\x0clx\
\x80\x91B\x84}\xd9i\xc0\x83\x06\xdd\xc1\xbb\xa5\xe9u\
\x14t\x88\xed\xb1e!\xc4\xc9\x8b\xb9\xd0A\x01S\xc4\
\x8e\xad-i\xc4K%\xcb\xd5\xf5\x85\x89\x85\x1d\xf7\x90\
u4\xcd\xf4\x8f{\xd1&\x8d'\x9eal\xe3\xa3/\
\x0dl\x1c\xf6\xcc\x8f[\x84\x0d5 X$\xca\xee\xae\
\x1a7\xcc\xa5\x93\x0d\x0b\x1b\xbe\x8f\xd1\xd9\xf7\x09F\xc3\
H\x92\x86:\xf0\xd6N#s\x10^2\xc4cC\xe1\
\xc7\x9e\xc7>h\xaa\x8fS\xb5\xf5\xc0\xa3I\xe0\x81\x11\
\x0fh\xa5\x15\xe8Hi\xc7e\x8f\xa1\xe3\xe6\x08\xa0#\
\x0a\x96x\xe2\xc9\x85\x8d\xf9\x8f\xbe<\xb9x\xf1\xe4\xb8\
{Iu\x94U\xdd\xb1\x8a\xa5\xd7Ug\xb2\x97\x8c\x03\
\xdc\xd0lC\xe8\x05\xab\x0d\x91&\x0d\x86\x01\x00\x85\x1d\
\xf8\xb5C\x0f\xf1\xd1Nz\xb7C\x0f\x84\x80t\x1a\xfb\
\x9d\x1c\xd1\xb2\xaf\x8c\x147\xf3\xb1\xb7\xa1\x93\xa7\xbb\x0a\
;\xec~'\xe2\x1d[8\x00`\x9b\x87\x05\x9d\xdc\x98\
1E\x04\x1d\xc8:bq6\x9exr`\xe3\xbd\x13\
#R\xba\xa7Y\xd8H\xaf\xb6\xa6\xa48\x94\x1f\xea:\
\xa1*\x84\x1102\x90Tt\x88V\xec\xa8\x83o\x08\
h\xf0SBA\xcc\x88@\xb1O\xf7\x83\xf0\xb1\xbf\xb1\
\x9f\xcd\x8b\xb1\x82\xa21\xc94\x97\xd4\x05\x0f\x8b\x1d\x90\
\x0c#\xec\xf8\xfe\xe4\xea\x14#,]\x13};XM\
\xff\x88\x8d\xb7\xe3wI<\xf18\xe7\xad\xfb\xd3\x9f|\
xpy,\xb0\xd1\xb4\xf9\x8cmv6d\xbc\xd7\xd6\
.'\xc8U\xdaS\xd9\x18\x1a/\xf6A\x96X\x11\x82\
\xa0\xa0\x81c]\xbd\xf6\xb0\x84\x1e\x0b=\x11\xe3t_\
\xd9\x1e\x1b\xf6~c?\x9c8u\xf6\xb3H\xccC*\
\xb4\x8c\x1d[(Y\xf0\x89\xa3\xf3\xfe\x99\xa9,\xf5\xba\
\x17\xfd\xf3\x14:\xd2\x7f\xef\xfd\x08\x1d\xf1\xc4c\xcf;\
\xf7w>\xf9\xa4y\xf9\xe2\xc9\xa1.\xa4lI\x96\xca\
v\xa7\xa8\xac\x86k-\xa8\xdc\x96%\x1a\x0d\xcf\xc7h\
\xb8\x80\x00p\xb1.\x98a\xee\xd6\xcd\xa1\x0fZw\xb0\
\xc3\x22\x88\x80Gc\xdf\xbcx\xc6G\x00;@\xb7X\
\xf4\xd8\xd5C\xd5\xf5\x1c1\xd4,\xd6\xed\xf8\xfe\x1c\xe6\
\x8f\xa4\xac\xc3\xb4\xe94\xb7\x0dtD\xab#\x9ex\x08\
6\xeeM\x7f\xf6\xc9\xea\xe9\x8b??\xeb\x22l\x88F\
\xd9\xc6]%\x0e\xdb\xb0\xc3\x017,\xd7\x10\xdcp\x8a\
\xaa\x04\x14l`\xf8\x87 C\xe3\xc3:\x02\x87\xf7A\
\xeb\xc0@\x1aDT,\xfd0\xd6\xc7~@\xb9ld\
\xeb.\x98T\xdfs#\xa6\xda+\x15\xec@\xe8\xe0\xfa\
\xec\xf9\xf5\x85\x81\x8e\xee\xd9\xab\xeb\x93\xef\x0dtlD\
\x974\x9ex\xfe\xc9\xf4\xa4\xcc\xcf|\xf4\xf1u\xef\x10\
`C\x22\xa2[4\xeab\x15;\xd3m@t\x0f\xc8\
\x86\xa0\x06]\xa5\x1d\x89t\xed7\xc8\xc9\xd8q\x05I\
\xe0\xac#R \xf1XG\x88\xc0\xfb\x1d\x82\x0b~n\
\xa7!O\xd9?U\xd4\xcbN\x86z\xb0r\xd9\x90f\
\x17[\xb2\xd5\x0b%u\x8dV\xb0\xc3\xd0\x8e\x00t\x5c\
\x8e\x9d\x18\xabco\xffA\xfc\xa6\x89'z\xa2\x8d\xe9\
\x8f\xbe\xfck\xf7\xcf\x87\x0el8\x97\xd4\xb6\x8c\xef\xe2\
\xdak(@N\x02\xc5\xd0\x00\xb25\xe5\x1a\x9f\xf7\xec\
\x0c\x16)\x88\x13\xfc\xda=\x82\x22\xf0\xcb\xe1#\xeb\x0a\
7\xf0%\x85,\xdc\x8f\x00\x093kx\xb0n\xf1|\
S\x9d\xf1\x90N|(\xd0\x1e8\xb4\x03\x9f88\x01\
\xe8P.i\xb4:\xe2\x89\x9e\xe8'\x1f\x9e\x9c\x1d>\
\xe9]^\x89H\x91\xf9\xe2j\xe1\xc1\x96\x9e_\xee$\
\xbct\xf5\xa4\xd1\xd1\x16h\xc3\x03\x0b\xbe\xee\xd7\x15&\
\xdc\xfe\x089a\x1bd\x9dm\x0f\x1d\xfe\xd8w\xb9G\
\xc8\xf4 \xc3\xc3\xc7\x0e\x07:\x9a\xdb\xbb\x0a:\x8e\x0c\
\xebx\x82.\xa9\xd1+{{Q\xaf\xc4s\xa7=\xd1\
\xceg\x9f4/\x9f}7\x10\xd8\xd8\xf6\x961:C\
y\xdc\xca\xeb\x86g\x85\x22jdJ%r\xcd\x8fB\
\x86\x158r\x07O\xac\x9b\xfbus\xaf@\x87\x05\x8d\
St\xd9g\xf2\xd1\xd9\x0f\xe8\x16M:\xf6\x84v\xec\
e\xb1\x03\x90\xe2 \x03\x1d\xa9`\xe9\x9a\x8a\xd3\xd9\xc5\
\x98\x09\x84mmE\xbd\x12\xcf\xdd57v\xe6?\xf9\
\xc3\xf5\x8b?\x1f_\xa8\x02\xac\xd3\xd7\xa1\xd78:\x9d\
k*\x12\xaa\xddP\x95\xc3@K\x22\x17.V\x04\x0c\
\x00\x17\x08+V\xf0\xf1:\xc3\x87\xbaW\xd8\xc3\xd8a\
\xfe\xa6\xf5\x1d\xa7\xdaB\xa4\x03\xb0#}\xf0\xb56K\
\x03\x01u\x83\x1d\xbb[\x8eO*\x9b'\x0f\xa0\xb1\x1e\
JJ\xa9\x82;82\xb9\x0e\xb0:\x8c^I\xdf\x13\
\xc7\x0b\xc6sG\xcd\x8d\xc6'\xbf?\xef\xa6\xb0\x91\xfe\
\x10=:\xa0\xfe\x13R)\xbc\x07E\xd8\x86\xd2(*\
\xe3\xc5e\x94\x06%@]\xeb3\x0c\x18\x96R0(\
\xac;o\xd23\xeb\xf2\x14\x90\x0f\x0b'\xca\x15\xd9a\
\xf1\x02\x7f\x9d\xd5,\x08\x1bt'\xf0\xe1\x8b\x16\xa5X\
l#-\xefiA\xc5\xb2m\xdei\xa1\xe3\xb2\x97\x22\
G\xf7\xac\x0f\xa5\xd9\xbdX_\x89\xe7.\x9a\x1b\x8d\xcf\
>9\xb8x\xf2\xe4\xec\xfa\xc4c\x1b\xbb\xcc6\xf4p\
\x1e\x0b\x1bN\xeb\x9a\x90\x0d\x82\x8dF\x061V<\xf6\
@O0|\xb4WV\x5c\xc0\xb0o\xa8G\xfa\x8f@\
\xe1\xb2\xa2\x9d\x0f4Lu\x7f\x0bh\x97\xce>\xd3\x0f\
\xc1\x8e\x0d\xb7/\x1f\xb7E\xba\xe5Y\xbb\xe3\xc9\xdc\xb6\
\x81u\xac\x22t\x9c\xdc\x5c\x0cR\xbd\xd25PkL\
\xd2N4I\xe3\xb9[*\xe5^g\xfa\xa3\xc7\xd7\xc7\
\x7f\xee\xf5OR\xb6\xc1\x9e\xe8*\xb1\x0dg5\x9b\x84\
6\x1094d\xc0k/>n.b\xb2&\x842\
h<\xf0@\x81O;\xf4\x01\xeb\x9eZa\xd8XY\
\xd1Jg}G\x15Z\xa06\xab\xd0\xc3\x90\x8e\x06'\
\xc56d\xe4\x98\x17,\x95.\xda\xed]G\xb1 \xeb\
`\xab#%\x1d\x90\x083\xc3:\x90t\xc4<X<\
wJ\xa5\xect>\xff\xf0$U)\x97R\x81\xc5\xb5\
h\xbb\x0e\xdb\xc8\xd6Q8\xb4\xe1h\x14\x1d\xee\x22\x96\
\xb1\xae\xd0B\x09\x91\xf5\x10d(lh\xb7\xb3\xef\xe3\
\xe7\x5c2\xb2.\xe0\xa4\xb1c}}\xc7\xb5<\xf6\x1b\
\x88\x1a\xc2;6db\xe1\x865L\xf7\xa0KE\xb0\
C\x96;\xe1@\xf7\x83U\x86\x0e\xb2:z\x87\xc7\xbd\
33\x84\xb5\xb9\xbb\x17M\xd2x\xee\xccy\xe7~g\
\xe6\x93\xed\xcb?\x1f^\xdc\x1cq+\x1b\x92\x0d\x86\x8d\
];\xc4\x1c\x93^{\x1b\xfb\xd4~\xba/#\xfd\xd2\
W\x166\x1a*\xcf\xb5\xae\x18\x03\xe3E\xdb\xc7\x82\xb6\
\x05\x89\xb6\xbao\xbb\xe0\xd1\xd6`\xd2^\xf1\xea.+\
~\xb9\xd6\xedm!\xf6\x01\x9f\xaa\x06\x0f\xae\xd1\x1a\x1c\
a\xda\xb1\x95\xa9\xce\x92I\x8a.i\x0a\x1dV\xaf\x8c\
]\x0c\xc8$m\xae\xa6_\xa0h\x92\xc6s'\xce\x83\
\x9d\xce'_\x8e\xbd\xf8s\x17\xcc\x8d\x83U\x9e\xcb\xb9\
\xbb\xb5k+\xb0\x81\x86\x14\xa5Q\xb8\x8fM\x9a\xd5\xd6\
\xb5\xb3aEEF\x89 \x0aT\xdb\x06\x1f\xd2S\x85\
_\x08\x17\xe9s\xeb+x/\xbf\xa1\x8d\xef\x09q\x94\
\xf5,\xebP\xe4#\xc5\x8cu\xa7\xd0\xd2`\xc5\x92\xfe\
\x22\xbf\xe3k`\x1f_\xeb\x12\x8bl\x89\xd1.)\x17\
X,\xe98\xefw\x8fM\x1e\xac\x7f\x02\x95\xd9\x8dH\
:\xe2\xb9\x03\xa6h\xc7\x98\xa2\x7f>>=gs\x03\
\x0c\xd1-\x86\x8d\xd5]\xadR\xfc\xce\xd7\xfd}\x99\x10\
*\xde\xc6\xba\xb6C\xb5\xfcp\x99F\x9b\x91\xc3\xc0\xc5\
J\xbb\x9a\xdeU\xab+U{\xcc\xbb\xcc\xeb*\xbcw\
\xc5\xbc\xa2g\xf17\xaf;V\x88\xb0\x99\xbc\xd4i\xe3\
+Lv|\xcd\x9a\x851d_\x97iu\x1c}\xcb\
\x87\x0e\xae\xccb\x10\x1d\xa0\xe3\x00M\xd2K0I/\
\xc7\x88tD\xa7#\x9e\xdf\xb8J\x99\x9e\xfe\xe4\xe3\xfe\
\x8b'g\x12\xf8\x22\xb6\xb1\xa5=Q/\xb6\xe1L\x00\
\x846y\xee3[\xcf\xab\xa0dLO`\x18\x84\x05\
\x08\x08\xf6A\x0a\x15\xfc\xa6<\xbb\x82\x98\x02\xa8Q%\
\x15\x130R}\xbd\xb2\xben+\xb4\xebX\xe9\xa1O\
\xf5+\xa0\x1c_\x03\x8e\xe8h\xfa~\xa08\xebC\x07\
\x90\x0eS\x9b\xb5\xa4\xe3\xfalp< \xd2\xb1\x17I\
G<\xbfqSt\xfa\xf3/\xcf\xbbTK\xc1\xb1<\
0;\xcf\xee}u\xd8\x06\xfb\xa1\x1bz.9X\x1b\
;\xd9\xd2\xebJ\xb0\x82\xd2\xa6\x1b`\x86\xa1\x19\x08\x12\
\x16'\xf8Q\x8a\x1f\xed*p\x8e\x15~r\x05\x1f\xaf\
\x08\xa4\x10%Q\xf8\xb4\xaej-\xae\x5c\x11\xcb\x03Z\
k\xbfb\xa7t_J,R\xaa\xddP\xf9\x0e\x1d\xec\
\x10\xbdB&\xa9\xb1:\x04:`\xce\xcfq\xef\xec\x15\
\xb4\xafD\xd2\x11\xcfo\x9an\xcc|\xd8\xbc<<\xbc\
\xb8\x22\x95\xc2l#knh\xba\xe1\xcc\xe7Q\xdd\xf2\
\xeb\xa4QV\xf2\x98\x06\xfb\x18\x80\x0bmF\x04B\x8a\
\x16\xdc\x10\x12\xda\x16)\x10 \x90\x87T-\x82\xac\x10\
\xfb\x80;qL\xabn\x95%c\x942\x01\xd1\x86\x07\
f\xc3X\xbd|\xed\xcc\x1f\xdc\xd3-p\x9au\x1c\xf0\
\xc6\x5c\xf3\xc5\x12\xd2\x81&)\x91\x8e\xfd\x98\xe9\x88\xe7\
\xb7\xe9n,\xce\x7f\xf2x\xac\xf7\xa4w\xcd\xf9\xf2,\
lHp\xc3\x9b\x1dJ-)\xb6\x81M\xb2\xe4\x19\xc8\
P\xda\xa4\x0a\xc0Q\xd5\xac\x02\x91\x03!\xc3\xd7-\x02\
2\x80\x11b\x82 \xaa\xb4\xc1\xf9@\xbb\x03\x91\xc4K\
\x8ee\xcd\x8e\x1dL\xbcs_Kc\x1d\x85KJ>\
v\xbeV\xb6\x07\xb1\x8e\xafU*\x8c\xbaX\x14\xeb8\
`\xd6\xb1\xbd\xbbG\xa4\xe3\xe8\xe4\xaa\xdf=<\xecA\
\x06\xbd\xb9\xb5\xb7q?\xce$\x8d\xe77H7v>\
\x7f\xef\xe8\xe2\xf0\xf8\xf2\xfc\x08\xe8\xc6\xaa\xe9%\xdf\xb6\
\x8b\xdb\x9d\xa6\x94\xecJ\x94\x8ex\x1bZ\xa0\xa8l\x06\
\x17?\xaad\x82\x12\x81@\xb6\xd0V\xe00\xe2\xd0\x07\
\xac\xd8\x8f\x5c\x01\x15\x83n\x08\xd2\x8c*=\xa8\xa2\x03\
\xb2\x22-.\xd92\x0b\xa3\x87\x92-r\xbe\xe2\x98\xc7\
\xd7>xX\xd6\xb1\xad\xa0\x83[\xeeS\xa8E\xd2\x01\
&iJ:\xae\xd3/\xa9\x19g\x1cIG<\xbf5\
w#\xa5\x1b\xcf\xafM\x0d\xf6\xe8\xe8\x88`\xc3\xf1D\
\xb7}oc\xc3\xd9l\xa0\xd8\x86\xe3\x85\xae;%\x13\
\xc4\x0fM3\xda$K\xdc3\x95\xf3\xd89+\xceC\
zke\x85\xdf\xc5\xd0\xa1\x14\x8bM\x9b\x05\x1a\xf2\xc9\
\xf5P\x13\x08\xf7u\xad\x16`#Scqb\x1d\x07\
R\x9ae\xbdrdL\xd2\xe3\xe3\x9e\x99\xb7x\xb4j\
\x16\xdc\xc7\xef\xb4x~K\xe7\xde\xfc\xe7O\xcf\xffr\
xxqN+\xe7M\x0f\x9b\xa8\x14\xea\x81\xddu<\
QgS\xe3\xbe\x9aK\xeeU]%v\xc1\xae\xc6\x8a\
\xb5=[U1+\xb2\xc81\x85w\x93#a#\xfc\
N&7\x04!\x9er\x09\xa4;\xbe2\x9fy\x83X\
\x07\x08\x17\xa6\x1d\xd6'umR\x8d\x1d\xca\xe98h\
j\xd2a\x92\xa4\x83\xee\xc5\x0d\x92\x8e\x98\x06\x8b\xe77\
\xe4n\xdc\x9f\xf9\xf0y\x7f`\xdc\x0d\xa4\x1b\xab\xdb\x9a\
nlk\xba\xa1q\x83\xc7\x957\x108\x9c\x22\x8a\xf8\
\xa1m\xcawr\xa6\xcb\xab\x96x\xbc\x02\xd0\x82^!\
zL\x09\x84\xbc\xc6\xa1R-+\x97\x15rN=\xe8\
\xa0\xbb\xaf\xfcr\x0b\x0d\x15\xe3\x11@\xa8X\xdc\xfa\xec\
\xff\xb5\xb1\xf1\xf5\x86$\xd1\x87\x98\xa4)\xe9\x18\xbb0\
\xa4\xa3\x7frdHG\x8c\xa0\xc7\xf3[9\x0ff>\
{z~f\x8a)\xe4n T\xb8tC\x8b\x14\xb7\
\xf9U\xb5\xa30\xd7X\xf7\xf2\xe3TL\xc5\xd2)R\
\x8c\x95\x0cm\x98\x12\x94\xa8*\xd4\x98\x12X\x11\x1c\xb9\
\x0dh(\x01\x83l\xc3-\xb3\xa8\x96}\x85\x1d2\x03\
\xe8+\xb1=lK\x9c\xad\xd3\xee\xefg\xad\x0e\xc6\x0e\
\xc8\x7fQ\xa8c\x0b\xe3`G'\xe7\xfd\x1ez\xa4)\
\xe9\xd8\xd8\x8b\xdb\x22\xe3\xf9m\xb8\xa2\x8b)\xddxq\
88=1t\xa3I\x8e\x86SKQ\x95\x145\xaf\
\xdc\xfc\x92\xa8\xd7\x8e\xe0\xc6\xba_q\xb5\x18\xb1b+\
!\x0e\xd5\xf0X\xc5\x94y\x03N\x15\x1f\x8d\x04\x8b[\
\xc0\x89\x95+\xd5L<=\xd0\xd4\xc2/\xeb\xf4\xef\xfb\
\x9as\x1e*S\xaa\xf2\xa4\x5c`\xb1\xac\x03LR\x22\
\x1d'7\x17\x87\xc7\xa6\xd9>%\x1d\x1b\x1bQ\xae\xc4\
\xf3[pE?{j\xd6\xb3uo\x98nPPt\
;\xec\x89:\xd1\xf2\x86om\xac{?\xd1M\x89\x94\
r\x1a6\xfd\xa9U\x09\xd3\x0a\x82\x0e9U~-\x10\
B\x80\xe2\xfd\xce\xea\xd4\xd4m\x95\x0b\xdf\xb1|\x09\x98\
\x1e_Y\xdd\xb2cg\xab\xbb\xe3\xc38\x91.n\x07\
\x99\x1d^i\x16\x96\xear\x06\x9dI\x87\x91+\xa60\
\x1b\xab+\xf1\xfc\xda]\xd1\x94n\x5c\xf7\xa8\x08++\
\x1c\x1d\x95\xb2\xab\x82\x1b*\x8b\xdd\xd1s\x87\xe1\x0a\xf3\
R\xa1mt7\xaa:\xeb\xe9S\x0d\xbe#\x5c\x98\x22\
\x14\xd1\xe01\xc5\xcf F\xf0#\xfb\x11\x0e\x94\xe4\xe3\
\x85\xfb\x8e\x15\x0e\xab\x13\x82\x04\xca\xb4\xe6\xa5\xc1\x11u\
\x9e\x1e\xb6o\xb1C\xefT\xd0z\xa5Iz\xa5\xd9\xb4\
&\xa9!\x1dg\xc7\x83.|\x99\xb7\xe3r\xfbx~\
\xed2\xe5\xf3O\x8f.\x8f\x0f{}\x91)\xa8R\xb6\
\xdd\xe8\xc6\x9e?H\xd4a\x1b\xebn\xaf\xbc\xe5\x1a+\
6\x0a\xea\xe73\xb8lBRdJ\x1dz\xa6\xea\x81\
\x87\xcfE\xf0#\xaa\xeam\xc2 R8\x9eQ*x\
Q\xd5/+\x99\x80\xa9\x9c\xafd\xf6\xe0\xfa\xbfJ\xbe\
\x03\xbbh\xbf\xe6\x19\x1e\x1b_s\x9eT\xeb\x95\xa6\x85\
\x8eUp\x98\x9b)p\xa4\xa4\xe34%\x1d W\x9a\
{\x1b1\x81\x1e\xcf\xafX\xa6|\xf1\xc9\x1fn\xba\x87\
\x87g(S\x90o85X5\xdf+`\x88jg\
\xc3\x9b\x91\xa1\xc1\xc2\xd3(R0q\xb4\x89\x83\x0e\xd5\
\x0cH0\xbb@\xb6\xe1\xbd\x9f\xe5\xceTUQ\x93\x5c\
sd\xc5\xaf\xdbzY\x0fK>\xbe\x22\x9ft\x87w\
\xb740XJ=-_\xef\xeb\xc9\xe8\xba\xc0\xa2\xa0\
\x83H\xc7\xd1\x11\x91\x0e#WN\x0e\xb66\xe2T\xc1\
x~\xad\xe7\xc1\x17\x1f\x1c\x5c\x0e\x9epV\xb4I\x1c\
\xc3\xe9K\x91\xf1^\xca\xdbhhkc\xc7\x81\x0d\x0b\
\x1a~\x8fkU\xdb\x19U\x85\x05a\xecP\x8c#K\
6,\x82\xb8\xbfQhHU\xfc\x91\xeaT\xd0\x09Y\
Q\xfd\xb5\x18>u\xe7\x879Q\x0f;\xf2\x18\xf5\x0a\
h559L\xeb\x95-1I\x15\xe9\x00\xa7\x03H\
\xc7\xe5\xe0\xd8\xc8\x95\x93\xa3\xed\x8d\xb5X\x97\x8d\xe7W\
*S\x9e^\xfd\x85e\xca\x81\xc8\x14\x9fm\xb8\x1d\xb0\
\xb6\xf75\xe0\x88r\x03J5\x84\x1abg\x04\x01C\
\x03\x80#?\xa6B,\xc4\xc3\x12F\x11\xc5G\xaa\xfa\
\x8f\x92`\x88\x00K5\xc7\xf6\x08\xb5\xe3\x7f%\xad\xf8\
\xee^\xc9\x86\xde\xca\xa2:g3\xf5\x15v:\x8eL\
\x90\xb4{\x0cr\xe5\xa4\xb9\xb5q/~\x13\xc6\xf3\xab\
;o}\xf1\xc9j\xbf\x872ElQT)\x02\x1b\
<\xdf\x8b\xaf\x8f\x06O,w\xf7\x1b\xd8\x1aJ5\x1f\
3\xa6\xc4\xbd\x0c\x8a\x93\x1c\xe21\xf4\x1dU\x1fo\xb4\
\x8f*\xd0aM\xd7\xa9)7\x5c\x16\xb0AVV\x82\
\x01\xd3\xaf\xb8\xabe\x9d\xdc\x8e\x7f%\x9f\xf4k\x9e5\
\xa8\x05\x8b\x8b\x1cR^A\xa7\xe3\xe6\x02\xe4\xca\x81\x91\
+\xd1\xe8\x88\xe7Wgo\xfc\x9f\x1f\x9c\x5c\x1c\x1f\x1e\
_\x9c\xdb*,\xca\x94\xedm\xa5R\xdc\xae\x94\xfd\x8e\
.\xbf\xeed\xd8F5\xe8ih7t\xeaV\xa7\xfa\
\x1a\x1fP\xcd|x\xd5\x01\x12\x87\x97XbBBF\
\xe9\x16\xdb\xf0\x12\x8c\x88\xa9\x19@h\x94\xfe\xabS\x9d\
u\xe7u\x80\xd3\xd1\xd4N\x07|i\xc9#\x1d\x1c\xf7\
P\xae\xec\xed\xc7DG<\xbf.{\xe3\xa3\xc7cg\
\xc7\x14\xfab\x99b\xe9\xc6\xaeZ\x1d\xadK)2\xb0\
|\xdd\x19\xb4a\x87w\xb5\x03\xf2d\xcaA\x8c\xea\x8f\
\x03\x1d\xaf\xf1\x9bt\x85\xd7r\x111\x5c\xdc2\xee\x0a\
'M}\xde\xf1\x95\xf4\xd2\x9a\x1a-*\x16et|\
\x8d\xa4c\xcf6\xbf\xd1<\xe3T\xa1\xf8\xa4#\x95+\
\x03\x94+{\xd1\x22\x8d\xe7\xd7t\xee\x7f\xb4z\xfa\xe2\
\xf8\x98ZaA\xa7\x80\xbb\x01\xe8\x91[K\xf1\xfb\xd8\
\xd6\xb3d\xa3\x9aM\x84N\x05\xca'\xf6\xd4\xa6~\xba\
S\x0d>\xa3\xb9\x88\xf5=\xb2\xf4\xc3_\x12%\xe9\xb0\
\xaf\xb8\x09\xff\xab\x1di\x9dm\xe8\x068q:H\xae\
\x1c\x11\xe9\x80 \xa9A\x8e\xabT\xaetOMue\
w-\x1a\x1d\xf1\xfcZ\xce\xef\xee\x7fxr1\xc0\xde\
\x94#\x91)\xdbn[\x8a\x17\x14\xed\xb8u\x14\xaf\x94\
\xc2l#\x05\x90I\x97m\xdc\x96;\xfc\x94\x00\x92+\
r\x1c\x05\xe3\x18\x1f\xfe  \x8fx\xf0\x1c\x0f\xa7\xef\
\xde\xf6\xb0\xa8\xf2\x0a\xc9\x15p\x91@\x0a6Ma\x16\
\xe4J\xfa\xe5?9\x8a\xc8\x11\xcf\xaf\xe5\xbc\xf3_\xbf\
\xbc1\x9b\xd5m\x15\x96\xdd\x8d\xdd\xdd]\xa7\x06\xeb\x06\
7\x14l8\xf1P\x19\xf5g\xef\xe5\x1a\x9c\x9a\xaa\xbe\
\xa9\xf0\xf8qt\xca\xd0\xe2\x8d\xae\xc7\x88\x84q\xc3\x1e\
a\xb3\xd44\xe1\x03p\xa8X\x18\xae\x82\xd3\xd3:\x04\
:\x9a\xda\xe9\x10\xb9\xd23\xf3}\x8e\xb6\xd7\xe2`\xb0\
x~\x15\xb6\xe8\x7f{\x9c\xca\x14\xc7\xde \xba\xe1\xec\
fC\xdc\xe8p\xb6|\x87\xc7\x88\x1a\x91\xaf\xfa\xd8\xc2\
\xd9.]\xff\xbc=\xcb\xa8e\xdf\x90\xa7j\xb5\x1a\xbc\
\xb6\xef\xc5'\xe0\xf6wCN5Pp\xa1\x01\x84U\
\x95+\xf5\xac\xd2\x1d^\xd1by\x87[\x9a\xd5\xc8\xc1\
N\x07{\xa4Wg$WV\xf7\xf6cq%\x9e_\
>n|\xd4\xbc8>>\xec]\x9f(\xbe\xb1\xad\xd6\
\x1e\xd8\xf0\x86\xacq\xcc/\xbf\xe6\x95\x5c\xab\xd5\xea\xed\
\xb5I\xcd\x85\x8aZm\x8ao\xf6]\x00\x1c5\xf3\x1a\
_\x08Jj\x7f/I\xa9\xfa\xb5\x19\xadXxxi\
p\x08\xd0W<\xf2\xd8v\xc19ze\xcf\xcf\xa0\x83\
\x5c\xd9\xb6r\xe52E\x0e#W\x0e\xf6\xe6cq%\
\x9e_|9\xe5\xe4\xffNq\x83C\xe6\x80\x1b\xdb\xab\
\x0en\x00p8\xd6\x06/VR*\xa5\x1dh \x93\
\x8a\xab\xd7\x8a6\x0c9\xb2 1\xe5\x92\x88\x9a\x1c\x06\
\x8e)\x86\x0dz\x96\xd8\x88\xc0\x09\xbde\xff\xc0!\xa4\
\xa4\xea5\xbf\xe8N\xdd\xecL\xa0\xa0fi\xec4v\
|\xabc_\x93\x8e]+Wx\x9d&\xca\x95\xfe\xc0\
\xc8\x95\x93\xa3\x83\xad\xe9X\x5c\x89\xe7\x17}\xee}r\
\xf5\xc3\xf1\xf11\xd9\xa2\xfc\x13\xd0\xdb<\xcf*\xa5\xc3\
\x96\xa8\xb96\xd6U)\x85}\x8dV\xa6\x86\x22\x19\xaf\
\x11\x84\x83\xd9Bm\x8a\xaf\x7f\xc1\x0eF\x8479\xfa\
7O)\xb4!p\xa2W#\xfd\x11+[r\xc1\xc3\
_\x0bgg\x1c;QR.\xcc:i\xb0\xf4\x092\
:L\xab\xfd\xe9\xf9\xd1\xd1\xeeD\xcc\x9f\xc7\xf3K.\
\xa7|y\xfd\x22\xc5\x0de\x8bB\xc4\x1c\x8b\xb02\xe5\
K9\xa2\xbc/Zi\x94\xb6W\x7f\x9d\xf2\x06\xf1\x0c\
c\x18\xc2/j\x96gx\x8cb$2d\x1e\xb9o\
N\x85\xde\x1b\xf8\xd0\xa9,\x84T\x9d\xd8\xba3\x91L\
\xf2\x1d\xd5\x9c\x05qv\x97\xf5\xberI\xf7D\xafP\
\xf7\xca\x91\x90\x0eh{\xbb9;\xec\xc18\xd2\xed\xd8\
\xb9\x12\xcf/\x187\xfe\xc7\xe5\xe1\xe0\x98G}\xb1W\
\xb7m\xb6\xc3b\xe8K\xd3\x0d[H\xa1E\x8e~?\
J;\x13\x0c\x1d\x16\xd8\xf0A$ty\xe7AG\xa5\
\xf6\xd3\x9c,\xe9p\x1b\xe8\xa4G\xae\x1a\xe8\xc5\xe76\
\xfc\xafl\x1b\xdc\xce\xceW\xb6\x87E\x07IqN\x01\
\x15f\x0fpA\x1e\x90\x8e\xab3\xb3=a\xec\xe4h\
5\x96e\xe3\xf9\x85\x9ew\xfe\xb7\xe7\x17)n([\
t\xd7\xa1\x1bXL1\x0a\xbd\xb3\x9f)\xc02n@\
\xf9\x15\xdb_'\xfd\xee\xb5j\x88\xf7++\xc3\xf2\x0d\
@\x88J\x10!\x12x\x19q\x92[\xf1\x92\x91\xe4\xc3\
7j\x1dkFw\xb7X\xf0\xc8v\xc39s\x8ew\
vT\x81\xc5N%\xa5\x9e\xe3\xe6\x01\x99\xa4\xf0E\x07\
\xe48\xbf<<\xee\x1a\xb9\xd2\x8c=o\xf1\xfc2q\
\xe3\x7fmv\x0f{\x03\xc4\x0d\xb27\xb03\x85ZS\
6\xc4\x135\x85\x14\xbfq~=\xa7\xfe\xea\xcc\x15\x1e\
n\x85\x8a\xa1\x91\xc3&\x12\x17\x1a\x12\xfdd\x12\x80\x94\
\xe4\xefg\x1cb\x8b\xf8\xfei\xd5\x83\x12\x7f\xd5\xb5\x12\
-Z\xb1\x18/(e\x1d\xfb\x1d]\x99\xcd4\xdb\x1f\
 h\xa3\xd1qz|\xd8\xed\xbe\xba\x8a\xc8\x11\xcf/\
\xf2\xbc\xfd\xdf\x8ez\x87\x83A\xf7\xc6\xda\xa2\xdbM\xc2\
\x0d\x9e\x0d\x98\x0d\x97\xcb\xb2\x83u7Z\xdeR\xbe\x86\
\x14R\xaa9\x05W\xf2=G]\xc6\x15\x07&\xe4\xbe\
\xe2r\x13\x86\x8f$\xcbA\x92<PI\xc2(\xe3#\
\xd9\x94\x87\x1f^\xa9V\x87\xd2\xab\xecwT\x1d\xde\xb1\
c\xbd\x0e\x9c\xb0\xa8\x22\xe8.r\xc0\xd7\x1f\x13\x1d\xfd\
c4:\x9a{1\x0a\x16\xcf/\x0f7\xce_\x1c\xf6\
\x8e\xcfT9e\xb5\xa9:aUp\xc3\x9f\x09(\x15\
\xd8\xc0\xd4\xd0\xdb\xa5\xca\x83\xb81u;\x1dR\xa9d\
/zD\x8e$\xa9%\x824\x15~O\x02/>d\
\xf0\xef\xb0\x8f\xe5s\xc8\x18-\xd5`\xa9\xc5o\x87\xb3\
\xb3\xc3\xdc\x81\xa5v\xbc\xb1\x9d\xd5!\xfbW\x91\x1e\x00\
\x00 \x00IDAT\xd5\x15\x87tlS\xa2\xe3\xe4\
\xba\xf7\xa4g\xd6D\x1elE\xe4\x88\xe7\x97u\x1e|\
t\x95\xfe\x5c\x1b\xd0\xe6\x14\x83\x1b\xdb\x0en \xdf\x08\
\x8c\xdbX\xb1\x5cC\xf9\xa1z\xc4\xe7\x902\x8a\x0ai\
L\xf9\xc2\xa4\xe2\xa3\x83\xf7T\xa2\x81\xa3\xc2\xb8\x90(\
\xf6\x90\xe0\x139\x12G><\x11\x16\xe3|l%\xdf\
\x1d\x19V\xafuGy\xe8B\xcb\x8aSaQ\xb5Y\
G\xae\xa84\x98E\x8e\xb1\xde\x93A\xb7\xdb?\x89\xc8\
\x11\xcf/\x0c7>\xbc>|\xa6q\x83e\x0a\xb9\xa2\
\x04\x1b&\xb7\xe1\xa0\x06\xe76\x9c\xeeW\xbd\xa4\xc0\x1b\
\xe8\xe7\xa2\x8657nU)\xa9T\xdcG\x09\xa8\x14\
s\xdd\x03S\x80\x0b?I\x9cK\x9f\x80\x81n\xf4Q\
\x89\xfbl\xadf\x1f&\xf6#\x13\xfdG\x05\xd1\xa3\x16\
\x1eM\x96\xd9+\xc7\x82\x85K\xb4;\xb8H\xd2\x89\x92\
\xeemm\xa9\xea\x8a \x07\x17Wn\xbaO\x8e\xbb\xdd\
\xd3\x93\x83\xddFD\x8ex~9\xb8\xf1^\xff\xcf\xc7\
\x0e\xdfX\xb5\xf6\x86\xb8\x1b\x9ao\x98\x99\x13\xa1\xa6\xf9\
)\xbd\xc8`H\x92<\x5cY\xad\x04\xb1B\xe1\x85\xe3\
\x94&t\x0cx\x08p(0p!A\x80!aI\
RI\x92Z\xce-\x91?\x8c\xff\x8c\xbc8Y^k\
\x9c\xe3\x96\xe2zI\xdd\xcb\x82_CNuH\xcb\xac\
\xec\x8a<\x10\xe8\xe0\xb2\xec\x93\xc3n\xf7\xf2<E\x8e\
\xd8\xb8\x12\xcf/\x067.S\xdc\xe8\xd1\xea\x14W\xa6\
\xe8\xc4\x97\xebm\xd8\xd4F;\xb3\x0aeX7\xaa\x94\
[k9\x9c\xa2bq\xa2\x82\xaf\x14rTX]$\
\x96;\xc8#\xff\xeaW B\x18c\xef\xf9\xa5\xa6\xde\
\x13\x22!\x82\x1cIr;\xf0\xc8\xb4\xe0\x93S\x9a\xdd\
\xb1`mRf\x1dj\xdf[3\x84\x1c\x17\xe7\xdfG\
\xce\x11\xcf/\x057\x9e^\x04q\x03e\x8a\xa8\x14\x08\
\x8a:\x1b`il\xb9W{\xcd\x0dy\xd9\x5c\xb7\xc2\
\x09[\x13I,\xa9 \xac\xa8\xd4,p\xb8\xd7\x7f-\
\xb1\x97\xbdR*\xfe-\xf3\xc0\x95\x22\xcc+\xe4\x03|\
\x14\xaa)\xe0H\x86Vw\xc3\x83\xc5\xaa!\xc5\xa2R\
\xa5\x80\x1b\x9d}\x85\x1c\x01\xa3c\x1b\x8b+\xe7\x17O\
\x9e\xf4\xba\x17W\xdfo\xc7f\xd9x~\x09\xe7\xde\x1f\
\xfe\xf2\x9d\x8b\x1b8\x99XUS:~\x05v\xc5\xe1\
\x1bf\xd5\xebTN\xbeKw\xaf\x86j%\x15\xb1.\
*\xfc\xa66H\x93\xa4\x82BDJ\x22bV(\xfa\
\x10@\x8cD\x81\x84E\x1cK,,\xea\xd4\xe4\x1d5\
\xeb~X\xe34\xf1\x94O8\x1e\x12\xea\xc3u\xe6\xa5\
\xafx\xe9\x0e\x87s(\x8ft\x17\xeb\xb2M2:\x88\
t`\x14\xec\xc9K(\xcb>\xdf\x89\x9c#\x9e\x9f\x1f\
7>\xee~7\xe8\xf5N\xcf\xa5\x9c\xd2\x94\xad),\
S\x94Jq\xd6\xa4\xb8\x1d)\xe9u2Y\xcd\xd5&\
S\xa1\xc8\xb8\x80\x06\xe0G\xa5Vq]\x0e{A\xdb\
\xeb=\xd1W\xbb0\x05\xb18B|#I\xbcG\x1a\
K\x5c\x0ab\x1d\xd2D\xdb\xa5\x1e\xe9H\xc2\x86iP\
\xb3L\xe5\xd0\x0e\x81\x0e\x1a0\x88-\xb32\xc9\xd8%\
\x1d\x84\x1c\x87O\x06\xa6,\x1b}\x8ex~~\xdcx\
\xde#\xdc@\xbea\xd2\x1b\xb4V\x9a\xba\xe7;j\xe6\
\xc6\xfa\x8e\xda\xe5h\xdd\x8d\xa9\xa9\xea\x88\x19\xe5N\xbc\
\xbb\xa2d\x08k\x13:\xce\x15\xaax\x80\xe3IX\xd2\
\xa1\xf4F\xc8\xde\xcca\x1c\x9aG\xd4\xd4\xd35\xc7\xef\
P\x88\xa2\xe8\x08S\x96P\xb96\x07<\xfcM\x0b\x5c\
dqj\xb3\xdc\xf9\x96Y\x9f\xc0F\x07\x84H\x0f_\
\x02r<\x9f\x8f\x9c#\x9e\x9f\xd7\xdfx\xfe\x22\xc5\x8d\
n_b\xe6\xab\xa2S\xcc@n\x95\xf8\xd2S\x01\xdb\
+ P\xaaz\x22O\xc6\xd9\xa8\xaby\x5cJ\x98\xc8\
%W\xb1p\xc1\x8fk\xfag~\xad\x92\xd4\xf4\x95\xae\
\xaer\xbe\x96k\xda\xdc\xd4\x85\x13\x17!2\x8cC\x9b\
\xa55\x07X<J\x93X\xd5\xe3\x90\x10VVI\xa8\
m?0\xce\xc3_\xee\xc4\xf5Y\x1c\xd8\xb1>\x129\
V-r\x1cw\xcf\xfaG\xcf\xa3C\x1a\xcf\xcf\x8a\x1b\
\xab/\xbe\xeb\x01n\xd82,\xb4\xb5m\xb1-\xba\xef\
\x0e/\xb7\xceF\xdb\xedF\x196ZCK\x93\x0ay\
\xa2\x15\xa9\x99TT\xf5$1\x9eF\xcde\x085M\
0\x14\x85\xd0\x1f\xa4\x18D\xcdq,\x5c\x8d\xe3\xbfC\
N\x81~\xf9^\x88\x90\x0fm\xc9&\x8e\x91\x1a\xc8\xa9\
\x87\xd2a\xe1\x95pL:xu$'\xd0\x9d!\x1d\
)\xa6[\xceq\xfc\xf2\xb0\x17\x91#\x9e\x9f\x197\x9a\
\xc7\x86o\xb0NA[t\xd5\xb57\xecJG\xb7s\
^T\xca\x90*\x0a\xe1F\xbd\xa6\xd5\x88\x07\x19\x15\xcb\
5P\xab\xd4tY\xc3\xbd\xe0\x95\x1b\xe1\x89\x11\x1fF\
\xb2\xbeH\xe2\x93\x91\xc0\xa9$I\xf8\x03jI\x06\xb0\
4VUF\x94X\x84\x94y\x92\x85J\xb3\xdc\xbf\x22\
}o\x92\xe8h*\x8b\x14\xca\xb2'\xfd\xe3\x97\xc7)\
r\x9cD\xe4\x88\xe7\xe7\xc3\x8d\x83g\xa0S\xc8\x17\xa5\
r\x8ad\xcc\x9d\xb5\x07f\x8e\x95]v\xd0\xae\xba\xe1\
\xd0\xe1<\x03]\xcfJ\xee\xa9y\x19\x8bZ\xcd\xb9f\
\x1d$\xc8\xb9\x80\x030\xe2\x849\x12\xdf\xe5\x18vR\
\xeeQ(X*B\x7fBE\xdepE\x13\xdeWj\
\xc3\xf1\xc3Mv\x98\x05UJ\xae\x10t\xc8\x98\x0e\x1e\
d,\x81\x0e\x8d\x1c\x83'f,\xd8\xc9\xc7\x119\xe2\
\xf9yq\xe3\xe4\xe0(\x84\x1b\x1b\xfb:b\xae\x02_\
\xba#e*g\xbf\x81\xe3jh\x90\xa0\xeb\xd9\xbe-\
\xe5\x91\x90#Q\x1b\xeeq(L\xa8y\xec\xa0v{\
\x9c\x90\x0f*\x98\x9b9x\x8f\x8f\x0b\x0e\x98\x14|}\
\xe4\xa4\xd9\xb3\x9a%\x13-\xf5J,\xa2W`\xd7}\
\x87\x07\x92\x9a\xf9>6\x7f\xde\xe4\xb2,!\xc7\xcb'\
\x03\x83\x1c\xf7\xe3\xb7p<?\xc3y\xab\xf9\xec\xbb\x9e\
a\xbd\xb8SZpcWWa]\xd8h\xa3-J\
=\xb0S\xd5a\xfa\x84\x0cD\x97j$\xce\x1b\x95\x8a\
o<\x04\xa5\x84#P\xb2PQ\xf3\xaf\xe1\xda0\xdf\
3\x87a\x10j$\x88\x0d\x88\x12\x05\x86\x12|\xbbP\
\xa0\x8f\xca!/\xa1\x11C\x99\xda\xac\xc2\x8e6C\x87\
\xaa\xaet\xa4cvOu\xda\xe3\x22\xfb\x0cr\xfc!\
\x22G<?\x03n\xac~\x9b\xf2\x8d\xb3\xfey\x86o\
\xd8\xde\x14Z\x04kM\xd1\x15\x1c\x0a8\xa4\xedUu\
\xa2\xd7\x83\xf2\xc4`\x07\x99\x09\xd2\xa1\xa6K\xa2NR\
\xbc\xe6y\x0c\xf6\x12\xcd\x14Hrm\x0eO\xaa\xe4\xc0\
\x06q\x0c|\xc0O$\xfa\x960\x17Q\x1a\xc6\x0f\xb8\
'\xd9\x8e\xbcz\xd6\xf1\xf0Ca\x04\x1e*\x0d\x16\x18\
\xef\x83\xc8a\x02\x1d'\xd7\x83'\x069\x8e\xfe\x10'\
\xfb\xc4\xf3\x8f>\xef\xec>\x83z\xca9\xf1\x8dU \
\x1d\xdb(S\xc8\xdd\xd8\xc9\xd6R\xb8s\xdee\x18\xf5\
\xa9\xba\x9dM\xce\x89\x86\x00f\xb0:\xa9\xf8^dm\
\x94m\x19\xd0\x16^\x84\xcb\x0b\x8b\xbe\x1e\xdd`\xb0`\
\xaaQ\xf0@C\xd1\x11\xd63\xe1O\xc9`b\xc5\xe9\
\xaf\xd1j\xa5\xea\xfb\xa4\xed\xb6S_\xb1\x1e\xe9\xbe5\
:,r\x98a\xa4MD\x0e\xe0\x1cG\x8f#r\xc4\
\xf3\x8f=\xbf\xdbzA\xb8q\xa0p\xc3\x96Sd\x84\
\xb9-\xa6\xe02\xc7\xb6\x1e\xb8\xa1,\x8dz][\x1b\
J\xa0\xd4|\xf0\xd0\x06g\xbeB\xa9i\x87#)\x04\
\xab\x1c5O\xbax\x9ee\xed\x96HT`\xa9\x82x\
\xe0B\x84{\xd3z\x86\xd0\xc5~nVqU\x12'\
\x02\x1bX\xddb\x9d\xd2\xb6\x8e\x92b]V\xc9\x15\x0f\
9\x9a\xacV\x8e#r\xc4\xf33\xe1\xc6\xff3\xe8\x1a\
\x9d\xa2b_\xacS6\xdc\xe9\x80jx\xb9\xecJq\
\x82^\xbc\xdd\xc8Kk\xd0O\xde\x8a\xcb3*\x81\xa0\
\xc4prPs\xc9\x8136#\xa3F\xdcv\xd7\xe4\
v\x94\x83\xd4J\xa1`\xf1\xc0}\xe5c\x872Q\xad\
hq\x0a\xbb\x15\x9d\x9f\x9f\x0a0\x0fg\xde\x8f\x92+\
\x0d[\x99\x05\x87\x14\x06F;eYB\x8e\xc3\xc1Y\
\xff`<nM\x88\xe7\x1f\x88\x1b\xf7{\xdf\x0d\x06\x90\
\xdf\xd0\xb8au\x0a\x0d\xdeX\xb7\xb6(\x077ZT\
\x82\x15\xe8\x00\xaaQ\xe3^yj\x8c\xcf\xb8\x1bC\xf0\
`\xb8\x05\xc1\x8a\xa3\x10~g-Tu\xad%\xb5\xda\
hoCG\xbfT-\x05\xc9\xc6\x10\xb6a\xe1B\x9e\
\x94\xea-;\xb2\x95\xc4\x0a\x96\xa9\xdc\xfe\xd9);j\
1$W6\x14\xe7P\xc8\xb1\xaa\x90\xe3\xf4h<\xee\
x\x8b\xe7\x1f\xe6o\xdc\xef2nh\x9d\x22\xe9\x0d\xee\
M\x911\xc4m\x06\x8eVv\xa5R\x9d7\x17\xd9N\
\x14\xedi$\xec\x84\xe6^\xf7\xa3\xca\xa45W\xac\xd4\
\x82\xbf5\xd0\x9erK\xca\xc1BEI\x94\xa1xa\
\xdfQp\x1c\x8f\x82g\xac\xb0N\x93xG.rT\
M\x81[H\x873\xa4cooow\xd7)\xae\x08\
\xe78=\x04\xce\xf1\xfdt\xdc+\x1b\xcf?\xe8\xdc\xff\
\x0b\xe0\xc6\x95\xf67\xc8\xdeP\xb0\xa1\xdd\x0d\xa5Rt\
\xeb|\xcd\xee\x89G\xa1\xe2P\x0d(\xb7V*\xb7\x8a\
P\xbc\xd1\x91Q\xa1\xe1\xaa\x8a7\xc4'\xeb\x88\xba\xf0\
1\x8cb\xd8;\xfd\xbc\x8f\x1e\x85\xec\xbf\x8a\xa0\x03\xe1\
#\xbb\xa4V|\x0e\x9c\xf3#\x09t3\xa6\xa3\x13\xf6\
9\x8e4r\xf4\xce\xfa\xcdOc\xabl<\xff\x90s\
\xef\xf2\xcf)n\x5c\xde0\xdf8hJW\xdb\x86\xce\
\x8aJK\x1b\xad\x82m\xf9eXR)\xc4\xc7\xb9\x0f\
\xc5\x15(C\xe8\xc6\xadXA\xcdg\x1c\x81\xe2I \
\x8e\x95$\xe1Bm\xae`q\xca\xae\xc3\xc0#Sa\
\xb1D\xa5\x10\x12T\xdc\x87S\xc9\xae\x95\xac\xaa\x95\x0a\
m\x83\x1e+\x0a8(\x0d\xe6p\x0e\x179.\x0fM\
\xfa\xfczu&\x22G<\xff\x80\xf3\xf6\xe9\x9f\x8f\x07\
\xbd\x147,\xdfX\xddV\xb1/\xbf\x15V\x0f\x07\x9c\
\x9a\xd2\xc0\xe1M\xe5\xf1\x1a\xe4\x13\xcf\xda\xa8\x0d\xbd\x9c\
\x0b\x85<##\xff\xbaw\x06l\x04t\x8c\x13\x08\x1b\
F;\x0a\xc3nyOe\xf8\x06\x1b%V\xb6PT\
\x9d\x1c\xe2\x9a\x1dK\xa2[X\xc4 m+\xb5\xb2\xc3\
\x93\xc1\x5c\xce\xc1Q0H\x9f\x9f#r\xdc<_\x8f\
\xdf\xd4\xf1\xfc\xe4\xe7\xad1\xc0\x8d\xb1\x13\xec\xa3o\x0a\
\xdf\xd8\xdb\xd0=m\x08\x1b\xedv\xdb\xea\x94)mo\
H\xf9\xb5^\xcbt\xc9\xb3\x1bZy\x0d\x89by\xbe\
\x98\x0e\xb7\x00\x0d7|^K\x02e\xde\xdbZ\x1d\x9e\
\x10\x19\xeeo\xa8\x0f/\xb8\xc5\x97@\xe1\xd8\xf6\xe4\x04\
k\xb3\xba2K\xdd+;\xe8t\x90Z\xe1vY\xcd\
9\x109.\x9e\xbc<\xee^\x5c\xc5\xf0y<?}\
A\xe5\xdc\xe0\xc6\xc5\xf5\x09\xf6\xb5\xb1\xbf!\xb6(\xf0\
\x0d\xa9\xa6\xb4\x9d\x06zm\x89\xd6\xeb\xbcK\xbe\x12\x08\
{\xdd\xf6ZecQu\x85\x84\xc2U\xc3\x5c\xd3\xcc\
\x0cA\xaf\x0d\xed\xb61\xb0a\x1c#\x5c\x98\xb5\xff\x00\
[\xa0-$Y\xbdR\xb1>i(Jj\x1b\xdf\x10\
98\xd0\xa1\xaa\xb2{\xdcg\x0f\xd0qtrD\xb5\
\x95\xab\xb3\x97O\x06)r\xc4\x08i<?5n\x1c\
}\xfbl0`\xdcX]=\xa0:\xac,\x5c\xd2\x19\
s\xc85\xea\x06z\xc7\xda\xa8\x03\xd7\xa8\xf3\xb0P\xd7\
\xd9\x18\x81\x1dR\xceT\x97^b\xd9~\x0ex\x14\xb2\
\x0d\xb2\xb5l}\xa6\x9689\xb0\xdb@G~Tt\
\x18\xe3\x10\xb6\xa1\x90\xc3i\x8cs\x91\x83R-5\xae\
]+\xda\xa1\xf6\xbfy\xf9\xf3\x0e\xcb\x15\xb3\xf9\x9b7\
\xda\x1b\xce\x81\xe9s3\xfb<\xfd1p\xb2\x16\xe3\x1c\
\xf1\xfc\xa4\xe7\x9f_\x18\xdc\xe8\x9f\xe3zR\xf2Eq\
j\xcf\xbe\xac\xa0\xcf\xba\x1b-e\x8a\xd6\xa6B+\x94\
\x1c\xe0\xb0\xa9\xf2\x9ck\xb6`S\x9a!\xc3`\xa8R\
\xa9\xe9\x06\xd9\xa4\x96\x87\x1e.\xe3\xa8\x85\xdd\x8d\x82\x93\
\x02\xcbc\x19I\xe6\x81S\xba-(\xc2\xe1\xf4\xbbx\
\xe8\x91H\x12\xdd5I\x9dq\xe8\xd6\x22\x05\xecH\xd5\
\xca\x86D\xc1,\xe7\x10\xe4\xb89{y\xd8\xeb^\x9e\
|\x1a\x8b\xb2\xf1\xfc\x94\x05\x95\xee\xa1\xc1\x8d+\xda\x88\
~`\xf3\x1b<$\x10\x8b\xb0\xe4o\xac\xa8\x8d)2\
\xb0'\xfd\x96\xaf{\x1b\x94re\xca0\xd8P}!\
\x05\xdd\xc6^\xf03\x1b\xe1F\xd9$3r\xd8\xaf\xb8\
\x8c`\x1c\x05\x8f\x00\x15\xf2\xb4H\x80\x19%\x8e<)\
\xb8\x5c\x89\x1fx3\x82\xa4\xb6\x12\x98\x8a^\x1d\x11\x05\
\xdb3\xc3}d,\x98 \x07l\x87L\x91\xa3wz\
\xf0y\x9c\xce\x11\xcfO\x87\x1b\x17\x87\x83\xe33\x13\xe0\
\x00\x9db~I;,\xc1\x86\xc8\x14\x10*mgC\
\x1b\xc6\xbd\xea\xd6\x10e\xe4xM{\xa3\xe0\x94#\xb2\
UP\xba\xe8j\xc3\xb2\xa4\x81\x11\xa2\xb5@1\xf6V\
be\x08VX0sQB\xb5\xad$\x19\xd8\xd0\x1f\
\x97\x11,5\xc2\x8f)w>)\x8d\x22u|\x0eD\
\x8e\x8e\xb4\xbc\xc9\xa27\xe9[1\x0dof$X\xb7\
\xdf\x8c\x06i<?\xd5y\xfb\xf4\xcf\x067\xa8\x10k\
\xfd\x0d\xd5\xd6&\x84\x83\x5c\xd1\x15\xb5h\x89\xfb_e\
A4'#\xdf\xc0\x14u\xfa\xc52\x83s\x0a9\x97\
z-\x8fr\xd4\xbc\xa2l\x80q\xe4\xf5\xcb%\xc3\xfb\
\xd9\x0an\xef\x8a\x86\x07\xaf\x10\x1b@\x0d\x07:\xf4\xc8\
\xb3\xa9Z\xc0\xe8\xd0\xfd\xb2v\xb8\x0f\xd6V\xb8,K\
\xa4\x03\x8c\x8eUD\x8e>\xc69\x9eG\xe4\x88\xe7\xa7\
9o]}{|\xdc\x15\xdc\xb0\xfd)\xacS\xfc\xb4\
\xa8JoHt\xa3\xae\x96*\xd1\xd25\x951\xbfE\
\x03\xbb\x95\xff\xdeU*\xa6\xc1\xa8\x0anpOJ\x12\
L\x9c\xd7n\xc1:\x0a\xa3-P\x07\x0a\x12\xdd\xe0\xa6\
\x1b\xde\xc2\xe0\x11\xa8\xaf\xe4M&%\xb3\x03\xb0\x03'\
\xa0\xef rt\xa8\xe5\x8dwDn7\x9b\x5c\x95\xc5\
EM\x83\xde\xd9\xcd\x1f\xa2A\x1a\xcfOTP9\x1e\
\xf4N\xb1\xa0\x02i\x22\xe1\x1b\x1b\x183o\xd8-m\
\xc6\xe0`\xd5\xcd\xb0QW\xf6\x86\xb7\x0e\xc5\x19\xb31\
D\x9fH\xebz\xe6\xdas/\xc0\xbc\xa4\xe9\xed\x18G\
`\x1ci\xae=\x9a\x09qdmP\xb7^b\xbb\xe1\
\x0a\xc3\x00Ck\x1aA\x0dK;Bc\x05%\x80^\
u\x93`*D\xca\xd0Aj\x059\xc7\xf9\xc5K\x83\
\x1c\xe7O\xa3A\x1a\xcfOQP\xf9\xe1x0\xb8\xbc\
>\xc7Bl\xd3\x068\xf67T[\x1b/[R\xf6\
\x86\xf0\x8d:\xa1F\xbd\x96Y\xa4t+\x9d\xe2r\xfd\
\x92\xaaH\xe8\x86\xd3\x10\xef\xa8\x85\x0a\xb1\xbe\xc9Q\xcb\
\xd9\x9eR\xf3\x8b\xb7Y\x0a4\xd4\x11-\x14\xb2\x22%\
\x8f^\xe4\xa8\x17\xae\xab\xf0\xe8D\xa2k~\x04\xbd\xea\
\xea\x95\x156H;\xb2]\x96\xad\x0eF\x0e\xc39N\
\xae\xce^\x1e\x0ez\x97'\x9fF\x834\x9e\x1f\xfd\xdc\
\xff\x0b\x17T\x107h\xfe\x86\x9d\xbe\xc1\xdd)m7\
\xf5\xa5\xf2\x1b0\xae'\x87oTF\x1b\xa2\xde\x15U\
\xd2c\x81\xb5S\x9a\xa1\x1c\xb5\xcc\x1e\xd8 \xe5\x08w\
\xec\xd7\x92\x11[\x11F\xc65\x92\xb0y\x91gj\xdc\
N\xaf |\xd4]\xcd\xa2\xc7\xa0\xab@\xc7\x8e\x8d\x9f\
\xef\xed\xf9\x9cc\xf5\xe0\xe8\xe4\xa6\xfb]\x8a\x1c\xa7\xd1\
 \x8d\xe7G?\x0f.\x017nR\xdc80A\xf3\
U.\xa8 \xdfP\xfe\x86\x1b2\x97\x9e\x8a:\xf1\x8d\
\x8a\x9f.O*\x95\xa4r\x9bBJ\xae}\xe8\x15A\
\x03\x06f-\xd3\x9c\x9259\x86\x13\x8e|\x93cH\
C\x8a\x8a\xa3\x8d\x92$#t\x8b\xf3/q3\xe8\xb5\
@\xa6c\xa5\xba\xa2\x8c\x0e\xdb\xb9\x82\x8cc\x0b\xf3\xe7\
\x0a9\xae\x07/\x8f\x07\xdd\xeb\xe71A\x1a\xcf\x8fl\
\x8c\xde|;\x18\x9c\x9d\x8e\xa11\xda<\xe0\xc6\xb6\x0d\
hO\x91\xf1\x1b\x99\xd1\x1b(TR\xa6a\x0e\xed\x92\
\xaf\x04\x02\xe6\x95\x80\xe3x\xbb+.\xf83>\x180\
\xaf\x85g\x8b\xdf\x92p$y\xb3}\xfc\xc1<!\xa9\
\xf2#\x9cL\xa6CAG\xa6\xb6R\xb5u\xd9\x15i\
\xb37\x1e\xe9\x86\x82\x0eQ+\x07G\xe7\xa7\xc7/\x07\
\x83\xee\xcd\xe38\xd6'\x9e\x1f\xd7\x18}a&p\x18\
c\xf4@5\xb6\x19\xe0\xe0\x95\xd2*.jgoT\
\x95H\x01\xc6\x81\x19\x04\x87o\x94_\x83a\x0cC\x0e\
\x97t\x04\xd6\xa89uVw)B\x92\x04XH-\
\xcc8j\xaf\xa9T\x86\xd0\x887\x04\x0e\x9d\xe9@\xcf\
\xc8\x22G\xd5\xce\x14\xb4\xb3}\xa0\x81\x88wD\xee\xf1\
\xfcsA\x0e,\xad<I\x7f2\x9c\xc7\xe1\x1c\xf1\xfc\
\xb8\xc6\xe8\xb3A\xef\xb2\x7f\xee\xf1\x8d\xbd\x0d5\xb7\xc7\
\xe2\x86\xd7\xd6V\x07\xc6\xa1\xa2\x1bN!\xa5\x12\x9e\xa9\
\xf5:WX\xd6\x95\x0cR\x8a\xecd\xafZ\x00\x5c\xbc\
Y\xc8\xb7g\x1c\xb9S8\x86\x7f\xe2o\x82\x1bI\xc5\
\xd3+:\x0c\xe6l{\xb3Q0\x0a\xa0\xcb\xf8sC\
9\x9a\xb85\xc1 \xc7\xd5\x851H/\x8ev\xa2A\
\x1a\xcf\x8fgp\x5c<\x1b\x0c.!in\x82_\x07\
R\x88\x15\xbeaw T\x098t\x13=5\xb4y\
C\xcb\xc3\xadl`{z\xc0Q\x1a\x89\x1b\xde\xf5\x9a\
'Rj\xe1u\x08\xb5\xecj\xa6$\x8fq\xd4\xec\xde\
6~w\xeeL\xe2d\x14\xee%o,W\x94`q\
\x8c\x8e\x9ar:\xda+\xda\xe7`\x93\xd4\xee\x5c\xb1\xc8\
\x01\x06\xe9\x93\xe3h\x90\xc6\xf3\xa3\x1a\x1c\xd7\xdf\xf6\xc8\
\x18M\x09\xc7\xc1\x814\xc4B\x1f}G\xb7\xc3\xb6\xf5\
\x8aB\x9ea^\xb7\xb9\xf2\x9a\xa3Q*A\x85R\xca\
\xe0D)\xf4d\xae\xcd\x11j\x9e\x0fX\x1c\xb5\xc0\x08\
\x9f,\x5c\xd4\xfcUO\x81\xb9\xe9\xc9\xb0\xc0\xf9\x8fk\
t\x14\x82\xe5\x15\xcaud\xea+mw\xd3\x9bY\x12\
i\xba\xde\xec\xb6&\x85\x1c\xe7\xd7\x83'\xc6 \xfd8\
\xe6\xc0\xe2\xf9\xb1\x0c\x0ec\x8c\xf6\xafO\x9a\xca\xe0H\
\xf9\x06\xcd\xdf\xb0\xc3\xbe\xd0\x16u'\x04\xa6\x22E\x03\
\x87\xd6)\xe5\x80J)e\x98\x86\x01\x0d\xb8\xbd6n\
\xe8\x02J\x96q\xf8\x83\xcey\xfah\xad\x12\xd8R]\
\xf3\x1f\xd6\xf2\xd2\xa3\xe1\xe0\xe8\x08\xec(\xbd\x89\x5c\x11\
\xca\x91\xd0l\xb0\x8c\xd1\xd1\xae\xb2Z\xb1n\x07\xaa\x15\
\xde\xd6\xb4\xca;\xde\xd0 56\xc7\xd5\xd3hs\xc4\
\xf3#\x19\x1c\x90\x18=\x17ct\x15pco\x83\x97\
J\xaf\xfb\x85\xd8*}\xf3\x8aJ\xf1K)\xe5rN\
v\x83.\xb2\x12S\x8f\x122\x8d!|\xc3\xf6\x9dJ\
\xf6<\xd4\x1c\x1b\xda\x81 h\xc1kj+f:1\
.\xb6\xaee\xe7\xa0{sJk\x81\xf0\xe8\xe8\xd0y\
\x06/n\x09\x1a\x14[\x09Y\xa4\x04\x1c\xf5`\xa2\xa3\
M\xbb7\xcd\x0b!G\xc7C\x0e4HS\xe4\xb88\
\x84\xe1\x1c\xf3\xf1[>\x9e\x1f\xc5\xe0\xf8\xd6\x18\x1c7\
\x8c\x1bM\x11*\xee4so\xd6\x17\xbc\xaeI\xc4\xbc\
\xe60\x8d\x8a\xbf\x98D\xed4\x02\xbc0\xaf\x017\x0a\
\x8c\x1d#\x19\xbc\xddP\x90\xb38EO\xf7\xaa\xc9{\
*\xe6uf\xa75\xb8\xb6\xfc^\xfa\xdd\x0a\xebj\xc3\
\xe3\x1cn=6\x19\xc21Jo@=<\xe8H\xbc\
\xb1\x82\x99\x09\xe8\x94\xc8\xa3(\xa9\xa7VTi\xe5\x04\
\xc7\xfaD\x9b#\x9e\x1f\xe3\xbc3\xf6\xadI~]\x1f\
5\xad1\xbaK\xb8\xa1\xcb)\x8an\x10z\xc0\x8f\xc1\
\xba\x14Sj\xe1\xbcWA5\xa2\x944\xc7\xa0s\x1b\
\xe0\x90\xd5&\x85dt\x8f\x9b\xf9d\x083\xf4BZ\
z\x84\x9f\x9e\xc2\x8f\x1a\x0d\xc2\xa8\x04V\xbd\xd5B\xe5\
\x95\xa0?\x1a\x82\x87RF\x91\xdd\x8evh\xe80V\
\x11\x97f\xd3\x9be\x1dUU^YQ\xc8A\xc3}\
\xc2\xc81\xd6{r\xdc\x8b6G<?\xc6\xf9\x7f_\
\x0c\x8e\xc5\xe0\x90\x82\x8a\x1b4W|\xa3-\x06G\x9d\
J\xb1\xf8}\xbdTv\xf7F\xfb\x85\x94\x12\x91\x0b\xe7\
\x81\x06\x8eR~\x7f\x87Z\x89T\xc8\x1d\xddCng\
\xa5\xa6Q\xc1.}\xb2\x9f]\x82\x9a%\xb1\x04\x84\x96\
A;?\xe6k\xb7\x0f\x9f\x8f\xf05J\xb7b\x1a\xa5\
\x1c\xd2\xe1\x8e\x15\xd41R\xbd$\x92\xa6\xa3P\xf3\x8a\
\x15+\xb6m\x05K+}\xb49b\x9a#\x9e\xbf\xf7\
\xdc\xeb\xa2\xc1\xd1t\x0c\x0e*\xa8\xb8|\xa3\xaa\xec\x8d\
*\x0c\x15\xad\xd7\x048*\xf8\x93\xd1\xf56\xec \x1b\
\x00\x87R\xfe\x19F6\x84r\x842\xa3\x15\x19\x15\x9e\
\x00f$\x22D\x80yT\x04H\x88Z(\xf6\xef\xd3\
\x0fZ\xfa\x82 R\x09\x09\x96\xfc\xe0\xf9h<(\x15\
\xde\xd0!\xcd\xa9\xcb\xa2X$ '\xc6\xd1\xc6\xbe\xb7\
\x86\x15+[\xaa(kl\x8eK\xb09\x8e\xa2X\x89\
\xe7\xef\xac\xc4\x9e~\xdb\x1b\x5c\xf6\xc7\xa8C\x05\x09\xc7\
\x1e%8\x1a^=E\x80\x83\x08\x07\x87E]S\xd4\
k.M\xaf\xacr\x92\x0c\x07\x8e\xdb]IY\x95b\
\xff\xae\x1aq\x09\xf3b1\x80\xc3$\x04\x1e(_\x00\
L@Y\xd5\xea\x15D\x17R,\x89\x93=\xc1gC\
\xd39F\x8b\x95\x0cV\xdcN\xa6\xc0W\x22\x09\xfd3\
+\xb4\xe1\xbe\xe2\xb3\x8ejurJ\xa0\x83\x8a,\x1e\
rPQ\x96m\x8e\xf4\x07E\xffy\x14+\xf1\xfc]\
\x95\xd8\x1348N\x9a\xc6\x15\xd5\xc9/\x03\x1c\xba\x10\
K1\xf3)[\x85\xa5F\xd8\x9a\x16\x06\x95rE_\
\xe6\xe5\xc2\x1c\x13\x8e\xacF\xb9-p\x04c\xe6R\xaf\
d6\xcf?\x97\x132Ck\x96kH\x07\x0d\xafL\
S\xf4\xbf\x22\xa9\xb5Z\x22\x04\x85xLNGo\xc0\
\x1e\xfd\x11J\xb1\xceG\xfa[\xdf\x98\xc9\xd9$\xa9:\
\x93\x93\x92$\xe5\x5c\x07\x0d1\xce\x94V\xa0\xdd\xcd\xd8\
\x1c7Oc\x804\x9e\xbf\xa7\x12\xdb=>\xee\xf6\xfb\
\xe7ML~5\x9b\x9c4\xb7\x0d*H7V\x9c\x88\
9\x0d\x16U\xdd\xf3\x895\x15\xcae{}\x8dR(\
\xca\xe8\x08_ct\xad\x96C\xab\x13+\x1c\xcdf\xbb\
\x22Qe\x13\xd1\x1e5\xa2\x1fp_W)\xb5Z\xc5\
\x136v\x0f6=\x9b\x0b\x1e\xafgr\x84\xdfQ\x1a\
^\xbdu\xfe\xbe\xb2\xfe'\x99/~\x9d\xb66!\x90\
\x1bDo!p\x80XY\xc1nY\xe9\xb2\xd76\xc7\
\xf9\xe51\xd4d\xa3X\x89\xe7\xef\xa8\xc4^~;\xe8\
\x9d\xf6oH\xa8\x98J\xac\xf0\x8dF#[P\x91\x9f\
r4)\x82\x80\xc3\xacNN\xc8\xdb(\xa44\xc3\xf5\
DosrL\xc4$\xc9\xeb\xa4\xb7[$\xc9\xdb@\
\x09\xc2\xbe\x06\x5cbu|PW7\xf3\xac\x11(u\
x7}H\xad\xa2\xe1$\xd1~H\x92\xe4\x8d\x12\xb9\
\xad\xc9\x11F\x0eL\xbd\x0duv\xf4\xbf\xb8\x8c1\x5c\
k\x92\x1aw\xc9\xac\xbc\xe2\xf2JK;\x1dP[q\
\x0c\xd2\xd5Uks\x5c]\x1c\x1e\x0f\xba\xa7\xcd\xd8a\
\x1f\xcf\x1bWb\xcf\xbf=\x1e\x5cR%\x96\x13\x1c{\
\x94\xe0\x00\xdcX\xe1\x06\x15g\xe5R\x1d\xa6\x8a:}\
)e\xa7\x08K?\x87\xe7^\x0b8\xb2\xf1Q;\x83\
+\x83\x1b\x89\x1fS\xc5WuB\x00\x02\x85:<P\
\x14\xa4.D\xa4\x0e\x90\xe2bG\xa2\xbbm\x9cj\xee\
\xc8\xddn\xb7\x8fr\xbc\x86\x92q\xfe\xc5e\xd7!\x05\
\xd8\xa8I\xa0f\xb2\xd5Rj\x05\xc4\x0aj\x95=\xcf\
 55\xd9\x94rt\xc7\x1e\xc7\xcaJ<o*T\
~8\x1e\x9c\x19\xa1\x12\xaa\xc4fs_j\xbdc\xd6\
\x15\xcd\xfehf\xbf\xef\x96\xd0Q\xca0\xf8$\xc9\xb1\
7\x9c.:\xb8A\x15\xb6\xc6r\xa4N\xd0\x01\xbc\xa8\
nn\x95\xf43\xae\xd4\x81u\xd4\x11Q,l\x08\xbe\
(\xa4\xa8y\x0a&\xcf\xee\x18\xe5r8E\x95\xd2(\
`)\xf9\x9d;\xae/L_d\xda\xbeR\x97e\x91\
hXOV\xab\x93-\x0f9\x0cp\x80X\x81m+\
ds\x9c\x9f\xa2X\xd9\x89\x17@<ot\xde\xbe|\
v\xdc\xed\x9fbd\xf4\x80\x09\x87$8\x02\xf5\x94*\
\xfa\x1b\xf5Z\xddc\x1c\xa8\xc2\xddf6\xc9\x85\xde\x8e\
rdMR\xb16<\xecP^(\xc8\x12\xe0\x11I\
\x8dE\x09\x8f\x04A\xc8\xa8\xab%/d\xe6\xe2\x88\x0b\
B\x8b:c\x87\x82\x0f\x1dhKP\x11\x05%\xcbm\
r\xe7%\x0d\x10\x1a\x22KT\xa4\x0e\x08\x16\x89\xb78\
\x7f\x17Z\xcf\xda\x225]B*H:9Y\xd5\xa5\
\x155\xd7\x87\x16R\x1b\xe4Pb%VV\xe2y\xa3\
\x8a\xca_!j\x9e\x11*\xaa\xa0\xe2lA\x10_\xb4\
^G\xcao\x7f@\x97\xcb\x15.qHx\xc3\x06\xcb\
o\xc77<\xe0\x90\xd8\x97B\x8dJv\x18\xb8\xdc#\
\xcf \xfe t\x1e(F\xf6\x00\x98\xa0\xbf\x8b\xba\x85\
\x1dTA\x1e\x8bJ\xc9\x08\xa7\xf45\xdacK*5\
[\xc8K\x93&\xa1\xce\x95\x02\xfd\xcb\xcb\x96\x10A\x8e\
\xc6\xc6H'S\xbaQ\x9d\x94\xaa\xec: GG5\
\xadX\x9b\xc3t\xd8\x9b}\x09Q\xac\xc4\xf3\xa6B\xe5\
\xa2\x7f\x0aB\xa5i{\xe9MO,\x07F\x015`\
\xf8\xc6d\xcb\xd6S\xcc\xe0\x1e\xdf\xe1(W\xfc\x85\xd1\
\xd0\xf2\xfaz\xc7\x97\xf7\xc1\xc5\xee\x92\x07%\x94\xa8\xd4\
\x884\x08g\xa8\xe3Ee\xcelz\xcb\xa0\x86~\x0a\
!\xa7R\xc1\xc1\x87u2B\x5cgDb\xa7I\x12\
\x8c\xc5&\x85!#\xcd\x94q\x83\xc4\x8a\x9b\xfb\x0a\xa5\
a\xb1\xd2R)\xf8U\xb0\x1ep\x05-R]\x975\
\x08/q\x8e\xf4\xbf\xcf\x8c\x13\xe4\xe89\xaei\xb2b\
\xe5\xb8\xd7\x8d\x95\x95x\xdeP\xa8\x0c\xce\x8cP\xa1J\
\xac\x9e\xf9\x05\xc0At\xa3\x8d\xe9\x8d*\xaf\x85u{\
\xe8\xc9\xa7\xccn\x15(\x14^\xa3\xa8\xe2TV\xdc\xe8\
FAV2'I\xe2\xb6\x99\xd8\x0c\x86\xad\x99\x00\x02\
\x08Z\xcc\x1aK#}5\x8b\xaf\xcc\x1b5\x0b\x1a\xf4\
Q\xf0\xaf\xe1\x11f\xe4zX\xcb\x94\xf3 I\xc5\x89\
\x9c\xbe\xc1 \xc4RI\xc0\xb4 \xc0Q\xd0\xff\xee\x92\
\x97\x05K\xca\xaeA\x9a\x12\xbb\xb2\x9b#\xadcm\xa5\
\x8a\x99\xbc\x16S\x8e\x95\xb6\xf4\xd8\xeb\x8d\x09J\xac\x1c\
\x0fzQ\xac\xc4\xf3&B\xe5\x0a*\xb1\x22T`X\
 -\x89E\xc2!\xb9/\x8e}\xa1\x8d\x1f^\xcb\x86\
\xc9p\x0e]\x14\x92\xb9|\xd4(\x94\x82l$PN\
\xc8x\x1b\xc9R\x22\x80a%\x0a\xd5Q\x800XH\
H\xb1b\x16)\x07\xdd\xf1Ke6$]\x0c^\xcc\
\x8akj\xfd\xd3J\xa6\x80\x13\xec\xc6In!X\x5c\
QV\xb29\xfc`\x85\xa5\xe4\xd7e\x0b^\x10\xacR\
\xd3je\x0aK+\xadV\x8a\xf4B9\xa0&\xcb\xf9\
\xd1m%V\xc6\xba)\xe5\x88b%\x9e\xd7?\xf7~\
8\xee\xa1Pi\xaa\xc8(.{\xd4BEM\xfb\xa2\
\xb5\xb0\xe9E\x83\x97\xc1fz+mnf\xaf\xfd\xd2\
\xdc\xeb\x8a\x14\xcf!\xf4\x08G\xc5\xb2t\xcf\xd9@G\
\x82\x9cM04\x90QT\x100\x0cx\xc0\x0d\x89\x07\
=\xac\xcfV\xd4M(\xc8\x12\xfc\xc6\x0a\x97_\xd8\xfa\
@\xda\x91\x04\xa4Kf\xd0\xc8(\xea\x91EP\xedx\
8.*?\xf4\xa2\xf6\xe5r\xd9\x19\x81^\xa9\xf1(\
A\xe4\x1c6|\x8e\x95\x95FC\xcf\x03[\x95\xe8\xf9\
\xf9i/\xa5\x1c\x97Q\xac\xc4\xf3\xdaB\xe5\xd0\x08\x95\
1\xae\xa8\xac\xae:\x95\xd8\x1d\x077\x9c\xfcF\x0a\x1b\
)Z<*\xfags\x19 dS\x17J\x0a\xf6G\
li\x94\xe3a\xaf\x97ls\x0aY\x0cK\xfa\xf2U\
h\x81\x90Q\xafi\x11\x02\x10\xc1\x94\xc3;u|U\
w\x0c\x10|\x0f*\x16\xf8\xa3\xe4/\xa9\xd59r\xea\
\xac\x8a\x09\x94\x9fo\x8f\x1c\x05FK]U\xca\xe3\x1d\
\xb6\xeb');\x00\xca\x16\xef\x94\xa0\x87i\x0c\xb0.\
\x87n\x9455\xd9UW\xac\x9c\xf5W\xe3\xba\x84x\
^K\xa8\x9c\x7f;\xe8\x9e\xf6\xfb'V\xa8\x00n\xc8\
\xf0\x1e\xc6\x8dIY\x9dB\x91\xd1\x14767S\x9c\
X\x16\xc4X\xe6\x83\xf8\x01\xc7\x02\xc7\xeb\xa5GuZ\
\xd4\x9dJ\x11\x08}I\xd0\x0b\x88\x82\xc0\x06\x1a\x1a\x8c\
\x10\x80\x1bS\xe6\x85^\xd5\xcd\x83:< H\xf1!\
\x04W\xc4\xd0\x1f[\xe12KM\x1a[\x12\xdd\x9c\x93\
Y\x7f{\x1b\xe8(\xe8\x91\x02\xb6\x18\xadh\x08+\x99\
\x12fS\xe7l\x864\xf1\xd4\x8aDH\xa7(B\xda\
\xe2\x04\xa9Y\xb9\x82S}\xc4\xe6X\x15\xb1\xf2\xff\x19\
\xb1rq\xb5\x16{V\xe2y=\xa12\xb8\xbc>\xbd\
r\x84\x8a\x83\x1b+6f\xce#\x02\x0d\xe1\xa8$\xa5\
M\xc0\x87\x94a\xa4P\xb1laC\xce\x02@\x88\x96\
0\xb7\xa4\x1c\xfe\xbc\xde\x02eQ\xd3\xd7K\x9a\x9eW\
l\xd9\x15\x17\xba\xd4\x5c\xc7\x13\xc1\xc0|\xd2\x88\x10\xe6\
\x05\xce\x14\xbf\x9a\xe27\xc9\x03\x91\x07\x0ev\xe0\x9f.\
\xd5\x9az\xa5\xe2\x0c+\x0a\xb9\x1d#\xe4\x8ae\x1a\xa1\
\xaf\x06\x0f_\xf5\x92ae\xc0\x8b\xb9\x021\x0e\x83\x1c\
V\xb0\x90AZ\xb7U\xd9IrH\xb1\xdfmGS\
\x0eiZi\xa6b\xa5?H\x91\xe326\xd8\xc7\xf3\
\x1a\xe7\xad\xd3\x94p\xf4\xfb\xd7\xd0\xa3\xa2\x0c\x8e\x0d\xaf\
\x12\xdb\x92\xa1\xc45\xec\xa1G\xdcXNe\xc9\xf2r\
i9t\x16\x16,\xfdx-\xe8\xb0Ka\x99p\x94\
\x89f(vn\xcb\x1e\x04\x1e\xde!\x121\xc5\xf2\x04\
\x10b\xd2\xfc\xaaO\xce\xf2\x0d\xef\xa6\xf8\x03\x09?f\
\x19A,|\x18\xcbDH\x07\x87<j\x95\xcc\x84\xd5\
[\x93\x0e\xd5\xcf\x17J\xb1\xb8\x9cCu\xbd\xb9\xd8T\
v-R\xf8\x8f1\xd6\xe8\x14\xe2\x86\xcd\x9e\xb71\xcd\
A6\xc7.\xa59P\xac\x9c\x9c_\x1c\xf6zg\xd7\
\xcf\xa3?\x1a\xcf\xad\xcf\x7f\xfe\xd6\xac_\x82\x08\x87\x8d\
~\xc1\xf0\x1e\x9a\xf9\xb5\xe2\xb7\xb5Av\x03p\xe3\x11\
\xca\x93\xcd\x0c\xcd\x90\xd7\xa0^\xe8\x955OG\xf1\x8d\
r\xe2\xd6\x10\x90o\xf8?\xde\xf1Ja\xc8\xa8(\xae\
\xc1\xaa\x83y\xc5d\xfa0\xc5\x87Iy\x8578\xb3\
\xf8\x08>b\x96\x94L]\xf1\x8fY%Y8RV\
\xe7>\xdb\xba\xee\xac\x0dcG2|\xe8F\xe6\x0bR\
p\x80C\xd4\x0a{\xa6I\xe2\x86\xc1\xca\xe5\xb2\x82\x0e\
#\xd2PJV\xd5$R\xc9\x81\xf1\x96&\x8c\x81m\
\x03r\x80X\xb9\xee\x19\xb1r>\x1d\xc5J<\xb7<\
\x0f\xfer<\xb8\xb8>\x85\xe9=^dT\xb5\xa8\xd8\
\xb1=\x982\xaf\x8bN!}\xb2Pb\xda\xa1a\x83\
\xee\xd3\x0fZ\xc0;R-\x85\x11\xb8\xa1\x07\x04\xc2\xf4\
\x1f\x8az\x93\xb7\xb1D\xaf\x96\xc4\x19u\xa9\x86\x18\xa1\
uD\x0dD\x06\x86\x8c:C\x06\xe3\x08\xa2\x87<0\
/\x80\x1d\x93l\x8b\x08x\xf0#vak\xb6w\xae\
f\x9be*\xafSb\xc9\xfdr\x14\x0a\xca'\xb5\x1e\
H\xc1]\xefb\x94\x8b\x82\x0eW\xac\x80+\xd5\x22\x87\
\xb4m\xa7\xfaP\x80\xd4\xd6d\xcd40\xe3\x8f~\x1f\
\xc3\x1c\xf1\xdc\xd2\x19\x1d\x03\xa1\x82\xce\xa828\xd4n\
i\xd1)\xc86\xeaJ\xa7\x80\xc1\xe11\x0d\xff\xcd\x05\
b\x1cl\x98\x86\x1c\x8f\x8c\xbb1\x97\x14d\x1c:\x94\
\x1d\xdd\x8c(\x5c\xaa&\x84!\xd9p\x05\x1a\x5c(\x99\
\x9a\x9d\x15j1\xcbX!gV?\xe4\x8f\x10\x801\
\xc7\x00\x0c\xdb\xa9\x0c\x19\x06H\x90\xe5\xa8\xf9\x82\xac^\
\x92\x9cdG.\xed(\x0d\x03\x0e\xc7\xfd\xb0\x8eH\xc2\
\x0d\x7f\x84\xac\x86q\x18\xb7\x83=\x1f\xa3\xdf8\x08f\
`\xa3\x95\xfeK(B\xcab\xc5\xc6\xc0$@zr\
\xd3=L)\xc7\xcd\x1f\xa2X\x89\xe7V\xe7\x9f\x7f8\
6B\x85\x9cQZ\xbf\xc4\xbdm\xd6\x18\x9d\x9c$\xba\
\xe1\xe0\xc6\xf2f\xb1\xb8<\xf2\xe8\x8f)m\xa6/\x0a\
:\x02\x18R\x98+\xcc\xf1\xe5\x81\x5c<\xebAVL\
\xf6\xb32\xbb\x94\xbe\xae)\xc2A\x178\x88\x0d\xe6\x15\
\xb3.H\xdc\xe60C\x99%4\x99\x15\xd74{\xa8\
/\xa6\xe6\x8ev\xa7\xb9B\xa3\xab\xb3C\xc9W\xa8\xf2\
\x22J\xc5\x01\xd6rEu\xda\xd7u\x12l\xb2%\x06\
\xa9mZ\x81>\xd9]A\x0eh\xb0\xef\x9b\xe4y\x0c\
s\xc4sKg\xf4\xf2[\xd3\xa3\x02\x99\xd1&g\xcd\
7\xacPY\x81q\xfb)nL\x8a\xbd\x81As\xe4\
\x1bXH\xc9\x01\x8f\xa28\xa3\xf2\x11E|)-\xe7\
\xb3\x0en\xa2/\xd3\x85Q.'\x15\xd7\x16\xa5`\xe7\
\xec\x12\xa6\xb6j\x12\xda\xc0bj\x9d\x89\x06y\x9f\xb3\
\x01\xdch9w9\xe8!\x16H\x8aA\xcc:fg\
]\xf8\xa8\xd5$<B\xbc#L;\x0aCh\xc7\xb0\
,\x0b\x8b\x15\xfbT\x92\x94\x0aNF\x15\x95\x8a\x1a\xed\
\x03>\xee\x14\x03\xfd$\xf8\xa3\xad6\xcc>W\xd1\xf3\
=\xa7\xdb\x0d64\x0d\x8c?\xfaV\xbc(\xe2\xb9\x95\
3\xda\xed_CfTE\xbf\xf61\xfa\xc5-\xb1\x86\
\xf0V\xdd\x8d\xd2\x85M\x88y\x05\x94I\x88p\x08\xb2\
\x98\xc2\xada)\xc5\x92\xd1,\x01\xce\x019\x056\x00\
\xf1\xa2H\x82Qo\x86\x8dY\xcf\x0d\x95\x9aI\x10.\
Z\x08\x16-|,w\xf4F\xbe\x98\x99d\xe3cR\
\xb4\x90\xd4k\xa99F\xcf\xfd\xa9\x85\x8a\xb3\xf9\xa4\xc3\
\x1f(\xe0\xd1\x0dG\xcb\x98g\xcb\xb2U\xa6\x90`M\
\x16\xf5\x8ac\x91\x02\xe9\x98Lo\xa9X1\xff\x81j\
\xd5\xca\xfe>\x89\x15\xa7\xb2r\xd3K\xc5\xca\xe5y\xa4\
\x1c\xf1\xdc\xca\x19\xed]\x5c\x9f^g\x9dQep\x98\
v)\x9eJL\x937\x0a\x9bN\xda+\xf7PeE\
q\x92\x94m\xa4\xe0\x01\xd0\x11p;\x0a\xc6\x17\x85\xbc\
B\x81;\xb9\xa4\x13U\xb0#E\x0b\xc9\x88#\x03`\
\xd4\x90rI]\xd1\x8c\x96`\x86\x86\x8c\xd6\xa4B\x11\
\xf95\x84{\x10}\xa9O\x02lLY\xe0\x00\xcb\x03\
\xf7P\xd5+\x95Z~\x1fK\xa1\x10\xec\x81\xcb)3\
\x05\xb8\x88\xed\x89\xa3\xc1\x11I\x9b\x15\x00\x00 \x00I\
DAT\xcf<\xad\xb0\x0c\x0e\xa9\x9a\xec\xa3\xd4J\x15\
fs\xa8\x16{\xce\x81\xb1?\xcab\xe5\xfc\xf4p\xd0\
\xbd\xb8\x8e\xfeh<\xb7rF\xcf\xc8\x19\x95u\x08T\
\x89\xa5!\xa3N%\x16;\xc0\x8c\xc1\x01\xb8\xb1\xe9\x22\
D>\xe5\x80l)\xea\x14\x14.\x9bX\xc4M\xc1#\
SN\x01\xd4(\x17@\xaa\x98\x0b\xa2\xe2\xa6D\xd1\x15\
]b\xd4\xb0T\x03\x80#\xcc\x16Z\x04\x0c-\xf5h\
2\xfdA\x8c/\xf84=\x93#d\xc4.\x01\xe4\x00\
\xdb\xd5\xb2\x0e\xea\x0f\xc6tX\xad\xee\xe7:*\xee\xb8\
\x8edd\xd3\x8a\xd2)a\xc7T\xf7\xff\x95\xb1dS\
V\xc8\x81n\xb1\xda\x0f\x09\xff\x18k\x90\x06*+H\
9\xba\xc7\xbd\xb3\xcb\x98\x1f\x8dg\xe4\xb9\x87\xce\xe8\x0d\
N\xe1h\xd2\x14\x8e}\x99\x16(\x91QnO\x81x\
f\xa5R*j\xe3b\xc1\xf14\x16\xe8f_\xc4\xdc\
0\xb7\x92\xc1\x0bH\x93\x9a`\xc72G\xd2\x85\x9d\x1b\
g\xd4\xd4_\x0bP.@\xf1\xbeTqb^\x88\x1a\
K\xb3\xe6\xc5\xc6-\xec%\xee\x9b\x1a\x1a5Z\xa3\xce\
d\x9e\xfb1\xcb\x95\x99Y\xed\x96\xce\xaaTz\xa5\xee\
u\xb1\x84XG\x96s\x84HE\xfe\xf8\x12Lt\x94\
\x93\x82^\xbe\x0d\x9c\xa3\xec\xf4\xfdq\xf6|\x12\xcb\xb2\
\x93*\xcc\xe1\x22\x87\x88\x15\x93\x1f\x1dt\xcf\xfaG\x91\
r\xc43\xfc\xbcs\xfam\xcf\x10\x0e\xc7\x19U\x11\x8e\
T\x13\x1b\x8e\xcb:\xa5\xc6)\xa8\x8cP\xb1\xa1\x8d\x85\
<\x9f\xb4\x88\xb8\xa1\x1b[\xd2?\xa5Tt\x81cN\
dJ\xb9\xc0\xb8\xe1\xd2\x0d\xf16\x82Tc6[v\
m\x01\xaf\xb0\x12e\x04lh\xf4\xc8\x98\xa9\xb3\x8e\xe9\
\xe1D<\x186\xea\xd9\xb1\xc9\xa1d\xc7Pst\x98\
aj!V\x22\x22fl\x01|\xb1\xac\xcb\x01CE\
j\xba\xc5~\x92\xd3\x1c\xebZ\xac\xc0\x1cA\xeaY9\
8\xb9\xbaH\x81\xe3\xf2j+\x96d\xe3\x19\xee\x8c\xbe\
\x18tO\xaf\xfb7f\x91\x0a5\xb7\xedq3}C\
\xe9\x94\xaa3\x97\xb8RFc\xb48\xcc\x13\xb5tc\
\xc1e\x1cH5\xe0\x17w\xc19\xf5\x949\xa0\x1b\x94\
kJ\x9c!\xc1p5(\xd4\xe0\x1f\xfaS\xc21B\
eW\x92!_Xt\xf8\x22\xe7\xe4\xf3\x0f\xed\x92\xa8\
l\xc8$%S\xb1\x94S\xc7\x8a\x06i\x96\xda\xd0\x99\
\x1d\xb7\xa9\xaa\x0c\x05\x0f\xeab)\x03j\x14\xc8\x1eU\
\x9c\x03G2\xdb\xe9\x1c-\xc39\xa8U\x16\xf6%t\
\x9cu\x09D9\xae\xbb\xbd\xb3\x94rD\x7f4\x9ea\
\xe7\xed\x8bgF\xa8\xe8R\xec\x96\x1a\xfa\xb5\xee\xfb\x1b\
\x9c\xe0\xd8$\x83c!\x94\xd4Xpy\xc7\x82\xcf8\
\x96!\xfd!Y0s3\xd1\x0d\x09p\x90\x09Pv\
\x93\xd4\x12\xdeX\xa22\xac\xca\x85R\xe2\x13\xefZY\
\xbeaY\x86\x85\x08\xff\x06\xb8\xc2\xf0\xa1 dT\xc1\
\x16\xadYJ\x87\x09\xf7p\xda\xfdG\xea\x95Q\x19\x8e\
\x00p$\x94\xff@Oh\x8e\x90#Qq\x0e(\x13\
\xd3\x92\xb7:\xda\x1c0\xd7Gw\xd8\xef\xed\xed\xed\xea\
6\xd9\x83\xa3\xab\xcb^\xef\xec\xe2&\xb6\xac\xc43\xec\
\x9c\x1bg\xf4\xfa\xf4j\xd5\x0a\x15\x22\x1c\x0en\xe0r\
X\xaa\x1f\xb0\xc1!\xc9\xaf\x85\x9c\x82\xec\x82~\xb3\xa8\
\x19\x07\xf7\xd3n.oJ\xdb\xbd\x1d\xef]6\x84\x03\
\xaa\x04I\xd9\xf1EM r\xc9Q)\x5cF\xe1^\
5\xb66\xc9\xfb\xb4\x97\xbe\xa0F.\xd9`<\xf1\xde\
h\xb5\xc46\xcd\xda\xa5\x9c2\xad\xdbt\x18\xbcrf\
\x929\xd8\xe1\xcfH\x1b\xaaV\x86%<d$\xba\xd9\
\xab\x09\xbc\xa3P \xe8(\xdb}\x96\x86r\xd4y8\
\xac\xf9\x9c\xab<\xf4\x5cw\xd8\xa3?\x8a\xf9\xd1\xf3\xb1\
\x8b\xe3\xb3\x8b\xd3\x98\x02\x8bg\x983\xfa\x17pFM\
)\x16\x9a\xdb \xfa\xb5\xbf!\xe3\x89M!vR&\
\x9a\x93\xbfQ\xab\x15\x8a\x8a`,\x84%\x8a\xdb\xa9\xe2\
2\x8e\xe5M)\xac \xe1@\xec\x10_4\x11\xe2\xbd\
\xe4\x067\x9c\x0a\xac\xb91\xcb\x08\xe7B\xb5\xa5\x91\xc5\
\x88E`\xed\x8b\xf88\x04 -zqDK\xd02\
5\x7f\xbf\xe4\xdc\xed\xf8\xc1\x8c\xdf\xe1\x8c\xfb\xf1\xab+\
\xe1\xe0}P\xa5lJ\x04\x9d\xff\x90\xb2)CA\x90\
\xc3\xe0\xc6\x92\x93\xe6\xa0\x03\x95\x15\xb09V\x8c\xcd\xb1\
\xb3#\xddn\x22VLI\xf6\xeat08{u\xd3\
\x8c#}\xe2\x19V\x8a\xbd\xe8\xd3\xbc@+T\xd2o\
(jn\xc3\xe4W\xd5&\xbf Z\x0dB%\xd8\x0a\
\xbb\xa0\xbbS\xdc\xc7\x8e\xc7\x01\x16\xc7&\x04\xc0\x003\
\xcc\xaf9[a\x9c+`\xf3E\xd9\xcd|\xd5\xd9\x16\
\x9d\x95R\xa8\x9b\xf2j\xf9\x0a%\x075\x00&R\xcc\
\xe0\xf3\x85B\x8fE\x0fGZb}\xb0\xbf\x9a\xf9\xeb\
X'\xd5\xbdv\xb8zH\xb0$y\xa4#\xe3\x87\xe6\
\xe0\x89c\x09\x95T\xac\x0c\x80\xc3\x8c!-+G\xa8\
fC\xb5\xc09`I\xd3J\xa6\xdbM\xc6\x086\x0f\
\xceo\xce\x06\xddW\xfdH9\xe2\xc9=\x0f~8\xee\
\x9e\xe2`s\x18\xfb\xb5-\x99\xd1\x94pH\x8b\x8a\xea\
\xa3\x87\x1f\xa2\x90\xe0\x08\xf6\xcfgI\x88\xf2:\xc4\xe0\
0\xe9\x0d\xb086\xc5\xe20\xd7\x02\xf9\xa2\x85B\x85\
\xe3\xa2KKew\xd4\x86\xc37\xa4\x90\x12\x88\x87*\
\x83b1\xcb5\x10+\x081\x163\xa7\xfdE\xdb#\
\x1f-\xdf5\xcd\x16[\xa4\x0alg\x0e\xf2\xf4\x9f!\
\xa5\xd9\xc20\xce\x91#a6\xd5L\xb5\x12m\xd6\xa4\
\xbe\x1et\x85\xca\x1a9H]\x22r\x18\xb1\xc2\xa3\x04\
\xc9\xe6\xd8P10\xf2G\xaf\xfa\x83^J9Vc\
\xf0<\x9e\x9cRl\xff\xdb\x9e!\x1c'\xabv\xec\xd7\
\x06\xedQi\xec@+\xbd\x11*S\xd6\x1a\x85\x9cS\
!\xc5\x8d\x85\xa0Nq\xea(\x0b\xcbY\xad\xa2)\x07\
u\xc92\xe1\xa0j\x0a\x94S\xcaK\xa9HY\xca\xe8\
\x94\xbagn\xd8\x5c\x85\xbe\x82\xc9\xd5\x08\xea\x13\x83\x13\
\x01\xa8 \x08\xb1\xb7\xc5\x90x\xb1\x8eIk2Hr\
\xb0\x09\x1f2\xe9\xb3\xce\xc2\x05jh\xc9+\xb0\x0cE\
\x8e\x00l\xd0DF\x0e\x89\xcd\x158,Gu(\xad\
\xf1\x9c\x11%u\x85\x1cj\x04)#\x07\xf5\xd7\x9f\xa4\
\x94\xe3\xec\xec4\x06\xcf\xe3\xc9+\xc5\xfe`\xba\xe9O\
\xc7\xa4Ie\x1b3\xa3\xfb\xd2\x13\xdbje\x0a\xb1\x90\
\xe0\xc8\xab\xbd\xe6<\xb7\xe0\x03\x07\x8c\x0c3\x84C\x1c\
\x0e\x16*I\x19\xd3\x1b\x069\x048\xcc\x83\xfa\x12\x96\
R$Z\x1e\xa0\x1a\xae\x15\xda\x0a\xa1F\x1864|\
(d\xe1\xdf\xa3\xc1cR\x17[Z\xb6Dk\xdd\x96\
l#\x5c\xc5\xaf\xb4\xe4TfG\x0fH\x03\xdc \x7f\
\xd9\xa0m\xa9\xe4\xee\xe2F\xdcHt\xd3J\xcd\x9a.\
S\xf0e\xe3\xe9\xc5\xeb\xbcPvc\xcb\xf1G\x8f\xce\
\xfb\xa6\xb0r\xdd\x8c\x85\x95x\x82\x84\xe3\xd2\x94b%\
l\x0e\xdd\xf40f\xb4!\xc0A\xb3\x89\xa7&\xed\x9e\
\xc7$\x80\x1b\x0b\x19\xca\xb1\x90}\x9f\x8b\x1aE\xeb\x8b\
\x1a\xab\x8fp\x83~\x5c\xa6*\x05K\x03K\x8c\x1e\xb4\
\x17E\xc2\x1b\x93\x99&6kCdPc\x91\xf5\x89\
\x7fff\xd2_\xe9\x8d\x1f{ \xc2\xe8\xe1\xe9\x16]\
\xdee\xf0\xb0\xcc\x03\x0b\xb4\x9eQj\xb8\x87\xb3\x95;\
\xc9\x0e\x18\xbcM\x9c\x03\xf9\x06\xd4\xbeK\xd4!\xc8\xe3\
\x8b1\xcb^\x16\xe4\xd0\xe3\x8bk2\xf4\x1d\x0c\xd2I\
\xd3\xef\xc6\x9b\xa8-\xe5\x10\x7f\xd4\xa4\xc0\xce^\x9d\x9e\
\xffs\xbcF\xe2\x09\x11\x8e\x17P\x8a\x1d\xa3\xcdm\xdb\
\xbaI\x05\xa3_z\x17B\x9d\xf6\xb5\x95r\x1a\xdb\x16\
BC|\xc2\x84\x03;W(\xfc\x05\x84c\x0e\x81c\
\x0e\xdb<\x13\xa6\x1b\xe9+x`\xd8\xf6\x12\xfd \x9f\
\x14sc6[A\x091\x8dE\xf64\xbeP\x80\x91\
\xc2\x84yY\xa4{9\x8b\x8b3!\x22\x128\x93R\
n\x99T\x19u\x9d_\x95\xd2\x8f\x95+5\x97tT\
2\xcd+#p\xa3\xb4\x093\x93Lj\xdf\x84\xf6\xc9\
%u\xd8\x8b\x88\x95\xb2\x8b\x1c<]q\x16\xfadM\
\x9ec\x11\xba\xdd\x1alsX\x97\xc3L\x11\xec^\x5c\
\xde\xc4^\xb7x\x02\x07\xb2_\xd7\xfdS$\x1c<\xf6\
\x8b{T@\xa8\x18\xdc\x98\x9c\xb2M*5&\x1c\x0b\
\x01[#L9\xdc \x87\xceq\xd8B,\xe0FY\
\x11\x8e%d\x1a\x066R}\xb2\x84\x1e\x1f\xfd\x18\x0f\
E\xca\x95\x1b\xea\xe54\x16=u\xc2\xf8\xe0\xdc<\xe4\
\xc0;\x87\x82\xf8\x96\x07\x16k'\xbf\xa0\xd8X\xcbq\
<fu3\xcb\xac3+\xdds:\xb2re\x04\xdf\
(\xd1\x085$\x1d\xcb\xc5G\x9bh\x85$s\xbcj\
\x85\xbe\x84<\x0f\xcc\x0e>\xaf\xd0j\xa9z\xdd\xec\xb8\
h\x03\xe7\x10\xb1bJ\xb2\xdb\xdb2\x7f\xf4\xe4\xfc\xa2\
w\xf6\xaa\x7f\xbe\x17{\xdd\xe2\xc9\x9c\xff\x09]\xb1\xa6\
\xbb\xcd\xc9\x8cB\xf6\x0b\x08\x07\xea\x94V\xd5\xa4\x87\xea\
\xd4-.Be!c\x8d.\xe4\xbd\xbd\xe0\x1b\x1c\xcb\
\xb4P\xa1\x88|\xa34\x87\x84c\x8eFJ\xa4\xb7%\
\xd2)(V\x96*u\xf6\x0d\xfc\x96W\x1f9\xc2\xc5\
\x13\xcd3\x04+\x5c\xc0\x98\x99\xb7\xd8\xa1\xf9\x88\x22\x1d\
\x0e\xf5hq\xc2\xf4\x8bl\xa1\xc5~\x96\x99a\xc7\xb5\
\x0c\xeb\xf0\x0a\xb3\xc3`\xa3\x08\xfeF\xc9\xd0\x0d\x1e\x9f\
T\xa4\x8d5\x05n\xd8\x87E+e'\x04\x83\xbbp\
\xed\x14x\xe8wk1rX\xb1\xa2S`@9\xae\
\x22\xe5\x88'K8\xfe\x02\xa5X\xe3pP)vw\
K\xc6\x05\xaeKEe\xaaZ5\xa9C\xfe\xc6+\xf9\
#8\x02\x96F\xa8\xa2\xe2\xd5T6\x97\xa5K\xc5\xf0\
\x0d\x077\x0c\xe1@Ktv\x09\x19\xc7\xac\xe9\x86%\
\xe0pDJ\xcb\xe1\x1a\x99\xac\xc6b\x065\xf4\xf9S\
\x0a\x16\x7f\xd2\x981o^\xe6\x19;\x16\xffD\xd81\
\xa3M\x8fL\xb5\xa5\xa5L\xd3@\x98\xc4\x0e;\xb6+\
\xad\x87mR(\x8c\xf07\x96\x8bzh\xbc\x19\x8b\xb4\
\xc9\x9b$\xca4b\x8cF\x17\x9b\xaf\xa3\xd4Vj\x15\
^#\x01y\x0e0H[8Hp\xa7\xd1\x80\x9e\x95\
=\x95\x02[=\xb9z\x95R\x8e\xeb\x93\xddH9\xe2\
\xf1\xce\x7f\xfc\xb6wq\xcd\x84C\xcd\x19m \xe1\xc0\
\xe8\x17\xcc\x9e3-\x96\xb8\xf7\x10*\xb1\xc5`^t\
!C9\x16\xc2\xb0\x81t\x83j\xb1H86-n\
\x18\x95RVL\x03\xf0\xa3RQ\xb0\xe1\x92\x8eV\xc0\
\xd8\x10u\xe1\xc8\x93\xc5\x19\x07;\x08%\xf0f\xef,\
v\xb8\xc7b\x87@\xd2\x17\x18\xf7\xc0N\x17\xc4\x0e\x7f\
\xf2\xcf,\xcd;v\x87\x95\xd6\xde\xd0\x22E{\xc3\x22\
7\xa2\xc8\xe6\xa6\xccZ4\x95\xd9\xb2M\xdd:\x83\xcf\
y\xc8\x10 \x87\x1d^\xbc\xb2\xc3b\x05\xc7\x08\xd22\
\xd9\x94rtM\x93ll\xaf\x8f\xc7'\x1c]C8\
\xa0\xa4\xb2\xcaM*XQ\xe9`S,Tb'\xb9\
\x97\x9e\x96KC5d(\x5c\x84(G\xd1\xbdY\x7f\
\xa3h\x09G\x99\xf8\xc6\x12\xfb\x1bK\x80\x18 \xcf\xad\
LQ\xabP&\x9d&xO\xa1\x88DQ\x8e\x86\x85\
\x0c\x04\x89y\x86\x8f\x0cr\xe8\xb7\xfe\x84\x85\x97\x99@\
\xd1\xc5\xa4O\x99\x80H[\x9c\x1b\xeb\xe0u\x0b.t\
P\x18<\xdbn?\x048\x80n,\xeb\x15\x9b\xa5e\
\xca\xc3l\xda\x9dM\x89\x8e\xebCu*\xd31Ci\
\x0e\x1a\xeb\xe3\x04H\x95X9\xb9\xba\xec\x9d]\xf4\xcf\
#\xe5\x88\xc7=c\x98\xfd\xb2\x84C\x16\xa9\x10\xe1h\
I\xf2\x0bC\x87\x15$\x1c\xb6Ie!$P\x16\x82\
\xddn\xc5\xac3*BeS\xe1\x06 \x07E7@\
\xa8,\x19\xe4\xb0tC\xb3\x0d]\x14\xf5k(\x166\
\x16}\x81B\x84\x02\xa0!=p7\x03\x0f\xf8\xa9y\
z\x9e\xde%\xd0\x13\x06\x0f\x0d\x1d\x02en\x98\x14\x1e\
L)\xb9RS\x9b+\xd5\xc2\xd9B\x0e\xe7\xd8\xc4z\
J10\x11\xbah\xd7\xd4$\xd0\xe6cvJ`U\
6\xd1_\xcd\x8a\x04X\xb9*\x9b\xfeP\x80NY=\
\x9a\xc3\xa1\x1cc\xbdH9\xe2\xc9#\x1c\xd7'Mg\
^ \xcd'\xc6)\xa3R\x88\xc5\xc4r\x85\x9b\xe9\x8b\
\xb7+\xc2\xca\xa3\xa2\x83\x1b\x18\xfd\xa2\xdb\x1c\x11\x0e\xfe\
\xf9h\xf9F\x0a\x1b0\xe1\x8b\xf8Fv\xc9\x81\xf8\x1b\
\x9c)_\xf4\xcc\xd0\x8c\xdc \x1e\xe1\x89\x13\x07/\x9c\
C\xbfg^Ubf2\xf0\xa1X\xc7\x17\x01\xe4\xb0\
\xc7\xd9&\x99;X0\xcf\xe80\xf5\x14\xc2\xec\xcde\
\xd9\xb6\x89>)r\x0e\xea\xae\x87\xca\x0au\xd8;=\
\xf6\x86q\xa0yD6\x07\xf6\xd8\xa7\x94c\xa6\xd1\x08\
Q\x8eW\x83\xb3\x8b\xeb\xf3\xddx\xad\xc4\xe3\x12\x8eK\
\x13\x1a=\xe0R,u\xb7I7}\xb5U\xa5\x95m\
\x90\xe0\x80\xefu\xeam\xcb\x0e\x0c\x1cJ8\x8a~%\
Vo\xb1\xd7\xb8!\xb0\x01uX\x03\x1d\xb3\xec\x89\xce\
f\x86q1\xe1\xb0\xad(\xd6\xd9\x98\x99\x99\xc9z\xa1\
3\xc0+f,\xcb\x98a\xa6\x91\x7ff|\xbfc1\
\x03\x1f_\xd8\x1e9\x95,\xcdz\xa4Pa\x11\xe8\xa8\
\x05\x80\xa3\xa0\x12\x1d\x19w\xa3dwP\x14\xfde\x14\
\x08\x1c\xd4\xe8\x93\xd0\x08c\x9a{\xce\x1biP\xa7,\
\xa9\xf5\xba\x80\x1c\x00\x1c\x8b\xf3;\x9d}3\xf5\xdcV\
V\xa8\xb0r\x16\x0b+\xf18\xe7A\x90ptT\x86\
\x83\xb7\xd2\x9b\xa0r\xadF=*\x8a?\x84\xbb\xdb\x5c\
\x00)f\xfc\x8dM\x9c4\xbai\xb3\xe6ss\xa5\x82\
\x14S('\x0a\xa8\x91~\x97\xcf\xda\xa3\xc9F\xcb\x19\
\xfe\xa7R\xa1_\xf8\xaeF\x86u(\xd4\xb8\xf5\xc9\x1a\
\xa5\x16?\x16\xb5ijI\xc7d&LJ\xc5Y\xa9\
\xcc\x8ar\xa0m1\xb2\xbb\xa9\x90E\x0e\x93\xad].\
z[\xad\x90u\x14\xe9\x01\x22G\xb90\xc7V\x07'\
b\x02\x93\x90\x08:l\x8f\xfd\xfa\x0c\x0f\xf5\xd9\xb2\x83\
\x8bW!>zv}\xb2\x15\xaf\x96x\xf8\xfc\x8e\x1d\
\x8e\x03\x95\xfd\x92E*+\xa8Th\xd7c\xad6\x85\
\x9e|\xb2\xe9\xaf9\xc8\xf4\xd3/d\xb61\xf9\xbe\xe8\
2\xef~S\x84\xa3\xac\x09\x07\x96a\x1d\xb6\xe1\x0d\xdc\
he\xdd\x0d[B\x09\xa8\x13\x22\x1b\xe2](\xd0\x98\
\x96_\xe9\x0d_\xe4&\xbf!\x8c\x1eBj\x18\xb0\xda\
\x1e\xeb\x98\x0c%;\xea\x1cDg\xe0\xa8\xe9\xf2\x0a/\
u\xd4\xc0a\xc2\xa2%\xd8\xb1Y,)\x89\x22;j\
,\xe9\xc05\xf6\x84\x1e\x9c\x88I\x81c);\x89L\
(G\x1b\x91#\x1b\xe6\x00\xca1\xe8E\xca\x11\x8f\xe3\
p\xfcp|vJs8\xf4\x18\x8eN\x87\x160\xe9\
\xd66\xe2\x1b\x09d\xcd\x8b\xbePY\xc8\xa9\xa9dR\
_\xda\x18\xa51\x1c\xc6\xe1(\xb9\xb8\xb1T\xe1;\xc9\
l;\xbb\x5ci\xb8\x97u78\x9a\x15t5\x94F\
\x91Z\x8a>\xd3\x02\x19\xde\xcd\x01\x8f\x99\x5c\xf4 R\
C\xd0\xe18\x1d\x93jh\x98Si\x11\xce\xa1\xe6\x1a\
'\x15N\x9f'Y\xe4\x00\xdc(:D\x83\xeeJ\xcb\
\xd6\xab\xde\xb4\x8d\xf8\xa6\xc5\xb8\x22\x85\x95\xf2R\x0er\
\xf0<\xb0\xf6\xa2\xd3`o\xbad)\xcba(G\xff\
d/^/\xf1\xd0\xb9F\x87\xe3\xfa@J*\xce`\
s\xd3\xdc\xd6\xc2ysf\x0a\x1e\x01\xc7\xa3b\xd1\x87\
\x8d\x85!eY\xcf\x13\xe51\x1c\x1c\x19\x15\xc6\xc1?\
\x1bE\xa7\xcc\xe2M\xd8\x86\xb3WIi\x94\xc5\x96\xd7\
\xbb\x16\x14'3\xf3a#C\xe3\xc54\x22\x85{2\
\xd81\xa3\xb0\x83a\xe8O\x9e]\xea \x07\xfb\xa4\xee\
xt\x15$\xad\x19\xb7\xb2\xe6\xa5\xc1\x94\xcdQ\xc0\x92\
J\xd1\xdcP\x94\x14\x1d\xbe\xa1\x0fL&\xc0\xd9\x04\xc6\
'M2e*wO\x94\xb59Z\xb8g\xc5\xecv\
s(\xc7\xf6QJ9\xba\xdd\x8b\xb1\xef\xe3\x5c\x8ex\
\xc8\xe1\xf8a\x90\x12\x8e\xd3\x94p@W\xac\xd9\xf9\xb8\
g\xc7\x05\x823:\xc9J\xa5B\xfb\x94qzO\xd1\
\x93*ySF\x17\xc8\x05\xf5\xd9\xc6\xb2\x0b\x1b\x9b\xa5\
\xb9\xb2\x22\x1c\x9c3\xcf\xe8\x14/Y\xee\xf4\xbf\x0ee\
\x1bN\xc5UC\x86\xe6\x16>dL#\x88h\xc1\xa2\
j\xb7\xcc=\xa8$\xf3'\x15M\xf7\xda\xef'u\x9e\
\x94\x83\x1d\xdc\xfe\x86\x9cC\xad}3\xac\xa3\xcc\x9c#\
)(\x7fc\xd3l\xbe\xcb\xd8\x1b%\xf5\x06,\xa9)\
\x96Jj&\x10\xa2F\xe2\xcc_\xac\x05l\x8e\x16\x0e\
\xf51\xcdn\xc6\xe6\xa0\xc1\xc5\xd4$\x1b\xe7r\xc4\xe3\
\x13\x8e\xebk3\xda\x5c2\x1cP\x8a\xe5\x05L\xdc\x14\
[\x97e\xa85tF\x8b\xc3\xa6\xf6\xb8\xcb\x972\xb8\
\xa1t\xca\xe6#18\x108\x96$\xa8\xe4\xf9\x1b\x93\
n{\x8ac\x8bj\xbe\x91\x07\x1b\x01\x17tZDJ\
\x96eLOO\x98W\xdfL\xbb\x86\x87v;\x9c\x04\
\x88\xeeq\xd13\x08\xf5\x9e\x85\xecXtk\x91\x9aQ\
\x01\xfa\x94\xadA\xaau\x0a9\x19\xc5e\x9fo\x88\xeb\
\xb1I\x1doe\xdeg\x95 \xed\xe0\x95\x09Kj&\
\xd2\xd2\x92B\x8eV\x15\xe7\x9e\xef\x98\x09\xa40\x99\x03\
\xc3\x1c0\x97\xe3\xaaov\xac\x5cG\xca\x11\x8fv8\
\xfaW8\x86CmD\xc0\x8a\x8a\x0c\xef\xa9+\x15\xee\
\xfe\xd0\x1b\xb2H\x85v\xb8\x15}\xe8\xb0\x1b\x98\x8a%\
B\x0e\xc4\x8ddI\xd3\x8d\xf4HTt\xd6kg\x93\
\xa8\xe8\x22\xd1\x0d\x95\xf3ZtU\x8a{\xad\xcf{v\
\xe8\xb4\x87\x19\x13\xe9\xed\x1bx\x0dw\x84\x1f\xc8:\x1c\
\xbfc\xc6\x91.\x92/\xb5=-\xfe\xc00o\x975\
\xcdE\x87\xa9\xe8\xe9\x0b-\x96\xb2\x8c\xa3\x9c\xf0F{\
\xb6F\xadN\x81\xd7\xa5\x85,\xe5\x10ah\xd4JY\
|\x8e\x84i\x87\x99\xea\xb3\x14,\xadL\xf1\xc2\x846\
\xb4\xac\xb0?\xcaM\xb2\xe7\x86r\xbc:\xbd\xba\x17\xaf\
\x99x\xfeI2\x1cX\x8b\xb5asrF\xed\xbaG\
h\xc3&\x82[\xca'\x1c\xee\xcb\x02\xf3\x8d\x1c\xe0\x90\
Vz\x01\x8er\xc5\xfe@\x84)_\x95z\xb65\xa5\
\xe5\xf4\xce\x1b\xbe!\xaeh\xd0\xd8\x08\xe4\xba\xf8\xfa\x87\
_\x16\x1c&\x18)&\xe86=11!\xcf\x83\xff\
a\x89\xca\xbc\x1b\x03\x99\x99\x97h:C\xc7\x17\x96u\
\x84\x87\x94\xce\xce\xca\xb0\x0e\x5cc\xa9=\x0ehT+\
\x8b9\xba\x09\xc0a\xa4\xca\xb2\xafT2\x85Y\x90\x81\
\x9b2)~\x8e\xf4J2\xac(;%\x06\xe9\xbaE\
\x0e\xeau\xc3Q`\x83\xeeEJ9\xe2(\xb0x \
4zvz\xdd?\xbd\xfa^v\xc5\x12n\xc8\xd8\xaf\
IX\xa3\x82C\xb2k8\xf6K\x9b\x1b9c\x02%\
\xbe1\xe4H/\xbd\x15*\x09\x01\x07\x94R\x9c\x16z\
1\x14\x9d.\xd8\x94o,\xb6T\xb0<\xd3\x1f\x1f<\
|\xe1{<c\x02\x1f|c\xd0b\x02^M\xe0\xa3\
i\x85-\xf8\xdb]\xd3\xc33;\x9c.\xfc/\x16\x1d\
\xe4\xc8TWf5r8\xf3\xcf\x89r\x94\x018L\
\x94\x1cvd\x1a!\xc2\xaa\xa4\xb4\x1c\x92*L;\x0c\
p@\x84\x7f\xaeP\x96\xf6\x1f\xb32aI8\x07\xcd\
F\xb2\xa5\x15\xde\xd1\xc4\xfe(g9\x88rt_\xfd\
-R\x8ex\x80pt\x0d\xe1\xe8\xfb\x84\x03v\xd3\xaf\
pS\xec\x14\xd5ae\xae\xf9\xf2B \xeb\x15j\xa9\
\x1f\x0e\x1b\x8ao\x94\x118\x96,\xe30\xc9\xaf\xd9\xba\
\x86\x8d\xd9\xbc}l\xb9\xb9\xf2\xf9,\xdb\xb0\x05\xd6\x80\
\x9b\xa1\xc0\x82\xa1c\x1a_\xacbA7U\xfe(\x1f\
<\xd8\xefP\xa9\x0e2n\x15r\xb4\x9c<\x18U\x9a\
\x0d\xe5P\x01tS\x03)\x8bT\x81\xf1h.\xe3(\
\xb9\xaf\xcc\xd7|\xa1\xc4\x00R$\xe4\x10\x7f\xb4\xa0j\
\xb2\x8a\xd5\xb10\x04\xe0\x98\x9a\xe4\x9e\x95\x1dh\x93\xb5\
\xc1\xf3\x83\xed\xd5\x93\xab\xbf\x99,G\xbf\x19[\xdd\xe2\
1\x84#\xc5\x0d\xd8\x89`\x08\xc7.\x87Fmf\x94\
\xb6\xb6q!\x96\xbb\xe9\x172\xfb\x96\x02c7\x86\xf2\
\x0ds\x0d<\xdat\x9dQ5\x93X\x857\xbc\x06z\
M9\x9c2l\xd6\xdb\x08\x08\x14\xae\xa5xT\xe3\x9b\
i\xc1\x08\x175\xe4\x15I\x98iM<\xe6\xb9\x80\xeb\
 \x87uI\xdda\x83\xe1\x95\x0a\xec\x90\x02r,\xd5\
m\x0a\xcc0\x0e\xf6F\xf1\xcb\x04\xb0\x81\x5coS3\
\x8d\x05O\xb0,P\xbbl\x8a\x1cs\x09\xb8\xa3\x89\xcd\
\x81%P\xabR\xee(\xbe)6\x07R\x0e\x9a\xcca\
f\x81aae\xfb\xe0j\xac\x97R\x8e\xd3\xf3\x18\x02\
\x8b\x87\x1c\x8e\xfe\xb9\xd7\xddF\xa5\xd8\x96\x09\x9bC\x80\
C\xedM.-\xe7\x8e'\xf6uK\x1ed,\xfb\x84\
\xa3l\x80#\xb1]mK\xb8P\xba\x9eI\x98s5\
\xc5\x09\x8b\xe6\x04E\xfd\xf6\x93i\x1f3\x14\x8d`j\
\xf1\x8d%\x1d\xeaL3\xa0\xe8\xdf\xa5\x19\xc7\xb4\x83\x1c\
\x88\x1e\x94ww\xfaW\xac^q\xe6\xa1[\xb1\xa2:\
W`^\xa8\x10\x0e\xd8\x1aa\x18\x07A\xc6\xe6pk\
\x1a'\x18`\xdf\x8a]\xa6\xa9s`K\x168l\xdb\
\x0a\x8b\x95\xc5\x15\xa0\x1cV\xacP\xab\xdbq\xef\xeco\
\xd7\xcf#\xe5\xb8\xf3\x84\xe3/\x03\x08\x8d\x9aZ\xac\xd9\
\xc3D\x0eG\x03\xba\xe91\xfbU\x85\x00\x07D\x1b\xf1\
[\x1a\x16\xa9,,/\x87\xc6\x8b.\xdbJ\xca\xc2\x08\
\xa1b\xce\xa3GV\xa8\x18{\x83f\x8b\xd28\xf3\xba\
\x0c\xdf\xf0zS\x94Fi\xb9\xe5\x94E?\xe9\x95\x81\
\x0d\xb9\xf0'\xd8\xf1\xfcf\xe26\xe7\x1bx\x01\xa7t\
\x22\x13\x0d\x9b\xf6\xa0\x839\x878\x1d_d<R/\
I*\xc8QW&\x07\xe3F\x81p\x032\x1c%r\
?7\x1d\x8b\xa3\x14\xf6K\xa5\xe3-\xc1\xfc\xb9\xf8\x1c\
R\xba\xaa\x88\xc9Q\xa1%MP\x92]Y\x99\xd9\xd9\
\xc1\x9d\x90\xbb\xdb\x18\x1fMy\xc7\xd5\xb5\xd9\x07\xd9?\
\x89\xfb \xef\xfa\xf9\x8f@8\xfa\xfd\xf3\x83\xe6\x81\xeb\
p\x98\x8d\x8f+m\x1b\xe1\x90\x9f\x830\xbeg\xe4\x0a\
\x95\x85\x91\xfe\xc6\xa6\xaa\xa8\xcc\xcd1\xe1\xb0\xe37h\
e\xf3\xac\xbb\xf8\xa0\x95\x1f\x16\xcd\x96R|\xd8Pd\
c\x82\x02\x1a\xe4\x87\x92H\x99\x98\x18\x1f\x1f'\xa4\x90\
\x07\x9au0\xef\x98\xc8\x06K=\xc7\x03?\x03g\xda\
`^\xa6\x83\xff\x85\xd4\xb9b\x93YK\x069\x0a\x85\
9\xc6\x0d\x03\x1b\xd4\x92\x0c\x03\x17\x1d\xad\x12>\xc5b\
\xa9@\xdb&\xd4D\x1f\x97r8>\x07\xd5d\x17W\
\x90rlX\xca\x91\x0a\xd9\xf3\xab\xb3cSX\x89\x9b\
\x12\xee\xf8y\x0b&\x8d\x12\xe1\xc0\x95\x08\x88\x1b<\xbe\
g\x92p\x03\xf2\xa2XQ\x81o\xdd\x87\x0f]\x8e\x1c\
\x1c4Z\x1cuT\xf2\xcb8\x1c\xb6\x8d\x1e\xfc\x0d\xc6\
\x8d\xc9\xe0l@\xd6)\x8b\xed,n\xcc\xcf\xb89\x0b\
/\x11\xca%W#L<p\x18\x87\x17\x0f8\xd4\x93\
\x13\xd3\xee\xcd\x01\x0f\xcf.\x85\xcf\x04G\x1d\x87\x9c\x8e\
I\x05\x1e\xb3\xb2\x7f%\x0c\x1c\x0c\xb0\xc5M\x19j\xee\
\xc1w\xe6\x94li\xc5\x8c\x7f\x86\x1e\xfb\xb2d\xcf1\
\xd5\xaf++\x5cZq\xc2\x1c\xd0\xec\xc6\x85\x15\x0a\x81\
\x99\x81\xe7G1\x04v\xb7\xcf\x7f\xc6\xb6\xd8\xd3\xab\x03\
\xbb\xf3qc\x9f3\xa3+\xadI\xb2FU\xbd\xdf\xdb\
\xdc\xc6i\x0d_\xa6\x0c\xf3E\x973C\xbf\x047X\
sW\xea^=%\x1b\xdd0\x84#\xfd\xf6Vq\xd1\
E\xaf\x0d\xd6\xf3E\x1dK\x83+\xac\x13\xd3\x13\xaf{\
L\xed\xe5\x1b\xcf!q\x1aZ\xa6\xf5\xfc\x0e6I\x9d\
\x85Nj\x99m\xa6(\xab\xbe\xda.p@Me\x19\
\xb5\x0a\x10\x8e\x92\x12(9=\xf6\xcb\x0bF\xac$^\
\xf6\xdc\xedw[\xb2\xc7\xb19\xda V4\xe5\xd8n\
\xc2\x0a\xea\x8b\xcb\x9bH9\xee\xf4y\xe7\xe2\x99\x19m\
\x0e\xb5X\x04\x0e\xb5\x82\x09VL\x1b\xe0\x80\x0e\x15\xca\
\x17,%%\x7f!\xc2\x82\xee\x8c]\xb0\xe9\xaf\x91|\
\xc3\xc5\x8d%]\x87\xd5\xb6\xa8\x8e\x8a\xda\xd5l&\xbd\
\x91\x12\xea\xb6\xd2)9\xe9\x0d'\x19\x8a\xc6\x86\xb1+\
\x1c\xd0\x18\x7fM\xec\xa0\xdfh\xe9\x8bF\x90L\xaec\
\xc6\xb6\xaf\xf8\x8do\x93-\xd5\xf3\x86\xd8\xa1\x86\xec\x98\
\xab\xdb$1\x84pH\x8a\xae\x84\xbd\xb0\xee\xd0\x82\xcc\
\x14\x83e(~\x157\xc9\xe4\xa0e5\xd2b\xcfA\
\xb0\xa5%Y]#=+\xc6\xe6X\xa4\x92,\xf4\xba\
\x01p\xa4\x94\xe3r\xd0M)\xc7A\x0c\x81\xdd\xe5\xf3\
\x9f^\x0c.\xa8\x16{\x80\xa3\xcdiB1F8`\
>\xf1$\xb6\xc42\x7fV\x84c!\xa7\xa9m\x14\xe1\
\xc8\xe2Fy\x8e~\xfc)\xad\x0d\xeb\x9a\xfd\xe5l\x1e\
\xe3P\xb3\x01\xf5\xc0\xf2P\xc7\xbc&\x1a|\xa5O\xfc\
=gZ\xea\xb5\xd3^@L\x83Gv4\xba\x17\x07\
k\xf1\xce7\x1b!\x05\xad\x02_\x0dsy\xa7\xb81\
G|\xc3\x8c\x1fH\x01\xc3t\x15\x03j\x942\x039\
BN\x87\xc39\xe6\x1c\xd2\x01k\xf1\x14\xe7\xb0\x83\x04\
Y\xactl\xaf\x1b\xac\x05m\x9e\x8fu{\xddW\x97\
W\xb1\x22{\x87\xcf\xefN\x9fA\xf8\xcb\xf4\xc5\xcaJ\
\x84\xfd}\x18l\x8e\xd9/\x1ckN\x9d\x94K\x15\xb5\
\xf2\xb1\x98\xfdVu\x92\xe6#\x8a)\x8f\x5c\xc2!\x91\
$\xb5p\xa9\xee\xac\x9ew\x86\x98\x13\xdfh\x87\xf6\xa4\
\xd0\xc4\xf2\x00\xdd\x98P\xa8\x112?\xdf\x84sp\x95\
eB\xfd\xe1\xf4\xf7e\xb1#\xd0m/\xc0\x81&\x07\
\x0d\xe8\xa0B\xc7\x92\xb9\xb8\xcd\x97\xa7\xa4\x18G\x91!\
\x03\xf2\x1c\xa5\xa1\x11<e\x90\x16h]\x8d\x02\x0e\xb1\
D\xadXQ%YHs4\x1a\x8d\x8e\xae\xc8n\xc3\
\xf0Q\xb3ce;Vd\xef\xee\xf9\x0f?\xa4\x84\xe3\
\xf4\xd4X\xa3\x1e\xe1\xe0\xf9=\x9c\x19\x15\xf6\x5c\xd8,\
z\xc5\x93l\x09\x16G\xf6\x0cG\x0e1F\xadPY\
\xaa\xf0hQO\xa6P1Eg\xbeh\xdb\xe9b\xc6\
\xdf\x90\xed\x06.\xdd\x98P\xbd((V\x5c\xd4\xd0 \
2nn\xe3\xe3\x13\xfe-L:\xc8_\x9d\x9e`\xfd\
\xe3$\xc44tH\xe3\x1b\x0b\x16\xaf\xba\xa2\x9a\xec\xa1\
'\xd8\x02\x87uF1\xc5Q*RU\xa5T\xcc\x19\
\xc7\xe1\xcf^\x93\xec\xb9C8*\xe5\x8a\xd3N(\x9c\
\x03\xf19\xfd\xfa\xce@\x97\xec\x9e*\xac\x98\xe1\xa3)\
p\x9c\xc6\x8a\xec\x1d&\x1c\xd7\x906\xef\x9f^I\x97\
\xca\x9e\x94b\xcd&\x95\xc9I\xe0\x1b\xb6\x12k\x1c\x8e\
\xbc\x11\xe6\xcet\xd1\x91\xe5\x14=\x9d\x98\x8cQ,\xc2\
Vfg\x03\xf6F\xcb\xcd\x8a\x1a\xc6\xe1\xf3\x0dG\xa9\
\x84\xec\x0d\xabV\x5c\xc6\x909\x88\x12\x80\x1e.\x80\x0c\
!\x1f6\x9c\x8e\xe04o\x91C\x0fFg\xe8@\xda\
\x91uH\xc9\xe6\xa8\xd3\x97#q\x80\xc3@\x07\xba\xa2\
\xc5M\xe0\x1b\x9b2?\xb0\xb4\xe0\x8fO\xf2f\xafm\
\x16D\xab\x04J\xb2\xda\x1e%\xe4\x98\x04\x07\xa9=?\
\xdf\xb1.G\xfa]\xb2mv\xd7\xc3\x0a\xea\xd8\xb0r\
g\xcf\xdb]\x08\x7f\xf5\x85p\xa8\xd0\xe8J{\xa5=\
i\x80\xa3\xae\x80c)q\x09\x87\xeb\x8a\xde\xde\x16%\
\xa1\xf2/R\x88\x05s\x0ew<V\xea\x04\x1c\x995\
\xd2\x93\x8an\xc0\x88;\x078\x16\xf5\xcaWg\xd4F\
\x005&\x86\xa3\xc68\x81\x07\x02\xc7\x04\xbf\x8cg*\
\xb7.z \x80|\xa3\xb0#3\xe1x\xd1\xd5+\xad\
\xb6\x05\x8e\x16\xaf\x5c!\xc6\x01\x9e%\x00\x87C8\xcc\
4\x0e\xf4EK\xc5LW[\xeeI\xbf\xde\x05Z\xac\
\xe9\xf4\xac\x94y>c\xc2S\x1a+RYi\xa3\xcb\
\xb1\xe3\xb9\x1cGW}C9\xfa\x07Q\xab\xdc\xd5\xc3\
\xe1\xaf+*\xa9laI\xc50\x0e\xda\xa42\x89S\
\xbf\xd8\xe0(g\x09\x87\xa0\x86\xd6)\xb78\x8f\x1c\x9d\
R\xb6B%\xacS\xac1\x8atcQ8?\xf8\xa2\
\xce&G'\xf5\xe5e\xcb\x038\x91\x8dq\xd0\xcdR\
\x8e\xf1 t\x8c\x0f5N9\x94\xeer\x0e\x05\x1dn\
\x00\xdd/\xcaj\x8fcS3\x8eM\xae\xc4n\xe2\xcc\
\x8d\xe5b)\xe81y\xf3\xe5S\xb1\x02]\xb2@8\
\xd4\xbe\xab\xb2\xdd?A\xce\xb4[\x92\xa5\xe09lg\
\xda\xa6\x8a\xec\xd8\x99\xd1*\xd1\x1e\xbd\xab\xe7\xad\x8b\x01\
l}4k\x1f]\xc2aB\xa38\xbf\xa7n\xe3H\
\xe9wUR\xd0i\x81\x87vR\x8f\xa3Tn\x83\x1b\
\xaeNa\xa52\xbb$+\x972\xf3\x01\xf5i\xb7\x9d\
\xe9\xa2\x81\xf9\x80\xf3\xe1\x19\x80\x13#b\x1b\xe3C\x8e\
\x80\xcax\x0eS\xd1X\xa2\xe2\xa4!\xe4P\xd8\xa1\x8c\
\x8e\xd6\xa4\x8d\x81\xe1%\xcc\xe6\xa8\xedo+\x15Q\xa6\
\x14\xc1\xdd(\x15\xf3m\x0e\xaf4k\x90\x03|V\xb5\
\x98\xd76\x15RA\xb6\x22Y\x8e\xba-\xac\x98\xca\x8a\
\xa2\x1c\xb0\x0e\xd2L\x02\x8bQ\x8e\xbbZ\x8b\xfd\x01\xc3\
_c\xdf\xab\xd1\xe6\xfb\xd4N\x0f\xcbba\xcc\xa8\x06\
\x8e\x00\xe1X\xf6\x90c\xe15\x0c\x0e\xc6\x0d\x9b\xfc\xc2\
!\x81\xf5Y\xaf\x0a\xabj)\x8b\xc6\xb3\x83\xfd\x07_\
\xe8y_\xa1y=\xd3y*e|4n\x90\xc5!\
N\x87\x85\x8e,r\x04\xff8\xb2IC\x1bY\x16\xf5\
t\xb0E\x8fs\x88;\x0a\x17\xb1\x06\x0e\x89\x8enb\
\x8cc\x13\x87\x9a\x1b\xc6\xb1\x99\x1d\xde\xe8\xd4Xpg\
^a\x8e++s\x9eX!UT\xb6\x95\x95\xa9Y\
D\x8e\xd6\xca<e9h!\xe4\xea6n\xa0~u\
z\x14\xa3\x1cw\xd3\x1a\xbd|\xd6\xbd\xbc6\xb5\xd8U\
\xec\xa7\xa7\xed\xf4\x067\xda++\xad\x16e\xcd\xed\xd4\
\x86r\xc1\x8d'>\x94\xba\x8a\x8d\x8d\x16G\xb6\xb5A\
E\xe5\x91n\xa5\xb7k\x1e\x89o\x04\x06\x12+\xb6\xd1\
\xe6\xb5)mxY\x9c\x093\x8eL\x0f\xac\x03\x10\x13\
9\xacB=\x12\xc9\xc2\x18\xa2\x1d\x8f[h\x16\x87u\
\xd0\x9e\xb8\x19w\xc4\xcfb8\xd0\x81\x94\xc3\x5c\xcf\x0a\
8\xb0\xb7g\x19S\xe7\x88\x19\xd4\xf0\x06\xaeG\xa0\xa4\
Rt\x97\xf5\x167\xe7\xb2%Y\x9a\xcd\x81\x18%r\
EM.n\xad\xc3b7\xa1\x1c\xcd\xed\xd5\x93\x1b\xa3\
U^\xddD\xadrWk\xb1g}lS\x91\xb49\
\x85F\x17W\xda4\xd7\x5cz\xbc\xd3o\xa7r\xb2\xb9\
\xec\xe2\xc6C\xabU\x8a\xb7\x95)*\xc2\xa1p\x83\x96\
<\xe2\x1awo\x09\xbdC7\x16\x018\xdc%\x08p\
%\xca\x00\xbf\x99\xccd/\xc7\xc1\x1c\xbf\xe5\x99\x18\xff\
f\x1c_\x18@\xbe\x19\x17\xe8\x18\xbf]\xd4\xd4\x9d\xdb\
1?\x93q:\xbe\xf0\x91\xa3e\xedQ\x89\x8e\xce\x95\
4\xe50%\x15j\x91E\xcaQt\x1c\xd2\xf0(6\
D\x8eGR\x92-Km%\x91\x82Vy\x89A\xc4\
\x09s\xb4V<{t{\xfb\xe8\xea\xb4g\xd2\xa3\xab\
\xf1\x22\xba\x8b\x07'\x7f\xa15\xdadk\x14\xdb\xdb\x8c\
5:I|\x83J*F\xa8\x18\xe0x\xe8|W\xbe\
k\xb9\xb0\xb4\xc3\x8e\xa6\x1c\xca\x19\xb5\x9b\x97\x96H\xa4\
d\xf3\x1b\x0e\xdf\x10\xd0h\xd3/I\x8cbs\x8a\x87\
\x1b\x8d\xe9\x89\x09\x8d \xe3op\x18@\x14!\xc9\xb2\
\x0ck\xa5\xeawq \xcc@\x07}f\xc3\x90\x83#\
\x1d\xd8_\x0f\x89\xb8\xc4\xd6c\xb9\xa1X\x0fp-a\
\xa6\x03\xdcR\xaf\x0b\xc0\xb38H\xacPM\x96\xe7\xc9\
s\x7f=\x00\x06\xfcg\x94i@t\x9d\xb4J\xbb5\
\xdf\xd8i\x18\xca\xb1\x8b\xcb\x99V\xc5\x1e=\x89Z\xe5\
.Z\xa3\x7f\xc1e*\x9apl\x989\x1c\xebhp\
LRE\x85\x90#\xfd\x8e\x02\x87\xe3ap\x94\xb9\xb4\
\xaf`\xe3\xe6Hg\xf4QV\xa8\xc0\xd6\xa5:\xc6E\
\x85o\xb4\x5c\xbe\xd1v\xcc\x8d\xf6\xa2]\x09\xbb3o\
\xfb\xdaf\x048\x1a\x22Q:\xafG74h\xe8\xc7\
\x13\x22X\x94'\xe2\xd9#\x19\xa7\xc3\x16W\xf4\xb2{\
vH\xb1\xb8\xb2hq\xc3\xd6UH@8I\x0eF\
\x10jq\x93\xe0y17p\xbel\xa7D\x1b\x7f\x14\
\x12\xa4^\x98\x03\xd1\x02q\xa3,\xcdn\xe9\xff\x04P\
\x8e\xc5\x9d\xf9\x86C9\xd0\x1e\xbdx\x15\xa3\x1cw\xb4\
\x16\x8bm*\xb0\x13\x01\xb6\xc5\xda\xb6X*\xc5bM\
\xa5&%\x95\xe5,pH\xc0\x9c\x0b\xb1\xa3\xeb\xb1\xee\
\x16\x95%\x96\xd6jU[\xb8;\xa5\x8d*E\xfc\x0d\
U\x87\xa5\x98\xb98\xa3\x0c\x1b\xe8PvD\xae\xbc6\
p\xac\x11\xdb\xf8\x86 \xe4\x1b\xc7\xeb\xd0E\x5c\x178\
\xac\x96\xb1CJ\xa7\xe7\x89\x10\xa9\x0c:\x0dA\x0f1\
\x0e\x9a\xe8\x07\xc0Q(\xf9\x9cc\x93\xb3\xa3X\x96-\
-\x97\x8ay\x13Rd\xd7w\x91++\x05\xec\x0e\x22\
\xdc`\x7f\xd41K+\xaa\xb0\xb2c\xfcQ3\xd0g\
w\x97\xed\xd1~\xd4*w\xf4\xbcs9\x80\xbe\xd8\xd3\
\xf3Ugb X\xa30\x87\x03q#\x85\x0dLX\
\x80\xc3\xf1\xf0\xa1\x06\x8ew\x17\x9c\xa66\x12*\xa3p\
c3;d\xd4\xae\x86\xcd\x19\xda#|c\xd19<\
\xd0|\xde\xa9\xa7\xd8\xb0hC\x0f\xd0\x98\xc8sDo\
\xcf>\xbeqy\x87\xd5-\x19\x83$dt\xd8\x91d\
\x81\xea\x8a.\xca\xb2=Z\xe1\x10\x98G9\x089\xc8\
\xe4\x90HGI\x8f\x96_\x0e\xb6\xac\x80?\x8a\xe01\
\xa7X\x871\xb0\xb0\xf6[\xd65Y\x99\x22\xe8\x16V\
L\x8f\xec\x0dj\x958\x95\xe3.Z\xa3\x86p\xf4\xc7\
\x0e\x90p\xec\xd2zzj\x8b5\x0b\x11d!!V\
\xeb\x0a\xc5\x85\x00p,\xa85\xd3hp,\x0c\xf77\
\x8a\x9b\xfe\xda6\xeb\x8cz\xc3Em\x07\xbd\x17\x15m\
[\x99\x02\xb0\xb1\xa3\x12\xa3\xd3\xf3;\xd3;\xde\x1cb\
iGy\x03\xb8X\x1b_3\x9cc\x0d\x18\xc7\x1a\xf3\
\x8eQ\x7fR\xd8#E\x93\xd4G\x0e\xe1\x1c\x934\xff\
\x5c\xb2\x1c\x95\x8a_\x91\x95\xb1iX[\x01\xa6\xc1r\
\xa5\xc85\xaf\x85\xdc^\xfbbq\x8eQC\x01GR\
\xb6\x8c\xc3\x99\xcc\x81\x1d+-\xc8\x9dc\xc7\xca.\xdb\
\xa3\x97)l\x16]D\x00\x00 \x00IDAT\xe3\
x5\x16\xb5\xca\x9d;\xb4g\xba\x7f\xe5f8\x1a8\
\xd9\xbc%\x83\xcd\xa5\x14[.\x15\x17\x1e.;\xc0\xb1\
\xbc \xb1\x01\xea\xa3\x1fYYy\x14\xc4\x8d\x8a]\xf1\
\x88\x8c\xa3\xe5\x0d\xfbJ\xf9F\x86l\x08n\xac\xbbi\
Q\xa4\x1b;hp\x80R\xb9\x8dJY\x1bYd1\
p1\xc1\xbc\xc3g\x1d\x0cJ\x8f\x9dz\xae\xafV\x00\
9\x1c\xb5b\x1b\xed\xbd\x867\xb2G)=\xaar\xe7\
\xb8\x92\x09g/\x22\xe5Ps}\x86\x8f/\x96\x92\xec\
\x1cni\xd2\x8bz+e49,t\x10\xe50\xfb\
\x99\xd6\xe7\xd1\xe5\xd85\x94#\xfd9\xb3{p~}\
\xd6}\xf5*\xeeI\xb8\xb3\xd6\xe8\xe9\xd1\xaa?\xf9\x8b\
\xbab\xeb\xd0N_\xe3\xbd\xcf\xe5\xc2\xe6C8NA\
\xd6\x8e\xee\xa1\x8a\xca\xd0~z\xa8\xc4\x96tE\xe5\xfd\
%G\xa8L\x06\x02\xa3\x101o\xb5\xedp\xd1\xb6\x1b\
2\x9f\x91\xc5\x8b\xf0\xc3<%\x1c\xf3nPtZ\xd9\
\xa2\x9dq\xf7\xfe\xd6\xd0\x01\x8cc\x8dx\xc7\xb8W\xa7\
\xe5\xb0\xd8c\xf8\x88\xc7Y\xdaa\x8b+\xcc9l\xd3\
\x9bX\xa4\xda\xe6\x98U\xf1Q\xf4Ge;\x02\xfe\x22\
\xf0\xe0N\xd9eL\x93\x86K*.t\x94\x98o\xcc\
\xd9\x0d\xdf\x09\xba\xa2\xba}\x05(\x07Ud\xab+;\
\xa2Uv)\xcaqe\xb4J\xff<j\x95;i\x8d\
\xf6O\xc7\xa0UZ\x13\x0e3\xa1\xb8e\xf6|\xd4y\
\x0c\x07d8R\xc2\xe1\x00\x07\x90\x8f\x87\xaa\xc1m\xe1\
\xe1\xc3\x85w\x877\xb8y\xbd\xf4\xaa\xc7jV\xa6\xf6\
\xcc\xea\xa66\xcb8\x16\x9d\x8c9\xf3\x0d\x88o\xa4B\
\xc5s8\xb4\xc1\xd1\x99\x98\x1eO_\x01Xt\x082\
:A\xca\xd1Y\xcb\xc5\x8e5\x1b\xe0@\xafcm\xc2\
\xa9\xd3\x9a\x97\xc7\xe3\x8f\xbfA\xc6\x91>\x5c\xd36i\
6\x0c6c#\x1d\xca\xe7\xd0\xa5\x15\xc4\x0e\xed\x8f\xda\
V7\xf2G\xa9\xddM\x86\x81\x15K\xc1\xe8\xf9B6\
y\x8e&\x07\xec\xbf\x9a\xb3q\x0e'IZ!\xadb\
\xd4J\xaaUl\xab\x1bk\x95\xf3\xbf\xa5Z\xe5oQ\
\xab\xdc\xb1\xf3\xbb\xcbo\xbb\xa7\xd7)p\x9c\xaf\x1eI\
\xf8\x8b\x1c\x0e\xc38&iy\xba\xa4FS\xc2\xb1\xec\
1\x8e\x05\x9b\x1a\x00\xc5\xf2paa\xe1\xdd\x87Cp\
c\xd9\x84FU%\xf6\xfd\xf7\x098f\x1d\xa1\xe2\xd5\
S`\xb0\xa8f\x1bNVt\xdd\x1d.j\xdc\x8d\x9d\
\xe9i29L=%\xfd5\xee\x0a\x95\x0cl\xa4\x88\
\xd1\x19\xc68\xd6\xe0eB\x87K}\xe1\x03d\x03`\
\xc3\x00\x88W_\xf18\x07A\xc7\xbc[\x95]\xf4\xc7\
spI\x169\x87\xdb[\x8fA0\x08\x9f\x9b\xd76\
\xcfQtv}g\x9cR\x95<\x9f\xa3e\xb2sR\
Z\xa9\x08\xe5(\xf3\x8a&3\xb9\x18\x5c\x0e\xa3U\x1a\
\x1d\xb1G\x8dV\x19\x8bZ\xe5nZ\xa3\xb0\xbe\xed\xfa\
\xa0yt\x80\x03|h=\xfd\x0a\xd4b\xa7\x14n\x80\
\xc1Q(\x15\xdfu\x81cAZT\x16\x16 in\
\x80c\xf9\xe10\x9db\x22\xa3*k\xfe~\x8a\x1cK\
n\x1d\xd6\x19J,\xd0!\x19s\xc56\x16\x95HQ\
\x03\xcd\x85o\xcc\xe3L\xaeNzC\xff\xa1\xe3)\x95\
\x00\xf5X\xa3\x1b\xbe!G?;D\xcc<\x06\xd0X\
3\xf4\xe3\xf17k\x9eC\xca\xdd\xb9*\x80\x9e\x19)\
\xc8\x03\x8a\x94\xcd\xb1\xc4\x06\xd3\xdc\xdc\xbflZ\x97C\
8\x07B\x87TUJ\xcb\x9b\xc3\xa7\xfa\x14E\xac\x90\
`\x99\x13\xa8\xd0C\x8c\xcb\x15\xeb\x8f\xa2A:\x83\x85\
\x15\xd6*\xbbf\x10\x98\xb1Gc]\xe5n\x9d1\xa3\
TN\xfb\xa7W\xabz\x99\x8a\x195\x0as8\xc8\x19\
\x95\xd1\xf9\xe5\x84\x1d\x0e@\x8e\x87\x18\x1a\xb5\x93\x8a\xd3\
\x93\xc2\xc6\xbb\x0b\xef\xbe\xc6\xf0\x9e\xb2\x01\x0e\x8fo\x18\
[\xb4\x95\xc9\x99\xb7\x89q\xb4\x17\xd7\x1dwc\xc7\xd6\
a%\xbe\xe1,v\x04\xc2\xe19\xa3\x1d\x8d\x16k\x1e\
v\xac\xd9;\x83\x17k\x16/\xcc\xe3\x0c\x09Y\xd3\x1f\
<N\xbfam\xedq\xa8\xb6\xe2M\x05\xb3+\x22\xb9\
\xb4\xf2\x05@\x87O9f\xa9\xa4\xe5\x16d\xc1!-\
\x81AJ\x1e\x072\x8e\xe5!\xfb\x12\x16t\xcbJ\x09\
n\x90\xe7@\xd2\xc1Y\xb3\xf2\x9c\x16,\xe4\x8f\xb6[\
\xad\x19c\x8fvp\xa0\x8f\xa1\x1c\xa9V9\x85~\x95\
\xa8U\xee\x945z1\xe0\xe1\xe6G\x07\xee\xd6G\x93\
\xe1\x98\x9a\xca\x08\x15v8\x90r<\x04\x7f\xc3<\x5c\
\x00\x99B\xe7\xe1\xc3\xe1\xfb\x97\x1e\xe9\xf1\xc4\x8c\x1bK\
\xb2\x03\xc1\xd9\xd5\xe6v\xb59\xf5\x14\xb7\x1b\xd6\xea\x94\
\x1dS\x89%\x99\xd2\xa0\xcb\xb5\xa3B\x9e\x9d\x1cw\xc3\
!!H.\xd6|\x1a\xe2>\xca: \xf2\x11\x8c7\
\x8f]\xe4\x18\x9fp67\xcd\xcfgJ+\x8b\x0a8\
\xb4X\x11\xa9\xe2\xba\x1c\xe2t,sq\xa5\x08S\x8c\
\xc9\xe7\xa0H^\x06J0\x066W \xc6Q\xd0X\
\xc1=\xfce\xdd\xb32\x0b\xadn\xa6\x22k\x5c\x0e\x89\
r\xecB\x8bl\xaaUV\xa3V\xb9C\xc74\xd4\x9b\
\xbeXe\x8dntl\xf8\x0b\x94\x8a\xedQY\xb2%\
\x15\x0b\x1c\x067\xde\xb5\x98\x01g\xc4~i_\xa8\xb8\
\x06\xc7,\xcb\x14\xa7?\xc5,N\xb1+\x10\xb2#\x02\
\xa9\xb3\x0d\xca)\x0e\xdd`\x9d\xe2\xb7\xcc+\x85\xd2\xe1\
\xab\xbe\x13D\x02W\xb8\x10\xbd\x08\x00\xc7\xc4\x9a\xfd\x0d\
\xae\xb6Y\xd3\x9cC\x86\x9e\xea\x9d+Z\xadX\xcaA\
\xb4\xcb\xba\x1c|I\xcf9j%\xa5\x1b\xa0W\xa8S\
\x96\xeem\xd0|Ys\x90\x05\x9b\xec\xb5%Yk\x92\
\x92\xcfA8\xc2aR\x1b\x1fm\xa9\x10\x18\xd7U.\
zgg\x97Q\xab\xdc%k\xb4o\xfa\xdb85\xba\
\xcd\xc0\xd1\xd8i4\xcc\xa8\xd1I\x1alN\xf3\x891\
\xc3\xf1\xae\x05\x0ex\xfd\xee\xbb8\xc7\xc7\x9e\xa1\xc6(\
%\xbfT\x8f\x0a\xe1\x86u80\xbe\xd1\xf2\x02\xa3\x02\
\x1b+4 P\xec\x0d\xc1\x8dy\xbf\x1fv~z\x82\
\x17\xc3\x8e\x9b\xbc9w\x93t,^t4\xabXs\
\x99\x87\x12!k\xacB\x14x\xe4\xd7]\x94b\xc9\xaa\
\x95q\x8fr\xb8j\x85\x97\xae\x04{\xdd\xa4\xbb~\xce\
\xf1G\xc9\xe6\x90\xd891\x0f\x86\x8ce\x179tF\
O\x82\xe7\x05\x99\xa4\xa4\xea*\x02$*>Z]\x9c\
\x9f\x97\xf4\xa8\xa9\xab\xec\xa6Z\xa5{vv\x16\xeb*\
w\xe8\xbc\xfd\x97A\xb7O\xfdm\xecptx\x99\x0a\
M(\xae\xcb:b\x00\x8ee\x1f8\x0c\xedp\xf9\xc6\
\xc3QC86\x9d)\x1c\xef{\xb81k\xb7.\xb9\
\xed)m\x83\x1e+\xcel\xd1uo&1\xbb\x1b;\
:/*\x9c\xa3\xa38G'#P:R\x8eu\x1d\
\x0cec(\xc6\x91\x93-\xe5WB9\x04d\xb2\xc0\
\x11\x5c\xb9\x92)\xad8M\xb2\x02\x1csN\xa3\x1b\xac\
K\xa0<\x87\xda\x92\x17\xb8i\xe0\x00\xad\xc2j\xc5\xa1\
\x1c\xc6\x22\x95\xd9\xd1e\x9b\x02\x83\x8a\xec\xce\x0ch\x95\
\xbd-\xa9\xab\x98q>g\xd7\xb1_\xe5\x0e)\x95\x17\
\xdc\xdff\xdbTxD\xb1YO\x0f3\x8a\x95P\x99\
+\x15\x97\x1fzg\x01^\xdd\x127\x0096\x89q\
8\xb8\xb1\x94I~\xb9y\xd1\xb6\xbb\xabM\xf5\xd0\xe7\
M\x16\xe5\xd8\x17\x18\xa3\xe9\x85k\xc2_\xd3v\xe2\xb0\
g\x8fz\xb9\xb05\xd7\xb6X\x1b\xf7\xea,y\xc8\x11\
R7C\x0cR\x19E\xea\x0f\x22\xe5\xec\xf9\xa4\x8a\x81\
\x05'\x81q\x80\x14\xf3\x1c\xcb8|\x94\xf6\xc9\x8eB\
\x8e\x87\xd0\xec\xb6I\x1e\xa9\xad\xac\x98bJ\xd9R\x90\
\xb2\xae\xab\xb4\xdb+\xeb\x9ar@]\xe5\xc2\xf4\xab\xc4\
-\xb2wG\xa9\x9c\xbe0\xb3F\xaf\xa9\xbfmW\x96\
\x22\x00\xe1hW\x99pH\xab\x04X\xa3\xef>\xcc`\
\xc7\xbb\x0a6\xde\x1dE8\x008\xfe\xc5VT<\x9d\
\x12\x9c\xbfa`C\xacQ\xae\xa7\xac\xcf\xe4ni3\
\x1d\xb1\x1d\xbd\x13\xda \xc5\xf48\xbd\xf2\x07\x04vF\
D\xd0\x1d\xd33\x04\x19\xb6\xe4\xe2\x93\x11\xfd\x1b2\xb8\
\xa1\xe7\x09\xaa\x0c)-M\xf0)\x87\xd3\xb0\xe2\x94V\
pC\x13\xd6d7i\xecy\x1e\xe7(z\x94#\x05\
\x8e\xb990\xa9\x0b\xeed\x0e\x0f9\x84rTq\x05\
5\xd4U\x8c\xcb\x01Z\xa5wv\xf6\xea<\xce\x01\xbb\
3J\xa5\x0b\xa3\xbf\xfa\xfd#\xaf\x16\x0b\xcbTT\x86\
\x83\x07B\x9463\x84\x03$\x8bcp\x0ce\x1c\x8f\
\x96\x1fmZgT\xb2\xe6\xb3\xdc\xd96\x1bZ\xbb\xe4\
\xc1\x86\xa0\x06\xc0F\xca\x9c\x83\x13\x02\x15\xdd\x98\x90\x04\
\xd6\xb4\x8f\x1c\x1d\xb7\x1a\x12\x08\xa3\xaf)\xc6\xe1@\xc9\
\xf8P\xb5\xa28\xc7\xdax.r\xcc\xab\xb5\xd4\xd9-\
o\xbe\xc9a\xa7rx.\x87M\x90\x22\xd9\xc0\x02K\
\x98qX\xdaA\xc8a\xfe#6\xc1\x22-K\x93}\
\x0080\x04Vm\xa5\xc01/\x8bd\x1d\xad\x12g\
\x16\xdf\x95C\x938.\xc7L\xbf\xd2\xb6\x9aQ\x0c\x84\
Cj\xb1\x98\x1e4\x06\x87\xaa\xc5\xba\x94\xc3\xd2\x8d\x87\
\xf9\xc0a\x82_\x90\x18\xd5\x99QLp\xf8\x8c\xa3\xe5\
\xd4S<\x9d\xb2\xa8\xe2\xa2\x8e\xb9\xb13M\xf6Fc\
Z\x86\x04\xa31jD\x8a\xb9\x99GL5\xccs\x9e\
\xc7\xd1Y\x0b\xda\x17k\x01\xb9r\xdb.\xb95\xbf\x00\
\xe3\x859\xf4h\x1f\xbd\xaaI\x01GKr\xe7\x1a8\
\xe6|\xcaA\x0doE\xda(\x9b\xe7r\xb0b!\x1f\
\x04\x81\x83K+z\xa4\x0f\xfcEe-V\xf0?\xa6\
\xba8\x8f[\xddL\x94\x03\xb5\x8a\xe9\xad?;\x8d\xeb\
\xa7\xef\x8cR\x81\x9aJ\xff2U*\xb2/\x96C\x1c\
\xd2\x16+\xdb\xbdLcf\x0ep\xa8\x00\xc7\xc3QJ\
E\x01\x87TT\xb2\xb0\xa1\x0a*m$\x1c\xda\xe1X\
\xc7\xd8\x97\x86\x8d\x1dZ\x99\xc6\xb0a\x07pL\xa0B\
\xa1\xd9\xe4\x88\x1fv\x80\xd7t8\xc9\x91Q\x1cCy\
\xc6x8x\x1aF\x99\x0c\xe9\xc8L!]t\xc4\x8a\
jXQ\xe6hf0\xc7\xa6j\x93\xe5\xf1>Cn\
E\xeb\x8f\xa2T\xd1S\x04a\xbd\xcd\x12\x03\xc7\x12\x17\
V\xa6\x9c\xf4h\x0a\x1c@9L\xbf\xca\xa5\xd1*q\
\x17\xe4\x1dR*\xa7f\x9f\xcaA\xc0\x1amMMJ\
)\x16\xea\x80\xc6\x1a\x0d*\x15e\x8d\x82n\x19\xb6\xb6\
\xed\x91[Qa\x83c\xc9\xf17\xdc%\x8f\x066T\
1\x96\xf9\x86\x03\x1b)n\xa8!\x81\xd3\x13\xaa\x982\
1ATCn\xdcc2\xcd\x03\xcc\x83\xa4\xa13\xca\
\xfbx\xe3\xa3[V\x9c\x15o\xaa\xe1\x8d\x1ar\xdc&\
\xd9J\x0er\xf0`\x0e\xb19\x00=d\x93}>v\
\xd08%Ir\x94\xdc-+\xe59\x87r,\x99\x10\
\x18|B\xeb\xeb\x18;\xb7Z\xa5\x9fJ\x95WW\xb1\
 {\x97\x94J\xff\x14\x95\xca\xae\xf4\xb7\x99\x91\x814\
\xf8K\xf8F\x19\x1c\x8e\xe2p\xa12\x94o\x80/Z\
,=\x22o4C8\xf4vX\xadT\xd2\xcb\xc7\xe3\
\x1b33\xce2\xe9\x1d\xa4\xfbH7\x1a\xd3\xce\xac/\
\x9e\xde'$\xc3$7\x95H\xd1\xc3\xc0\xd6\xbcD\xd8\
\xed\x19\xc6\x10O5\x9fqLL\x847R[\xe8\xf8\
\xc2/\xc8\xa6_\xaa\xf7\x83Z\xe5\x119\x1d\xb42\x81\
J+\xf9\x85\x15\x179R\xc2\x01\x03\xd4\xe7JNc\
\xacor\xa0=ZM?\x1fh\xae\xef\xe8\xba\xca\xcd\
Y\xf7\xd5\xd9\xbf\xc5\xf0\xe8\x9d8\xef\x98u*\x90\xfe\
jfS\xa3\xe9\xb7\x07;\x1c<\xf7:\x97p\x80P\
yw\xe1\x7fy\xf7\x16\xc0\xf1\x08+*N)6\xd7\
\xde\xa0\x1d\x08\xca\x1a%[t\xddq7R\xe8\xd8\x91\
\xb8\xe8\xc4\x84[L\x01\xc21\xa1\x18\x07\x03\x05\xe1\xc7\
\xf4\xb8[\x5cY\xbb\x15\xcd\xe8d^^\x9fqL\xd0\
0\xd4\xe9\xc0\x9a\xa6\x99\x10\xe5X\xf2\x80CE\xcf\x1f\
\x01vPY\x05\xdae\x81q\x14o\xc18\x8a\xbc\xb7\
\x17\xfeG\xcc\xab\x04\x92\xe6\xf2\xf7\x08tpE6\x05\
\x0e\x8a\x9dc\x94c{\xdb\xcc,~u\xf6\xb7X\x90\
\xbd\x13\x07f\x06\xa6\xb8\xc1JewO&\xf8\xc0\xf2\
6nRY*\xe3\xf0\xa9\xcd \xe1\xe0J\xec\xbb#\
\x0a*\x9b\x065J\x9b\xbaIE\xb2\xe6K\x84\x1b\x94\
[p\xbbS\xf0\x97C7\xd6\xdd\x1a\xacTT\xe6\x1b\
\x8c\x18\xd0E\x8fT\x03x\x061\x8ei|\xacl\xd1\
\xe9\xf1\xd1M+\x81\xee{]\x8aY{\x13\xa9\x02\x9f\
f\xc7\xf19\x94VY\xa4\xe4y\x168\x96\xca\xe5\xb0\
\xcd\xf1H\xfcQZL\xb1\x9c\xcb82\xc81W\x90\
v7lX\x81y>K\x1a8\x96\xb4\xcb\x11\xa8\xab\
\x18\xad\xf2\xb7X\x90\xbd#J\xc5\xeco\xbb\xbe\x1c\xe3\
Y\xa3{\xd2\x17K\xfdm\x10\xe0\xa8\xd0,\xb9\x9cZ\
\xec-\x85\x8a\x8app\x86\xc3\xad\xa8dg\x99/b\
=\xa5\xbd\xa8\xed\x0d\xa0\x1b\x9al\x98A_\xc06\xe6\
\xa7\xed,s\x9eI,\xde\x86\xba\x9b\x182Z8\x9b\
\x1d\xf79H>!\x19M<&\x1c\xc6a>\xcb\x06\
n\xb2\xd7%\xd9y=\x0el\xd1\x07\x8e\xf75pl\
\xba\x06i*\x02\x8bEY\xf3\x86\xb7[\xe0\xc6rQ\
vpJ\x8b,\xd7U\xe6\xfeE\xbb\x1c\x15\xbb\x9c\xc9\
P\x0e49\xb6WS\xad\xd2<\x19;\xeb\x9e\xbd\xba\
\x8a\x05\xd9\xbbPS\xb9\xfc\xf6\xcc\x8c\xf0\xb9<'\xe0\
0\x84\x03\xd2\xe6\xa9R\xa9\x82R\xe1Jl\xd9\x1d\xc4\
\xe1\xeb\x14d\x1d\xc3\x81c\x93+*\xb6\x16\xeb6\xb7\
\x05\xbaa[\x8b`\x8dz\x8dm\xf3^\xe8\x8b\x9a\xda\
h\x05B\xc7\xea\x14^\x5c\x10Z\x1a=\x5c\x87\xaci\
\x08\xe80\xc9p\x9f\xf6\xa7\x86\xdd\x9ex8\x1eG\x03\
\x0b\xc8^\xbb\xdb\x227\xad\xb43\x8c#\x87r\xe0\x17\
\xf6\x11\xfb\xa3\xc5e\xc5;F\x10\x0e%V\xdc\x1d\xd4\
e\xebr\x98f\xb7J\xc5R\x8e\x19\xe3r\xf08\x1f\
it\x1bk\xc6\x82\xec\xdd\xa8\xa9\xf4S\xdc@\xa5\xb2\
\x8b\x16\x07\x8e\x0cd\x87\xa3V\x87\x1e\x15\xfcV-\xe5\
\x02\x87\x99\x15\xb8\x90gp,[\xc2\xf1_J\x8fT\
M\xc5\xed\x8a\xcd\x18\x1c\xe8o\xb4\xddj\x8aoo\xec\
\xe0Ok\xec\x9f\x87\x1b\xdb\x07\x1d*[\x984\x87\xe7\
DL\x8cD\x8e\xf1Q\x91R;\xffg\xcd\x174\x9d\
[\x00\xc78VU&&\x1a\xd9\xe1\x1cn\x0e,\x87\
q\x94CR\xe5\x91Z)\xcb\x84\xe36\xc0\xb1\x5c\xc4\
\xd0\xb9\xa0\x84p\x8e9A\x8e%v9D\xab4T\
Av\x95\xc2\xa3\xfd\xa3X\x90\xbd+5\x95SP*\
\x127\x17\xe0@\x87\xa3n\xd7\xf3\xcc\x0dQ*\xef\x22\
\xe1\x18\xd2F\x0f\x8c\xa3\xa4\x07\x8d\xba\xcdm\xa1\xe0\x97\
\xd3F\xbf\x882\x05f\xf6\x88%J5\x15\x8cn\xb0\
R\xb1b\x85\x84\xc9Dh\x95\xf4\x9b\x83\xc60g\xe3\
V\xce*\x03\xc7\x04h\x95\x06\xa5O\xf4<\xb0y\xb2\
9\xda\x8b_\xe41\x0e?w\xfe/D\xe5\xe4+\xbe\
\xcc\xc5\x95\xdbp\x0e&\x81\x9bsN\xeakn.\x14\
;7\xb4pq~\x863`*<zy\x12\x0b\xb2\
\xbf}\xa5r*5\x15L\x7f\xed\xd9\xfdm\xed\x96\xad\
\xc5V\xf8G\x5c05\xaa\x03\x1cCf\x8c\xa2Py\
D\xd1/wWl\x88o\x98%\x08d\x89\xae(\x99\
\xb2.\x13\xbev\xa0\x94\x02*e\x9e\xca\xb0\xe9m\xa2\
\xa1+*\x18\xe2P\x06\xc4\xc4\xebWT\x95\x19jk\
.\x9d\xbc\x8f\x937\x86U\x5c\x186\x10\xdc8\xebj\
\x02l\x8c\x1c\xf3RXi/z\xc0!\x93\xfd\xb2.\
\xc7#H\x90>*j\xc6A\x9dl\xa3\xb5J\xc9\xda\
\x1cV\xad8\xee\xa8\xb4\xba\xc1l6c\x8fN\xf3\x1c\
0(\xc8\xc2\x12\xd9\xbf\xc6\x0e\xd9\xdf\xfcy\x8b:\xea\
OMG=O\xe2\x00\xc2\xb1\x0e\xfbb\x0dp\xc8\x8f\
\xb8\xdc\xf0\xd7\xbb\xb7\x02\x0e\x83\x1b\xcb\x8fJ\xee\xdc\xaf\
\xf2\xd2\xfb\x1e\xe1\xf0\xdaS\xdcn\xd8u\x8c}y\xe5\
\x14\xc8}5H\x92\xb0\xc9\xd1\xa1\x8a\xc5\x1b\xae\x96v\
Grt\xdcnYG\xac\xac\xe9\xa9\x1en\xd1e\xcd\
o\x81\xd1{\xaa\x99\x12u&\xa8 ;\xbdC\xff\x18\
\xda&\x85&G\x9b\xb5\x8a\xcaq`=6[\x91E\
\xad\xb2Y|D}\xb2\x8e\xfb9\x027\x1e\xd2$G\
\xeb\x8fr\xc3\xca\x9c\x8f\x1cT\x91\x9dl-B\x06\x8c\
635MA6\x9a\x1cw\xe3\xfc'\x5c\xe0vy\
\xdd<\xa0!\xc5\xc6\x1b5!\x8e\x15\xaa\xc5\x12\xe3X\
b\xa52\xa4\xa4\xb2\x9c'T\x96\xd9\x16\xa5\xf9\xc4\xfe\
\x8ei\x03\x1c\xff\xd5\x02\x87^\xf3\x98\xb1E\xdd\xf0\xc6\
\x0en~W|\xc3\xdd\xf3h\xb6/\x8dO\x8c\xbf~\
\xcc\xe2\x8d\xd5\xcb\xda\xd0\xdf8\xe1\x98\xa34\x93lZ\
\x18\xc7<UWh.\xd1:\xcf\xf4\xc9c\x1cY{\
\x94\xc7\xb8\xda0\xc72K\x96\xe1t\x83\x80\x83)\xcc\
\x9c\x12+e\xcbB\x96l\xc3\x0a\x00;\xa4Gy\xa5\
\x1b\x9a\x1c\xbd\xb3\x7f\x8b&\xc7o\xfe\xf4\xcd\x0273\
\xa5\xb8\xa9\xf7\xb7\xed\x00\xe3\xa8\xea\xd4(}\x07\x0d\x09\
q<\x1cQ\x89\xa5\xe8WIUT\xe6\xca!ct\
23^tE\x8a\xb0J\xa7 \xd1@\xec\x98\x16\xc2\
a\xd7.\xe1\xed\xc7\xcf\x8a\xafy)\x8eq\x7f\x94\xd8\
\x10hQ^\x0b~\x96\xe3\x88\x1c\x06@\x10<v\x08\
\x0c\xe7\xd9\xe3\x08\x01G\xca\xd2\x9c\x8a\xec\x9c\x1b\xe4x\
\xa4H\x07GG\xf3\xa6\xfa\xf8k|\x85\xc3\x94Jv\
\x16\xd8\x9cosTh\x1ddk\x9d3`[\x10\x1e\
m\x9e\x5cw{g\x7f;\x8f&\xc7\x1dP*0\x8a\
\xe3$\xfdy\xa1j*\xb4hZ\xb5\xb7\x9595\xfa\
n\x188\x96\x17\xf8\x1dC\x0a\xb1\xff\xe5\x91\xb5\xf14\
\xe1\x08\xf0\x0d\xd9+MR%\xdc\x0a;O\xe4\x1ep\
c\x02\xf9\x06nj#\xf4\xf8\xbb1b\x8d63\xf1\
\x14@\xadV:\xaf\x1bKwqcB\xea\xc6\xc1>\
Y\xb69\xcc\x17 SUI\x7f\xb9\xb1s\x01\x8fG\
\xee\xbe\x04\xa6\x1cA\xe4\xc8\xbaP\xe9\x1fd~\x95<\
\xa3\xc3\xbe)\x93\xc0\x10\xe2Wt\xa3\x1bN\xf3\x19\x9c\
\xbd\xba\x8a&\xc7o\xfc\xfc\x87\x1f\xba\xb0\x16\xe1\xfa\xc0\
\x868h\xd1t\xab\xdd\xaa[\xe0\xa0\xef\x9e\xcd\xec\xe8\
/\xe6\x1b\x04\x1c\xf9;\xdb0\xc2\x91~c\xffKv\
w\x9br8B\xf3\xcc\xf1G\xaf\x9b\xfa\xda\xa1z\xca\
<7\xb55\xa8\x9c2a\xfbSF\x85\xb0n\x93\xfc\
\x92A\x1c\xcc1,\x88\xe4\xea\x97\xb5\x9c\xbfT\x97\x80\
\xd3O\xafc'(O7\xfc\xe1\x1c\xc88\xd6\x89q\
,*\xe0\x98\x05\xc6a\x86\x98\xbc\xaf\x5c\x8e9\xc7\xe5\
\x90\x91>\xc5\x00B\xe4\xe0\xc6C\xe0\x1c8\x0bl\xce\
)\xac\x985.\xd9\xdc\xb9\x01\x0e\xd8\xe9\xc6\xe1\xd1\xa6\
\x99\xe6\xf3j\xd0}5\xf6}49~\xf3\xc5\xd8\xcb\
\xfeu\xff\xf2fU\x94\x8ai\x8cU!\x0e\xadTr\
\xacQ\x9e\xdc3L\xaal\x0ap\xb8;\x1f}k\xd4\
\x09\x8c\xb6eY\x9b\xec\xa1wC_&\xc0At\xa3\
\xc1UM\xdd\xd8\xe6\xa4\xbc&\x02\x97\xef\x84w\xcb\x0c\
6\x17\xc8X\xb3\x93F\xd7@\xa7@\xd8\x0b\xf8\x88}\
\x7f'\xa7\xe0\x22y\xb3\x09/9J\xa9xF\x8e\x1d\
\x1a$8\xcd&\x87D9\xfcrl\xaaT\xde\x7f?\
\x0c\x1c\xd0\xb3R\xdc\xe4\x91>\x0e\xe1\x18z\x8c\xb1m\
\xe6r\x94\xe62+!}\xadbG\x08\xae\xef\xcc7\
d(\xc7\xea\xee\xc1\xc9i\xaf\xfb*\x9a\x1c\xbf\xf1\xf3\
\xce\x85\x19\xc5\xd1?\xbd\x84b\xec.\xedSI\x09\xc7\
b\x9b\xf6\xc5R7}e)\xdf\x1aUQ\xf3\xe1B\
\x05\xc2\xe6\x1c\xfeR\x0eG\x087p\x02\x87\xbf\x06a\
}F\xf7\xc2\xda\xee\x1407\x1a\x8c\x17)\xff\xefL\
\xd0\x8bf\x1e\x0a\x1fB \x12\x98\xe1\xe5\x0d8\x1f\x0f\
\xbf\x10\xb8\x8c\x1a\xef3\xc1\xfd\xfb\x9d\xcc\x06jtH\
\xa9\xd7m\x1a\xb9\x14F9\xd6\x95;\x8a\xc0\xb1D\x8c\
\xc3s9\xe6\x94VI\x7f\xd1\x12\xea\xe2fq\xb9x\
\xdb\x03\xff{\xfc\x7fS\x10\x8b\xa3<\xa7\xfe\x12jX\
\xa9T\x048\xe6\xa7\xd9\xe40Z\x05S\xe7\x7f\x8bI\
\x8e\xdf\xf6\x81Q\x1c)n\x9c\x1e\x1d\x18\x8bc\x0b;\
c!\xc3Ak\x98h\x0a\x07\x0d\xe4\xdf\x0c\xa5F\x87\
\x03\xc7\xb2\xe3\x8c.?\xb2\x11\x0e\xb68f\x03\xc0\x81\
\x0b\xdb\xfcr\xca\x8c\xdb\xd2\xb6\xc3\xc3\xcc\xc9\xdb\x98n\
X\xb6\xc1\x98\xd1\x99\x08\xb1\x8a\x00\xc5\xe8\x00\x8f\x90M\
\xd3\xcc8:\x0a2\xe4M\xefeM\xaf|\x03\x06\x12\
\xc6\x8d\x8eK\x80\xcc'\xda!\xbd\x22\xed\xf5;L9\
T\xf4<\xcb8\xde\xcf\xa6G\x9d\x92,\xa2\xb3\xdd\x0b\
y\xab\xb3\xbc\xf0PUd\x0bs\xa5\x80\xc71'{\
\xde\x98r\xac\xac\xabF7(\xc8\x9eE\x93\xe3\xb7_\
\x8c\x85\xf1\xe6\xfd\xcb\xeb\xefI\xa9\xec\xa5Je\x1a\x94\
J\x9b&q\xc0\x0c(\xda\xe4Qz\x03\xe0\xa0\xb2\xa0\
\x1e\xde\xe3;\x1c\xb3\x19\xe0X\xc4\x0d\xb1>l\xac\xab\
\xb0\xa8\xad\xa54,\xe1\x80\xe4\x06\x81F\x87\x1e\x91%\
\xd9\xc9\xf9\xf9\xbf\x8f\xa2\x03\x0d\xd0\xce\xb8Z\x9e\xb4\xe6\
L\x0b\xec\xe4\x13\x0e5Mp\xe8\x88\xb0\x09\xadT\xf4\
\xb4sJ\x9eK\x9ac\x1a\xfeu\xb8[j}&\x9f\
q\xe4\x859@\xa9<2-+RY\xb9\xcd1+\
\x7f1\x056\xb7\xe9\x85\xc0\xa4D\xabL\x8eY\x98\x9b\
\x023\x8b\xf7\xf79\xc9\xc1&GLr\xfc\x96\x0f.\
b\xea\x9f^\xdc4\xed\xec/\x13\xe20\x84c\xd2\xd6\
b\xcb2\x89c\x14l\xe4\xf6\xa9\x00\xdbp\x97>\xba\
\xd6\xa8'UT;,\x0f\xfbZw\x1b\xda\xf4\xaa6\
$\x1c\x9aotdx\x0f\x80\xc6\x84\xd3\x9c2\xc1?\
\xfe\xe1\xec\xab+\xdd{\x90\xa1\x15k.\xed\xe8\xe4H\
\x98\xf1\xb5LT\xcc*\x95\x09E9\x10\xe9\xccgL\
\xd1s\xdd\xb5B\xb6\x0e G\xd6\xe3H\xffK\xde7\
3\x90rz\xddR\x98.=\xc2\xf1\xae\xb7\x96*\x80\
\x1c\x9b\xc6\x1fM\xff\xac\x823\x0a,S\x90\xe5\x0cX\
{\x1d\xd6$\xec\xed\x99\x82l\x13Z\xeb\x0dpD\x93\
\xe3\x0e\x14cO/M16\xc5\x8d\xad\x0d\x04\x0eX\
\xc3\xa4B\x1c$t7C\x84\xe3\xddQ\xb8\x81\xfdV\
\x94\xfez\xe4,o#\xa9b\xf7=:\x93\x02\x1d\xd4\
P\xbe\xe8\x0eS\x0e\xc1\x0c\xa8\xa740.*\xdeF\
G\xbcQ\xa5O\xb4R\xd97\x97\xf8\xbe;\x90\x9c\xb7\
\xbd\x06(\x84\x0f\x0f\x1d\xf9\x90N\x98\x92\x18D\x0aU\
c\x1d\xb12=1\xe1-Z\x99g\xa3\x03\xb4\xca<\
E\xc0<\xc6\xc1I\x0e\xcf\x1f%\xe8x\x84K\xf2L\
\xda\x0e\x10{sY\xb5\x19\x0e\xa5\x1c\xe9\x7f \xfc\xe7\
\xe0\xba\x04\xd5`?\xe7\xba\x1c2\xb4x\xd2\xd3*\xc6\
\xe4\xe8\xf5.\xfe-\x9a\x1c\xbf\xedbl\xef\x22\x05\x0e\
\xb48\xec\x08\x9f\xf5\x95\x94q\xfc\xff\xec\xbdKL\x9b\
y\xbe\xf7)\x1d\x9d\xa3\x9c\xd6\xe9\xc1\x10\x11\x14\xd9e\
n\x8dCcq1\xf7;\x0ev%(q\xa1$B\
El\x811%\xc1\xda\x12\x8b\xc8\xab\xd9z\xf5.\xb2\
@GA\x8e\x14\xf4.R\xae(\x9bh\x16\xaf\x8eg\
QQ\xbf\xb1\xba\xbaY\x94F\xd5\x8b\x13\xd4\xdd\xa5\xd7\
/\x0c\xaa\xaeRj\x0a\xba\xaa[=J\xcd\xffw\xf9\
\xdf\x9e\xe7\xb1!\xd5=\xb3\xf0\xf8\x01\x8c1\xe6\x92\xe0\
\xe7\xe3\xef\xef\xfb\xbbuK\xc5q\x8d\x9a\x22\x85L\xf5\
\x1c\xe1cfT\x5c\xe0 C\x7f\x86\x0c\x0e\x18o\x9e\
0\xb7\xc5rNEG*Vg\xdb\x98\xdd\x0e\xdbg\
\x17\x99\xf3\xe8\x8d\x11.\xfa\xda\xe0\xb2/eolt\
\xaa\x8a\xd1NG\x1a\x96\xcf\xdd%-6\x1c@\x90\xe3\
F\xdd\x0a\xc3\x15\xa48o\xda\xb8\xf0$\xf4\x0d\xdc\x0d\
\xc5\x05\xf2\x9d!\xd3\xe7\x08\xb1\xa0\xea\x1bQ\x82c\xcc\
\xda\xac\x225\x87Sq\x18\xc1J\x98\x12+D\xec\x8b\
\xe6U\xa0\x16gF\xba\x1c\xcc\x0e/\xc5a\xect\xc3\
X\x05\x13\xb2\xab\x04\x0e09\xa0\x04\xac1\x93\xa3\xbe\
\x93\xb1`q<\x7fe\x96\x8d\xde\x1b\xd1\xa3\xbf\xae_\
\xa7\xf66$\x87x8y\xd6~\x99*\xa4f\xcd\xa8\
 G0lY\xa3]\x01\xab\x88\xc3Cp\xc8dJ\
\x9f\xce\xa6\xdc\xe3\xea\x8d\x9b\xb8mI\x15}\x19\xa6(\
S\xc3i\x80.Q\xdd\xb9\x08#\xee[\xb6\x84\x87\xdb\
\xe9\x8d\x8a\x0d\xa7\x06\xa9\x9eiQ<\xea\xac^9\x22\
\x07\x80\x993\x0e\xa5\xe6\x90\xd5\xa3\xbc,al\xcc\x04\
\x07\xfb\xa3\x01w\xcb\x8aA\x0er9\x98\xd9\x17\xb49\
p\xff\x9e\xfa\x0b\xc9n\x22[r\xc8\x220j\x91\x15\
\xe0@\xc9q\x9bc\x1509\xa0\x04\xec\x8f\x1f4\x06\
\x8f\xd6\xaf\xc5A{\x11\xf6\x9fs\xbd\xb9\xaa\xfeR\xb9\
\xd8\xeb\xdcP_\xdd\x1am:\xd7\xe0H\xccHj\x84\
\xcd~z\x92\xbc\x01\x0f\xc11\xb6\xb2)3\xb1jy\
\x8ac@\xe0\x88Ya\x1e\xd2u\xa2D\x0cY\xc1\xa1\
\xd4\xc6}\xd5\xec\xbe\xb4\xe4\xec;cws\xc3\xf3\xac\
?\xff\xd5\xf3V\xc3\xfa\xd8X\xaa9\xcag\xc3\x98q\
\x88\x0dy:)+g\xfa\x8c\xb8$\xc7\xb8)9\xbc\
\xfd\xd1\xb0\xb49\xc8\x95\xbe\xa8\xcba\x82\x03\xdf\xbd\xa7\
\x16\xc9\x9a\xb1\xca8\x97rp\xa3[\x9f69\xb0\xb5\
~\x1fM\x8e\xc6\xe0\xd1\xba\xb68^\xec\xefS\x15\xc7\
\xdd\xbb\xcb\xabKBp`Ne\x85&q\xe8\x01>\
\xf4\x98\xf4\xd7jR\xa9\x9aR\xf1+t\xf8\xad\x5c,\
O\xf0\xf1\x88T\x84\xe2\xa86\xcb\x9c\xcb\xcco\x86F\
d\x0b}\xe7\xcdN\xd5\x11\x0b\xbc\x00\x8f\x03Y\xd1I\
\xc8\x10\xea\xa2SH\x8c\xfb\xae\x0d\xb0.\xc9\xb1Q#\
\x83\xb2QEwT38\x96\x5c\x13\xce;\xbd7\xc8\
n\x18\x1b\xa3\xe0_\xc0]7\xc4\xc8\xbe\x11\xaf\x84l\
\x84%\x07\x8a\x0et9\xbc\x8a9PrH\xc51\xf3\
\x8e\xf6(\x83\xc3(\x03\x1br\x05+\xd2\xe4\x80R\x8e\
\x9b\xd2\xe4\xb8\x01\xed*P\x02\xf6\xb01x\xb4\x8e-\
\x8eO\x9eB\xbd\xf9\xfe\x03\x8aTn\xd3>\x15#R\
QE\xa3CU\xcaF-lx\x14q@\xfd\x91*\
\xe1\xf0\x1bs8\xcc\xa5\x08\x11g.VfT\xa4\xe0\
0S\xb0\xf7F8\x0d\xbba\xf4\xb4qI\x84].\
z_\x9e\xba\xf7IT\x08x\x98\xa0\xd8X:\xa7\xae\
\xab\x9a\xbfQ\xf5\x83\x0d\xfb:\x17\x94.-Qpt\
\xdf\x09\x8f\x0d\xa9\x8e6\x8c@E\x8d\x03C\xc9\xd1\xc7\
u`\xb6\xe4\x88\xb0?\x8a\x09\xd9@\xc0\xdb\xe6@\xb9\
\xa1$\xc7\x05]\x0e\xfc{\xb2\xe4\xd0\x7f)\xee\xb1\xe7\
\xd8E\x96\xdfP\x0d\x18\xc4*\xb7\xfa\xee\xdd\xdcP\xee\
\xe8\x8d\x87\x9f?\xfa\xa4\xd1\xe7V\xf7\x16\x87\x88T\x9e\
P\x15\xc7\xea\xaa\x8cT\x0470T\xc1\xfd\xc6R\x0d\
{Y\xa3\xa3\xe7\x80C\xd7\x8cR\xa0b\x83c\xdc[\
p\xac\xab8\x85\xb8A\xe5\x1b}*\x11\x1b\xba9r\
3\xa4\xcb\xbeT\x94\xd2\x86YXsC\xca\x06)\x0e\
\xbc\xde\xd9fUrYe\x18\x1b\xe7\x1b\x1a\xa6YZ\
\x8b:\x1b\x96u\xbad\x14\xa1\xb69g\x95\x12\xeb\xb0\
\xdcD\x0e9\xecT\xc1\x0a\x16\xd3\x87\xd4 Aw\xac\
\x12\xe1x\xa5K\x82#\x10p\x94\x8f\xe2\xc0$)9\
\xfc\x17\xca\xab 8ft_\x809\xbc\x18\xbe\xf5{\
F\x1a\xfd\xda\xb8\x9c\xe6#b\x95{\x08\x8ee\xaa\xe4\
\x80\x12\xb0o\x1a\xc3|\xea\xb9\x8a\xe3\xf1\x0bH\xaa\xbc\
\xe4\x19>hq\x8c\xe0\x90\xe2_t\xdb\x82\x03\xda\xac\
\xbd\xc1\xd1R\x03\x1c\x09\xc3\x19\x0dSR\xc5\xb5\xbem\
\xdc\x1d\xa8\xac\xaf\x9b\xf9\x94\x91>{\xe5\x928\x9dn\
\x86d\xd9W\xa7\xca\xa5\xf02X\xb4C\xa9\x8a\x82\x82\
\x13\x11\xa7\x88w\xf7\xe1T\xbf\xef\xce\x82\xb4mT\xf1\
FA),\xc9\xe4\xac<\xcc\xacmu\x8f\xc3#\x1a\
\x92\x1f-\xb5y\xa0\xc3\x12\x1d\xc8\x8f\x11=\x0b\x8ck\
\xcfy`1\x83#\x12\xd1\x19\xd9@\x80\x83\x15\x06\xc7\
\x90\x9c!\xc8\xa0\xe6M\xbd\x17\xf39f`\xfe\xa3\x06\
\xc7\x90\xbdie\xc8N\xa3\xabF\xb7[\xd0[o\x9a\
\x1c\xaf\xd1\x1dm\x94\x80\xfd\xff\xa3\x8a\xe3C\x1c6\xba\
1\xd2\xb7.\xab\xbf\xaeS\x0d\xc7\xb8\x04G\xcb\xbb\x82\
\xc3\x9ck\xee\x97\xe0\x08rC}\xc0\xbb\xbd\xcd\xd8\x0f\
k\xdb\xa2\xdc\xd5\xc6E\xe6\x9d\xc6nX\xe9\x89\xd2\xc9\
x_;\x1b\x9cr\xbd/\x01\xb2\xe4\x10\x05\x1b\xa6U\
\xca\xa8\xd0\xa0hs\xf1b\xc9<\xda\xcc\xcf\x99\xdf\xd8\
er\x98\xa8\xb9o\xd9\xa5\x04\xbc\x0d\xb3\xc5^Y\xbe\
\xba\xc1~\xc4\xca\xabP\xac2\xde\xdf\xcb\xf5\xa3\x0c\x8e\
.\x09\x8e!{n\xb1\xa18.\x16\xaa4\xcd\xf8\x13\
\x9e\xe4\x00\xdf#hNC\x90\x09\xd9\xf7q\xbf\x0a\xaf\
\x82\xc4>\xb7F\x09X\xbd[\x1c\xd0\xa8\xf2\x82\xaa8\
Pp\xdc\xdc\xb8\x07\xfdm\xbf\xec\xa6T,\x81\x83\x86\
N\xba\x87\x8d\xda\x15\x1c\xd5\xb2*:\x17\xcb\xe0\x182\
-\x0eW\xa4b\x0c4w%T\xc4\x99\x84a\x8a\xea\
K\xb1\xd0A\xb9W8;;U\xf9\x95\xd5\xaa\xb6\xe4\
)\x12<P!\xbb\xe6]\xb8h\xb3!b\xc0\xc6\x00\
\x08\xa5o\xda\xacn\xfc%\xf3\x97\xd80\x9aY:7\
\xda\xb8\xd4U.\x9f\x0b\xa9\xc4\xca=c\xb7\xdb\x98\x95\
\x91\x8dp\xa0\x82\xba\xc3\x09\x8e!c5\xd3{aB\
\xf6\x05{V\xa8\x0e\x18\xc9\xf1\x1e;\x1d<\xf8\x1c\xd3\
\xf1\xb0\xb13\xa8;\xdd\xc6\x95\xc9A\xe0X]\xe5\x12\
\xb0\x86;Z\xdf\x16\xc7\xc7\x8f\x9f\xef\xef?A\x8bC\
O)\xa6Y\xa3\xaajT\xa5\xe2\x12\xee\xb5\x08N\xbd\
\xe1\x01\x0eU4\x0a\x13\x03\x11\x1c\xc1\xe0\x90g\xa4\xd2\
\xed\x9c\xc11f\xd7\x99\xd3Y\x04\xd9\x94\x0d\x19\xa8\xe8\
\x91=$7:I^\xdcoc\xc1\xb1a\x04\x09\x0a\
\x1b\xe6\xd3\xbf\xc2E\x9b\xcd\x0a\xc7QMq\xb4Y\xba\
\xc4\xbc\xd9n~\xe3\xdc\x8b4g\xd9\xa9U\xadvh\
\xcf\xe8\x90K\xed\xcc\x0e\x193}\x9c\x92C\x84*\xbd\
\x1c\xadhp\x04<\xe6\x8f\x86\xdf\xe3`q\xe6\x226\
\x07\x81\xa3\xc5\xaf\x04\x879\xbb\x98\xf2,A\xa3\xee\x5c\
\x82c}\x84\x12\xb2\xabX\xc9\x81%`\x02\x1c\x8d\x12\
\xb0z\xb58\xfe\x0by\xa3\x9f\xff\xe6#\xb526\x84\
\xc3\xcd\xa9jT\x1a\x1c\xe3\x1c\xdfz\xe5T\xaa\x83c\
\x86z\xba\x0d\xb5\x81\xe0\x08\xaa\xd1_\x01\xc7\x82zs\
\xdb\xa3,5\x1f\x1b\xb1\x04\xc7=L\xc2R\x9d\xa8\x9a\
\x10\xae\x8a\xcb\x8d\x8c\xab!4\x8c\xf8\xc3\x98\x0a\xba\xa4\
<\x0c\x0f\xc5\xd1\xe6\xc6\x81\x8b \x96\xe2\xf0\x10\x22d\
\x85.\x19\xce\xa8l\x8c\xb9\xcf\xd8\xc0\xcb\x8d\xb6\xce6\
S4\x119\xe4\xae\x04\xde\xa3\xdd\xe7\x90\x1c\xdd\xfd\xe3\
\x91~Kq\x04\x90\x1b\x1e\xb1\xca{\xba|\xf4B\xa1\
J\x93\x0d\x0e\x83\x1d\x0c\x0e\x1d\xabt\xa9Xe\xe5\xfd\
\x91\x11.\x1e\xbd{\x83K\xc0^?yv\xb7q\x8e\
\xd5\xe5\xf1\xb3\xe7\x9f@\xf9\xd7\x0b\xa8\xe2\x903|n\
\xc2$\x8e\x155\x89\xc3\xdc\x17\x96\xf0\x9cR\x5cSq\
$\x8c\x11\xc5\xe1p\x98\xc1\xe1n\x8cuX\x1c\xc6\xac\
\xc0[\x0e\x8bCM\xecaK\xa0mCW{\xc1\xd3\
9\xbb\x19\x8eP\xa4\x0a\x0a\x5c\x8ac\xc9R\x1cm\xc6\
\x9b\xd7whs8!\xb6\x10\xd1Hisu\xc3(\
\xc9A\xa6G[[\x9bj\xe8\x95IY\xa58\xee9\
\x12+\x80\x0dt9\xfa{\x85\xe6\xc0Z\x8e.'8\
\xac\xc2\xf30\x0f_\xa3\xb9\xc5\x17\x02\xc7\x8c]\x04\xa6\
\x06\x82\x118\x80\x1cA\xa98\xae\xff\xa2{\xa5\xbf{\
\xfd\xfd{#\x1b\xb7\xb9\xea\x1c\xdc\xd1\x17\x8f\x9f~\xf3\
\xb2\xe1\x8e\xd6\xe7\xf1/\x8f\x0coT.b\x1a\xd1\xe0\
0r\xb1\x14\xa9\xb8\x05\xc79\xe0P9\x15u\xe8H\
\xa5\xcb\xd3\x1a56K[\x06\x07\x8d\xed\x09\xdd\x1c\xe1\
\xd1\xa2!\xdd\x1d\xc6\x99\xd7\xfbH\x0e\xb35\x95\xcf\xd2\
\xfb5L\x0a;\xfe\x90\xd7&\xc5\x0b]\xe25u1\
iK\x8b\xb6I\x87Vi3\xa0\xa1\x88\xc3\x11\x92U\
@J\xd1T\xdb}4;\x96x\xc7\x8a9\xd9\xe7\xa6\
^`\xaf\x97\xbb\xc1\x7f\xca\xa6*\xe50\x5c\x0e\x0d\x0e\
\xa7\xcb\xf1\x9e\x9f\xf0A\x9dn\x17V\x1c\xa3\x0c\x8e\xf7\
\x8cb\x0e\x09\x8e\x84\xe5\x8fr\xd9\xf9\xfa\xfb\xef\xebv\
\x95\x1b\x1f~\xf0\xec\xc9\xe3\x86;Z\xb7\xc7\xcf?\xa6\
\xdd\x8f\x5c\xfe\x85U\x1c!,\xe2XQ\x91\xca5\xb5\
;\xd4\xb3l\xf4\x5cp$\x0cc\x94\x93\xb1vN\xc5\
\x91\x8c]\x1f3\x8a8\x1ck\x1e\xe5\xaa\xb6\x9b!\x9e\
\xf1\xb5!\xa7\xf4\xc8L+=\x8fK\xf3\xe2\xbe#3\
\xb2\xe4t)\xdc\x1aD\xc0aRr\xa2\x8d\xc9A\x17\
t\xf3\x92\x85\x96%\xf3&\x8ft\x8b\xb7\xca\xb1\xd3\xb4\
\x10\xd0p\x83?\xd7t\xa8\xfdL\x1c\xb0x\x81\x83\xca\
G\xa5\xe4\xd0\xdcpJ\x0elX\x09\xeb)J\x17\x18\
\x01\xc6&\x87\x91XA\x87\xd4\xd8\x18\x07\xe0\xb0z\xeb\
\x058\xc6n\xc1B\xb7\xdb\xab\xb2\x04\xec\xd5\xe3\xc7\xaf\
/5\xdc\xd1\xfa<.\xfd\xc7#\xd8\xa8\xf2\x1c\x86\xf8\
\xc8\xb2\xd1\xd0\xbd\xf7\xed5L\xb4\xc0\xc3\xdb\xe2\xf0\x98\
w^+\xa3bX\xa3\xeeA\x1cJpx\xa6b\xef\
\x91\xde\xe0\xa7a\xc3\x0e\x80\xa659\xfa\xc2J\x9f\x10\
:\x84\x10\xa1\xa1\xa0\xd6Y\xad\x95\xc5\x92\xa1(\xe8&\
\x82\xc4\xe4\xa4D\xc8\xa4\xc4G\x9b\xfa\x8cq\xe0\x9d\x96\
\x8co\xb7ds\xca\xd64F\xbb\xacJ\xef`\xc0\x82\
I\x96N\xd5f\x03\x87\xda\x099b\x15\x81y&V\
\x02\xfa\xd0\xe0\x08\x06ef%\x11\xe6IJ\xb5j9\
ff\xbc\xc01D\xd8H\xbcg\xf1\xc8\xf8\x13^\xbb\
N\xf3\x10\xa8\xcf\xed\xb6rG?\x07w\xb4Q;\x0f\
\x9a\xf4\xe9\x00\x00 \x00IDATZ\x9f\xde\xe8\x0b\
\xeep\xfb\x9c,\x0e\xdc\xa7r\xf3\xde\xba\xce\xa9\xe8\xa2\
QL\xc6\xba\xc1q\xae\xc5\x91\xe0\xde6\xbf?\x9cp\
\x80#`\xf7\xb7u;\xb6\xc4\x9az\xe3\x9e\xd2\x1b!\
\xec\x86U\x93z\xd4\xae\xc5\xfb\xda\xa3hk\xb3\x9c\x86\
j\xc7\xa4\x12\x0e\xf2|\x97(`Z\x98jCk\x0e\
V\x22\x86\x1a\xa1\xaf\xaa\x22<\xda\xaa\xeb\x9b6\xdb\xec\
\x00\xf81\x0f\xa5\xcdA\xa0\xa4%+}\xaeZ\x0e\x8c\
Uz1\xb5\x12\xe0\xcas\xc1\x0dc[B\xd0\x18$\
H\xaa\xc3\xef\xaf1\x96\x03o\xe6\x85|\xe2\x19\xc1R\
\x1c\xd2\x95\x92\xa1JP\xb3\x1f\xe7\x80\xe1\xac\xf3\xd0M\
J\xab\xdc\x10\xe0x\xf0\xf2\xf9'\xcf\xbf~\xd6\xa8\x1d\
\xad\xc7\xe3\x9f?\xfd_\xd1\x1b}\xfe\xec\x83\x0f$8\
6\xee\xd1tsY6j\xac\x0e\xf5\x5c\xc4t\xae\xc5\
\xa1\xbab%8\xf0\xe9*`\x15qt\x1b\xe0\xb0\xbb\
\xe9\xedy_!\x96\x1cj\xbc\x97\xecx\xbd\xaf\xb3\x9e\
\xeftHn\x18\xa40\xaf-Y\x8aC\xc1\xc3P#\
\x0a'\x93JpLV\x09_0t\xd2\xe9[\x99\xb1\
]jS%'\xdc\xca\xc2\x16\xa9^\xb4\x12\xd2\xcdn\
\x14\xac\xb0=\xea)9\x8c\x86\x95\xa0vG\x19\x1c5\
\x1aVfds\xac<\xfc&6\xb8IVE@A\
\x9c!8\xae\xc6\xf9\x5cGw\x94Z\xeb1\xad\xf2\xd1\
\xb3\x17Pt\xde\xe8\xac\xaf\xc7\xe3\x9f\xbe\x07ot\xff\
\xc5\x8b\x87\x10\xa9`\x15\xc7\xfd\x8d{\xb40\xb6[U\
\x8d*o\xd4\x05\x0e\x0f\x87\xa3\xa5J\x09\x87|\xf8\x1a\
\x0d\xf5\xdc\xa72nF*\xebV\xed\xd7\xad>k\xe0\
\x97YcN\x8a\xa3\x8d\x0a\xa9t\xbd&?\x93W\xe7\
\x87\xb69-\xdbS}\xce \x07\xc3A^k\x9b\x94\
\xe1\x8aC\x88X\xac\xb1\xbeQ\x95cCK\x8e%#\
_{\x9fw*\xa8\x11\xa4 86:o\xdac\x04\
)X\x91\x8a#\xd2\xab\xc0\xd1\xc5\xf5\x1cz\x1c\x18\xc5\
*A\xce\xc4\xaa\xf2\xd1*y\x15\xf1\xa7\x13\xc1\xca\xa8\
\x01\x0e\xbf\xa98\x12\x8elM\x10\x1bf\xc71V\x81\
G\x8b\x88Uhk\xbdtG\x1f\xeeCZ\xe5\xa3F\
g}]z\xa3\x8f\x9fB\xa4\xb2\xff@N\x1b\x95\xde\
\xa8\x12\x1c5\xab8F\xcf\xb7F-\x87C\xab\x5c\x03\
\x1c\xfd6867U\xa42b\x0a\x0e\xb9\x04\xe1&\
6\x9es\x89\xb95\x7f\xcb\xdb\xectF':\xec\x98\
\xb4\xc4\x82e[(\x1a\xb4M\xeaW\x8b%2f\xb1\
\xe3\x19\xeb\xfb\xd4\xa6\x07\xfc\xaa\xf7\x8d\xa0\xe5\xbeQ\xe9\
A\x8d+V!X\xc8\xae\xe5\xd0y\x95^\xb7\xc9a\
\x83\x83,\x0e\xf9R#\xaf\xd2\x02m*\xc6\xd1b5\
\xba\xf1\x9cb\x87\xe4\xe8\x92\xe0\xe8\xee_y\xff\x16)\
\x8eU\xecs\xbb\x81\xb5\xa3\x8d\xb4J\x9dz\xa3\x8f\xd1\
\x1b}\x22\xcb\xbfpg\xec\xfb\xeb+\xbf\xfc\x85T\x1c\
\x96\xe0\x98y\xc7HEu\xc5\xfaMp\x0cY\xd5_\
r\xd6\xa8\x14\x1c\x9bcH\x0e\xdc\xd8&\x15\x87\xd1F\
\x7fS\xeb\x0d5kCV\x92\x1b\x96\xc2\xed*bc\
R\x1b\x19N\x87\xd3u\xb4\xc9O-9a\xd16\xa9\
H\xd26Y\xf50\x95\xc7\xe4R\x0d\x0fD5\xe8\xd2\
b\xa7\x0d\x0eWXst\x1a\x93\x8bG\x1c\xf6\xe8\xb8\
N\xc9\x82\xc51\xeem\x8fR\x97\x1b\xc5\x8b5\xcaG\
\x11\x1c\x9a\x1dlr\x0cQ)\x87ln3\x14\xc7P\
P\x82\xe3:\x82\x03\xc6\x80\xe9\x120rG/5\xe6\
\x8e\xd6\xa57\xfa\xc9c\x1cp~\xe97lql\x90\
\xc5\xd1\xddM\xe0\x18\xb7\xab\xbf\xfc\xef\xeap\xcc$L\
\xb5a\xe6b\x03\x96\xe20\x0c\x8eM\xde\xdaf\x18\x1c\
\xf7\xc8\xe2\xe0\x19\x15\x9c\x83\xdd\xd0+\x09\xccz\xad\xdb\
\xe7(\x0e\xb63\xfe\xbf;\x18T5~'\xa5\x94\xac\
\xc1\xe8*ZQM\xf6U$GD.u\xd3\xa2c\
(\xe0\x94\x1c\x5cBS{.\x87\x08=gfF\x9b\
\x9a\x9a$8\xcc\xdez\x15\xab\xe8\xc5\xbf\xa09\xc6\xa9\
\x06L\xfc\x05\xaf\xaf\xac\x8f\xdd\x1aQ\x95\x1c\xd8Y\x0f\
i\x95F\xd1y\x1dz\xa3X7\xfa\xe4\xc5\xf3\x97\x1f\
\xd0\xd4\xc0%(\x1b\xed\x83\xbe\xd8n\xb31\x96:\xaa\
=\xe7\x9b\xd7\x02GB\x8d\xfd\xe2\x11\xc5F\x83[\xc0\
,7W\xd6\xe8\xfa\xfa\x18\xef|\xb4+F\xc9\x17U\
\xa37\xa4+\xba\xa1\xe4\x86q\xdc&\xb9\xb1\xea\x92\x1a\
\x86\xdc\xe0c`@\xbc\xe1\xeb\xff\x8b\xe0PaKU\
\xd9q\x7fI\xd7\xadav\x08\xd3+*\xb9bk\x0e\
\x04\xc7\xa6G\x11\x98\x16\x1c\x96=\x1a4\xc1\xc1\x8a\xa3\
Jb\x05\x92d\x90NQ\xa1\x8a\x8cU\x86<M\x8e\
DP\xd6\x80]\x07r\xf4CB\x16\xc1\xb1\xbc\x8a&\
\xc7\x83\x97\xcf\x1f\xbf~\xd2H\xab\xd4\xe1\xa1\xeaF!\
\xa9\x02+\xdc\xd0\xe1\xe0\xb2\xd1k\x00\x0e9\xa3\x18\xc0\
\xe1\x1e7\xea\xf7\x9fgqh\x87#aY\xa3\x04\x8e\
.G\xa4\xb2\xbe\xb2\xbe\xe9\xd1\xdc\x16\x92\x81\x8a\xecJ\
\xd9\xe8\xc4q\xc3\x86\xb5\xe1\x91gU\xc40\xecP@\
\x04bb\x00_$6\x98\x1c\xff0\x80\x0c \x92,\
z\x0c\x9ccx,\x19\xdb\x18 \xc9\xb2a\x16\x91B\
C\x0ede\xc9\x1d\xed\xd3E`\x11\xe8X\x89\xb8\xf3\
*\xeeZ\x0e\xb2\xa6\xb1\xa8f\xa6\x9a\xe4 p\x98\x1e\
\x87\xdf\x16\x1c\xefU\x07G7%do\xa2;\xba\xda\
(:\xafso\xf4{\xac\x1b\xdd\xdf\x7f\xf8\x81\x9a\xc5\
a$c\xc7i\x0fSW\x97\xac5ni\xfa\x89\x16\
G\xd8i\x8d\x06x\xd6\xa83R\xd9\x1c\xf3nQ\x91\
\xbe\xa8\xec\x9d\xe7\xcdkV\x99\xc4m\xe9l\xac\xc2\xeb\
\xe4\xd2\xaa\x00\x05\xa7Z\xc5{8\x99\x97\x08\x17\x0ef\
\x0cL\xfe\x83E\xc7\xc0\xa4\xc9&\x1d\xb3\x88_\xa2\x1a\
<t>\xa8\x8d\xda\xde\x96\x148\xb8\xa0C\xfa\xa3\x1e\
\x92C\xd9\xa3\xe3\xca\xe4p\x97\x8f\x86\x85\xd2\x90\xc1\x0a\
\xc8\x8d\x19or\xb4X\xf6\xa8E\x0e\xb9\x84:\xe1 \
\x87\x9c<*\xc016\xb2\xa1\x1ad\xb1\xe8\xfc\xe9\xeb\
?6\xd2*\xf5w\xfc\xdb\xc7\x9f\xe0\xf2\xc7'\x0fT\
\xf9\xd7\xbd{j\xd54\x97\x7f\x8dW\x1fS\x5c\x0b\x1c\
\x09c\xb2\xb9\xdf\x0b\x1c\xca\xe1\xb0\x02\x15-8F\xcc\
\xa5m\x98K!\x83\x03\xfd\x8d%U\xf7\xe5\xcc\xa4\xac\
\xf2\xf9)\xb0\x81\xef\x07\xe0r\x15\xaf\x0fh\xb5\xe1x\
\xfd\x07\x07+\x9a\x19\xea\xda\x00\xaa\x9dje\x1e\xf7\xb5\
\xcd\xb1\xa479u\x9a\x89Y\x079\xd8\xe5\x88\x98\xc1\
\x8a\x96\x1c\xee\x81\xe7\x96\xc9\xe1\xafjr\xb8\xc1a\xa1\
\xe3=\x078\x82Cf^ee\xfd}\x13\x1c7\x1e\
\xbez\xd4H\xab\xd4\xe5\xf1\x8a\x93*\xaf~C\x16\x07\
z\xa3\x18\xa9\xf4\xeb\xc5\x8f\xd5\xab8\xdc\xa1\x8aW.\
6\xe1P\x1c\x14\xa9x\x0a\x8e1N\xc5\xda\xcb\xa5C\
j\x1b=eSp/J\x9bW\xe3\x09)\x8c\x01\xa4\
\x84\xad\x00\x06Pp\xc0\x85\x11\xa9h\xc1\xf1\x99\xb8\xfc\
\x0c\xdf\xd3\x9b\xe3\x8b]\xeaa\xb2\x96N\x190\xbe\xcc\
\xf8\x06\xa4y\x06\x06,\xcb\xc5m\x93r\xef\x0a\xf5\xcd\
vrr\x85\x93\xb2#!c.\xc7\xa6\x1cwn\x16\
\x81I\xcd\xa1$G\x90b\x95\xb0E\x8es\xfbT<\
\x15Gb\x88\xca\xce]\xe0\x80`\xa5\x9b\xdbU`$\
\xc7m*:\xdf\xa3\xb4\xca\xb3F\xb7J\xbd\x1d?{\
\x81=\xf5O\x9e_\xfa\x0d\xb4\xc6\xe2\xce\xd8\x9b`q\
\xacw[\x8b\x1f/\xae8\xac\xbe\x87\x84\xec\xaa2\xc1\
\xc1\xd6h\xc0\xd9\x19k\x96p\xdc\xb2+Feg\xdb\
FHm\x90fg\xd4\xd6\x19\x18\xa1\x08f\xacRD\
\xa0\xceYu\xce\xe3\xb5\x01\xeb\xb0\xa00`\x85\x19\x9f\
\x11f\x8c\x17\xfeb+\xbc\xf9L\xd2f@\xbd\x19\xf1\
\xd0\x80\xe6\x93\xbau`\x89^\x88q\x93\xab\xec\xe3\xde\
63,z\xa3\x82\x12\x1c\x9df\x15\x98\x99\x91\x8dx\
I\x0e\xed\x8f\x06\x13\x168j\x17s8\xc1\xa1\xddQ\
\x95\x90\xe5|\xac~\x160\xa6\xf9\x08\xc9\xc1}nw\
UZ\xe5\xc9\xcbFZ\xa5\xee\x92*O\xb1nt\xff\
\xf9K\xa18\xd8\xe2\xc0\x19>+rh\xa0\xb9\xea\xc7\
k\x88Omk\xd4\x88T\xc8\x9e\x0b\xf2\x04\x1f\x9d\x8c\
5\x17\xc6*p\x98\x06\x07/zT-\xf4\x1b\xca\xe0\
\x90A\xca}\xed\x84\x0e(\x13\xc1<{\xd9\xad\xf48\
&\xed+\x0a\x10&O\xacs^S\x85\xdfl\xcfD\
I\x0c\xc5\xa8I\x8bPRx\x90(\x1a@\xc8\xa1\x0b\
3p\xdb,>\xe1\xe9\xec\xb2\xd7\xde\x83\x1cfs\xfd\
9.\x87\x178\xc2\xd5f\x08\xba\xc0\xd1\xe2N\xc8\x02\
9\xe4\xc4i\x09\x8e\xeb\xdc\xe7\xb6>&\xc0\x01\x09Y\
N\xab\xbc~\xfc\xf4E\x03\x1cu\x9aT\xc1N\x15\xb4\
8\x966\xb0lTZ\x1c\xe3\xe3f\xc1y\xc2cN\
q\xcd\xba\xd1p\xd5\xa2Q\x9d\x8c\x1d\xf7\x12\x1c\xc6Z\
z]i~S\xedh\x93\xcbR\x9cU\xa2\x93\xab\xca\
\x85dY\xa0\x02\x84\x81\xea\xd8PZB\x8b\x0a7f\
4W\xac\x0f\xcd/\x1e\xd0\x9c\x984\xefb~\x97I\
[|\x90,B\x86x\x99\xa5\x5cM\xdf\xc6\xf3\x04e\
\xb4\x22%\xc7\xa6Y\x04V\xa3a%\xa8\xdb\xdc\xfcz\
\x19\xa4\xffb&\x07\xfc=\xbd\xc0\x910f\xc7\x028\
\xaeQ\x9f\x9b\x88U\xb8AV\xa7U^_\xba\xd1\xe8\
V\xa9\xb3\x03w1=\xd9\x7f\xfe\x02\x92*w!\x19\
\xbb1\x02\xf3\xcd\x1d\xe0P^\xba\xc7\x0a\xb7Z\x92C\
7\xb7\x85\x13\xdc\x15\x9b\xf0\x00\x87\x91R\xf1(\xe1\x08\
)\x7f#\x84\xbe\xa8\xdelb \xe3\xb6v\x1bVA\
l\xe09\xbb40Y\x95\x19\xd5\x94\x87\x8aG&\x9d\
P\x98\xb4>o\xa1B\xde\xcb\x14,\x03n^\xf1\xef\
e\x062\x8c96ruU\x87\x9e6\xb8\xb4\xd1\xa6\
F\x91\xa2\xe6P\x1d+*\xaf\x12q\xba\x1cRq\x04\
\x5c\x8bd\x0dt\x5c,Vi\xd1\x19Y]\xc9a\x92\
$\x18\x1cRk\xeb\x7fq\xbd{\x05\xd2*\x0a\x1c\x1f\
<\xdb\x87\xa2\xf3F>\xb6\xfe\x92*\x8f\x9f?y\x05\
\x9d*\x1f\xb17zs\x84\x92\xb1\xd7\x8di\xa3]C\
\xd5\xeaF\x9b\xaaR#\xa1\x8aFM\x83#(\xa7\x9b\
[\x16\x07\x81csE\xd6~\x995\xa3!\xce\xa8\xc8\
\xb9\xa2z\x80\x96]X>\xc0U\x1a\xab\xfa|]\x1d\
x\xa7C\x9f\xf5^\x92\xc3+\xb21\xb11`|\xad\
M\x1a\xcf\xefc\xc5@\xf8\xbb\x0fH\x8b\xc6l\xb9\xe7\
\xc9D\xa6\xe6P\xc5\x1cc\x9bTn\xe3\x98\x04\x86\xd9\
*;\xb1b\x14\x8f&t\xddy\x0d\xc9\xd1\xa4\xc1\xd1\
\xd4\xe4N\xc8\x129xo8U\x8fR%\x07\x82\x03\
\xdc\xd1\xdb*\x1f\x0bi\x95\x97\x8d\x05\xb2u\x07\x0e\xd5\
\xa9\x22\x14\xc7\xf2\xaa\xa3\xc1m\xdc\xb2F\xbd\xc01Z\
\xb3\x84C\xee|\x0c\xebvz=\xdd\xdc\x98\xe1C\xc9\
\xd8M;\xa52\xe2P\x1c\x9d!\xde\xd0\x86\xb1\xbfN\
a\x82\xdc\xc0g\xefU\x95\xc1 h,\xd5\xc4\xc4g\
\xfcfP\xc3%>\x5c\x81\x8a\x176\x9cQ\x8f!Z\
\xce\xe3\x94\xb2F\x06\x8cF9\x89\xc36\xb3\xa6C\x17\
\x82\x99\x19\xd9M\xcb\xe5p*\x0e\xcf\xc4\x0a\xea@\xc5\
\x8dj\x95\x1c&9F\xed1`\xc0\x0e\x1a\xc9\xa1\xfe\
\xa0A\xec\x90\xbd\xa6J\xc0\xee\xc1\x06\xd9\xd5UpG\
a\x0f\xe4\xe3F>\xb6\xee\x8e\x7f\xdd\xff\xf81\x0e\xe3\
\x80N\x15\xe8p[\x12\xe0PU\x1c:\xa52\xce\xcf\
2\xef\x00\x8e\x84a\x8dZ\xe0\xe0@E\x82c\xdc\x10\
\x1c\x96\xc3\xa12*!-8Po\xd8\xd3C!J\
\x81\xd3\x0e91I\xd4X\xaa\xfdto\x02\xc3\xfc\xd0\
\x03\x0f\x05\xba0n.x\x18\xaaU\x1c\x91\x0b\x8b\x1c\
\xfc\xfd'1`\x81|\xd0m\xa3\xfd\xadM\x02\xc4\x00\
G\xc8#V\x19\x8f\xf4G\x5c\x92C\xf5\xc8:3\xb2\
\xe7)\x0e\x0b\x1c\xe8\x8ejxp>\xd6H\x92\x05u\
Z\xa5\x1f\xdaU\xee\xe9\x91\x1c\xb2\xcd\xad\x91\x8f\xad\xb7\
l,\x82\x03\xc6\x7f!8\xeeo\x88Pe\xcc\x9c\x1a\
HzC\x8eo9o/\x82\xbbht&\xe1(\x1a\
uD*\x96\xc5A\xe0p,n3\x0b8\x8c\x0ez\
]Q\xce>#\x94w\xc9\x93\xb6F\x902W\x1d\x22\
\x05\xc3\xc6(\xd8\xf7O\xc9W\xf7Q\xa8&K<\x95\
M\x15\xdd\xa1\xcaK\xc8\xe8\x18pL\x19T#:\x1c\
\x1d+\x9b^\x19Y\x0f\x7fT\xf7\xd6\x93\xe3t\x9e\xc9\
\xd1\xa2\x9a\xdc\x9a\xa0C\xd6o\x82c\xa8\x0a8\xaeA\
\xacr\x1d\x1ad\xef\x85\xee\xab\xa2s\xecVi\xf4\xc7\
\xd6]6\xf6S\x95T\x81y\xa3\xab8\xfc\xeb}\x1e\
\xe2s\xed\xba\xd9Q\xef\x19\xa9\xcc\xd4\xb08<\x8aF\
\xc1\x1aux\xa3fNeL\x0b\x8e[V\xe9\xd7M\
\xa3\xad\xed>\xbb\x1b\xb7Yn,\xa9\x8a\xae\x81\x01\xb3\
\xd4\xc2\x09\x8b9~\x19Po\xf6\x1d\xe4-)|\x9b\
\x83\x8b\x14}\x01_\xc8\xabs\xf8\x99\x94\xfa\xfc\x1c\xc1\
\xa3\xa0\xc83\xe9-m>\xab%=VA0Q\xa4\
\x82\x99\xdaI*\x9e\xbfo\x0cP\x95=o7\x8dZ\
\x0e\x09\x8e\x88\x99\x915\xa3\x15\x19\xac8\xc1Qk*\
\x87\xa98\xc8\xfd\xb6\x13\xb2\x09=>\x9d\xfe\xaa\x5cu\
\x8e\xe0\x80)`\xb0zZ\xe5c\x9f\xbdx\xfc\xfaU\
\xa3?\xb6\xde\xb2\xb1\xdf\x7f\xf2H%U\xb05vc\
\xa4\x0f\xc0\xf1\x0b\x04\xc7\xb5\xf3\xbc\xd1\x9aE\x1caW\
\x9bJP'c\x034\xdf\xdchp[7\x04\xc7-\
sI\xec\xcd\x10mjk\x93iXk\x1a\xb9\x0aP\
&\x07V']Rc\xce8\xf751\xe8\xcag\x1a\
\x08\xf2\xce)\xe3\xd2b\xc5\x9c\xf5\x91\xfaV\xd6\xe7\xe7\
\xf8kS\x03\xfc\xed\xcf\xd1:&6\xf8\x02\x9919\
i\xb7\xd1\xd2d0(\x96U%\xa4V\xc7\x0a\xce\x10\
\x8c\xc0\xde\xfa^\xa7\xe4\x80\xe5\xf5RsX3\x049\
%;s!p\x98\xee\xe8\x90\xec\xac\xd7\x7f\xd6!\x9d\
\x90\x05v\xac\xaf\x8f\xdc\xbby\x1f:dU>\xf6I\
\x03\x1cuv\xfc\xfc\xfb\xc7\x94\x8d} \xc1qo\xe4\
\xd6\xd8\x0a\xef\x8c\xbdfY\xa3\x1e\xe08g\xf5\xa3{\
\x97\x8a\x0b\x1c\xe3\x92\x1b\x90Rq\xcf5\x97\x99X\xca\
\xa8P\x1e\xb6\xcd\x1a\xe5E\x0d \xde\xae\xc2\x9cq~\
[\xa7\xbe\xc7)-n6\xe5\x05~\x98B\x10\xcc\xcd\
\x91\xc6\x98\x83W\xbau\x8en\xe5\xbb\x18pJU\x89\
\x8d\xe6\x9c\xaa\xc7y,\xf1\x85\xee\xa9\x1dpTt,\
\xa9\x1aRM\x0e\xe0\xc6\xe6&\xb9\xa30{4\x22\xc7\
\x16\xeb\x22078hht\xad`\x05\xc9\xd1\xc49\
\x95&/\x93\xa3kH\x19&V\xac\xf2\x0b\xd8[\xbf\
\xde\x17\xc2E\x90\xcb\x9c\x8f}$\xc0\xd1(\xe4\xa83\
ppRe\x9f\xc1\xb1\xb1\x11\x1a\xb9\x05\xbb\xa6\xad\xa9\
\x81j\x0c\x9d\x0b\x1c3\x17\x01\x87\xde\xde\x16\xd4}*\
FR\x85\x04\xc7\xe6\x98\xe7j\xfa\x9b!\xd6\x1b\xca\xdf\
0\xda\xe5\xb9\xf5\xc3\xe9,\x18\xca@\x9f\xb2\x86D\xf8\
l\xce\xbe\x1bA\x03>\xc4\xf7\xc0\x839\xbeM\x92B\
\xde\x85?\x85\xcc0\xef\x22o\xb4#\xa29[f\xcc\
\xa9\xdfCK\x18\x07>d\xdcEn\xefm\xb3\xd9\xbe\
\xcd\xf49\xd4\x8a\x15\x06\x07Vr\xa8\x81>f\xaf\x9b\
\x02\x87,\x1f\x0d&\xfcf-\xc7L\x15{\xb4\x85\xb8\
Ac\xc0\x5cy\x15\x00\x87\xdf\xcf\xd59\x02J\xec\x8e\
\xfe\x02M\x8e[!\x9a;\x8amn\xcf^=z\xba\
\xff\xf2\xa3F!G\xfd\x95q<y![\xdc\xc0\x1b\
\xedSU\x1c\x1a\x1c\x98T\x19z\xef\xbc\x82s\x98<\
g\x0c\xfeJ\xd85\xa3\x86\xe0\x08\x0c\x05\x8c]\xd3\xca\
\x1aU\xe0\xb0\x13\xb1\xe4p\x90Ch\xb6\xb4\xf1Y\xe6\
*\xd9\x98\x1bX6%\x07\x02A_\xfd\xcc\x11_\xcc\
\xcdi.0\x1b\xe8Bi\x0d\x14\x18\xf0\x1e\xdf\xe6\xf0\
\x82?\xc0{!B4t\xec\xc8\x06\xcd\x8d9\xe9p\
8\x1d\x13o\xfd1\xc9^\xef\xa4\xbb\xa2\xc3\x06\x87\xd5\
\xe9\xd6o\x0e\x1f\x95S\x8b\xdb\x03CNp\x84\xc3\xe7\
M\x1f\xad\x05\x0e\xd5\xb0\x82\xf8Atp\xa3\x1b\x96\x80\
\xf5_\xef\xef\xc6\xa2s\xb9[\x05\xf2\xb1\x8f^4\xe6\
\x15\xd7\xd9\xf1\xe4{\x1a\xff\x85s\x03\x97\xc5\x13\x9c\x5c\
\x8c`\x81\x83\x92*\xc1s\xe7\x8d\x9a\xe0\xb0\xca\xcd\x13\
\x1e\xe00\x93\xb1\xbcL\xc5c\x01S(\xa4\x0c\x8e%\
\xabX\x14\xca6\x06t\xcd\x86\xb7\x11\xba<\xb7:7\
7g\x9c\xd2\xa6\xdf!\x01\xc1\xcc\xe0\xfbQ\xf0\x01d\
\x98K14$3\xf0\x95.\xe4\x15\xbc\xdb\x1c\xa9\x0e\
\x06HJ\x060s\xb6'b\xe3\xc2\x00\x8b\xf8\x1d\xb5\
\xd91I\x0aj\x92C\x16sT\x87vH\xcdX\x85\
\x1bV\x22\xfd\xddU\xf2*]V\xddyX.I\xa0\
?\x8d\xf7\xecQ\x078F\xad\xb4\x8a\xdc\x06\xa9f\x98\
\xca\xaas\x06\x87\xac\x1d\x85B\x0e^\xca\x04\x15`\x8d\
B\x8e\xba*\xe3x\xf11\xb5\xb8\x09p`\xa7J\xdb\
\xcd{\xb7\xde_\xe1-\xf5\xd6\xb8\xd1D\xe2|o\xd4\
\x02\x87\x1d\xa8Hn\xe0:\x95\xa1.\x1e\xe2\xd3\xaf\x05\
\xc7\xd8\xfa\x98w*v\x83R\xb1\xb4H\x1aN N\
\xa7P\xe9\x94b\xc62\xbe\x98q\xc9*\xab\x80\x01\xc5\
\x04\xc3\x8d\xd0\x22\xa3\xca\x91J\xe1\xe5@\xca\xe3\x98\xe3\
K\xfe4\xdd_^Z$\xa2\x1f\xe42X]\x8ac\
n\xd9\xe1\x95\xb2\xe4\x18\xb04\x873X\x91.\x07\xc5\
*\xe6\xbcs\xc3\xe5\x08\xd8&\x07U\x81\xd5\x9e=\xaa\
\xc11J\xe0\x98q\xa7U\x048\x12\xf4\xb75\xaa\xce\
\xc9\x1d]Y\xbf\x87\x1e\x07\xa4U\xee\xee=x\xf9\x1c\
\xc0\xd1(\xe4\xa8\xab2\x8e\xe7\x9c\x8d}\xa9\x06\x15c\
R\x85\xe7\x8d\x9au\xa3\xf0\xb0\xf3\xbfsN\xc5\x99R\
\xd1\xde\xa8\x0eUTN\xc5\x06G\x9f,\xe1\xe0<\xac\
9\xbf|\x12\x9e\x96\x97\xcc e\xd92)\x97\xe7\xe0\
U\x9e\xb8\xca\x9f\xd0\x01\xc9@uf\x90\x86\xb0I1\
Y\xe5zJ\xdfO\xa3#\x95\xd2\xfe\xc7\x9c)=\xe6\
\xe6\x1c\x89\x18\xcb\xb5\x9d[uT\x8f\x092\xae\x1a#\
\x8e\x8d\xb5\x09Np\xe8\xa9\x1cF\x93\xac\xab\x98#\xa8\
g\x8f*1XKq\x80\xda`\xc5\xd1\xe2Y\xc8\xe1\
Ws\xeb\x87\xd8\xe4\xb8\x86\xf9X\x01\x0e\xab?\xb6Q\
\xc8Q\xcfe\x1c\xd4\xa9r\x7f\xe3\x1e\xcc)^\x91\xcb\
\xa69T\xb9\x98\xe2h\xae=2P\x83\x03-\x0e\x99\
T\x91E\x1c\xe8\x8e\xda\x8b\xdbT>E\xf7\xa6\xdcF\
W\xf4\xf6\xc0\x00%bW\xf1mn\xd9<\x03\x97\xd5\
\x93>\xc1c\xee3}\x02;\x9c\x0d\x03&Zi\xd0\
\xb1\x97J-\xd35~\xb7*_\x91\x1ds\xcb\x12\x17\
\xf0\xf9e\x83\x1f\x9a?\x86\xea\xb0]X\xeb\x87\x0e\x0c\
\x18\x96\xa9\xa59V\xb1:\xcc\x1aGz_\x8d>7\
\x8a\xc00X\x01\xc9\xd1oV\x8fj\xc9\xd1\xe5jX\
\x09\xf3v\xa6\x04\xd7\xf7z\x82\x03S\xb2x)7A\
\xfa-rp\xf5:&xYr@B\xf6\x1a\x16\x9d\
\x9b\xe0x\xf1\xe8\xf5\xab\x068\xea\xab\x8c\xe3\xdf?\x86\
2\x8e\x174ptuic\xe3&\x82\x83\x22\x95k\
\xba5\xf6\x02\xe0\xf0\xdc\xc24\xe3\xc8\xc5zdcM\
k\xd4\xda\xf8\x182\x8dQ;\x0d;\xe9\xeez\xe5g\
\xf0\xe59\x8b\x03\xcb\xea<u\xeb\x0e\x97\xe8H\x91]\
!\x98\xb1\xc7\x08\xd9\xd3\xa1\x88\x14\x14t\x0c\xe8\xd0d\
N\x93\xc6\xa4G\xca\xa9d\x8c\x9fm\xbcGy4\xe0\
a\x92R\xb8\xa2\xc9q\x7f\x89\xd7\xc6PR\xd6\x92\x1c\
\x08\x0eV\x1c5\x06\xfa\x18u\xe7\xfe\x9a\xe5\xa3:\xdb\
>\xda\xd2\xe4\x5c\xcb\xe4\x05\x8e\xc4\xd0\x90\x13\x1cfc\
\xfd\xa3\xe7\x8dB\x8ez+\xe3\xf8\xc4*\xe3\xd8\xd8\xb8\
\x87\x05\xe7\xd7\xe9\x10\x8f\x84q]\xc4\xe1\x02\x87=5\
\xd0\xefQn\x1e\xf6{\x82\xa3\xabK\x82#b[\x1c\
\xd5\x05\x87N\xa6\x80\xdcP\xa9\x14qz-\xb3\xf6_\
F\xddA8X\xd6\xcc\xa0\xf3\xf33:I\x07\xe6\xbc\
|\x0d+\xf6\x98\xdb\xb3>\xb7\x97r\x841:\x1e\x91\
1\x0d\xdc)\x05o{)\xba{5vxpC\x01\
\xcc\xacV3\x8a\xc2\xc8#u,\xa8\xd6\xc1\x8a\x1a\xcb\
\xc1y\x95*\x92\xc3\x05\x0e\x9d\x5cI\x5c\x10\x1c~7\
8\xe4\x97\x92\x9c\x94k\x99\xae\x8f\xf7\xab67]\xc8\
\xf1McCB\xbd\x81\x03\xca8\x9eb\x19\xc72\x0e\
8\xefS\xad\xb1:\xa9\x22;\xdc\x9c\xe0\x98q\x80\xa3\
\xc5N\xaa\xcc\xd0\xb2R3\x19K\xe6h `\x0c*\
\xa6\xf2\xaf\xf5\x15\x0d\x0ef\x07\x0a\x0e\x9a\xbfa-N\
\xc1'b\xe5\x8a\xce!:\x96\x95k1 \xa5\x06\x9d\
\xf7s\xb6\xd5\xe1\xe1f\xe0\xb5\xbd9)\x1a\xe8\xd6\x94\
E\x8a\x94\xc4\x0b\xf1BY\xa3s\x8a\x1e\xea>\xfcm\
\xf7X\xbdhx\x0chx\x18\x95#|;\x83\xceQ\
`\xba\x8a\x80\x5cR\xa2\xa3\xcda\x90:\xec\xd1\xfe\xee\
j\xeb \xed\xb2sf\x86\x0cX<*9LpP\
\xc7\x0aI\x8e\xf7T66\xa1\xc1\xc1qh\x97\x94\x1c\
\xd7\xaew\xaf\xdcR\xf9X\x00\xc7\x93GO\xf7\x1b\x15\
`\xf5\x05\x0e*\xe3x\xfa\x04{c\xcd\x9e\xfak\xb4\
\x19\xa1\xab\x168.Rm\xee7\xdb\xdb\xbc\xc0\xc1\x9d\
\xb1\xc6\xea6\x16\x1d\xca\x18\xc59X,9\xb0Xt\
I\xd7hKs@\x1a\x08\xe2\x0c\xfcPBCi\x87\
\xcf\x8c\xcb9\x97\x80\x90\xea\xc1\x10\x17)\x9dd\xe5\xb3\
_9\xa1s\x86)*\x19\x93J\xd9\xba\xc5V\x1b\x1a\
/\x03\x1eq\xcb\x9c\xb6qU\xb5\x89\xbb*\xac\x8a\xe6\
\xb0\x8a\xc00V\xe9Gp\x00;z\xf5\xd0\xe2\xae!\
\xaf\x8cl\x98wP\xd7T\x1c\xb2~\xb4\xc5\x1fv\xe6\
U\x1c\xe0P\x9b mp\xe0\xa0\xf3\xa7\x0dp\xd4\xd9\
A\xf5_4\x8d\xe3C\xda\xc5\x84\x16\x076\xb8]7\
\x04\x07j\x5c\xffL\xd3\xbb\xcd\x1a\xf5\x06G\x97I\x0e\
Y6\xban\x0a\x0e\x09\x8e\x9b2\xa1\xa2\x17 \xa8\xd9\
\xa1\xab\x94>A\x8b\x00\x92\x99\x02\x18f\x841w\xce\
!\xce\xe3\x1c\x86\x18)R\x07t\xb6\xeb\xabR\x90\xe8\
\xc4\x89T\x1b\x92\x15)\xfe\xbc6DSsV\xbe\xc5\
P4s\xee\xc8\xc5\xcc\xec\x0cH\xcd1\xc7q\xd72\
\x97\xb0\xe1P\x91\xd5\x01M\x0e\x9a\x07f\x81\xa3\x0f\xcb\
\xce7\xb9\x04,\xd2\xeb\xeaW\x19\x1a2$G\xd0\x04\
\x07\xaf\xf4\xad\x15\xaa\xe8\xb4J\xd8\x1cZL\xef$8\
\xc2\xaa\x92c\x5c<\xdf\x5c\xef\x86PE)\x0e\x06G\
c\x06X=\x1d\xaf\x00\x1c\xfb\xfbO\xb9\x8c\x03z\xea\
\xfb\xc6\xd6\xbb\xbb\xdd\xe3\xbf\x12?\x09\x1cz\xcftX\
\x82#\x18\x08x\x80\xc3(\xe2 \xc5\x112\x05\x87\x8a\
SxN\xf0*eS(\x99B\xb9\x14:>4\xbd\
\x89=\x81\x06O\xa1A\x88\xd8\x83S{\x0fX\x91\x03\
\xce\xb09\xa1\x22\x8c\x94--$Bl\xfd\x91JY\
\xb4\x90 I9n\xb4b\x16\xcf\xa8\xc9\xac@sT\
\xbfr)\xa91\xa1\x03\xc9\xc1C\x049V\xe9\xd6\x92\
\xa3\xb7f)\x87\xd9\xb0R\xb5x\xd4nG\x1a\x1dm\
n\x9a\xf1;\xed\xd1\xf7\x12\x96\xe4\xd0\xe0\x00\xc5\xc1\x13\
9V\xef\xde\xb8\x01\xa5\xa3O\x1b\xa5\xa3\xf5u\xfc\xeb\
\x93\xff\xc01>Oi\x1a\xc7\xed\xb6\x8d\xd0\x08\xb4\xc6\
\xfe\xd2\xcc\xa9\x5c4\x1bkY\x1c\x09\xbb\xf8\x0b\xa7\x9b\
\x136\xda%5\xdc\xe0 \xbdA\x16\x87\xc5\x0d\xa3\x17\
V\x0d\xe8Y\xd6g\xd8\xdc\xc0\x9e\xaa\xdc\xd8\xc3\x97\x1c\
\xa9\x07\xcf#\xb7\x97\xca!-\xc45q\x99\x03\xc8\xe4\
\xec\x18\xc4\xe4\x80\x86\xc1@\xcaY\x0e\xa6T\x89ge\
\x87\xf9-\xcc\xc8\xc8<>S\xeahY\xd5\xaa-K\
\xa7t\xd5\x98qjh\x0e5J\xd0\x92\x1cj(\x07\
\x81\xa3w\x5c\xb6\xaaX\xe0H\x04\x13\xf6<\x9f\x9aY\
\x15\x05\x0e\xe7>\xb7\x84Q\xc8\xa1\xc01\xc4\xa1\xcax\
\xf7\xca\xfaH\x88\xd7@\xde\xf8\xf0n\x03\x1cuw\xfc\
l\xff\xbf\xd0\xfc\xaf\x97\xa08 \xa922r\x0b\xd6\
\x14\xfcB[\xa3\xe3]*:\xf6\x9f\xa77Z\xec\x91\
\x81l\x8d\xda\xe00\xc8\xc1\xe0\xd0\x91\xca\x18\x82C\x95\
~\xf1\x1e\x04\x9dQ\x99TI\xd8\xe5\x01\x0aS\x06\x94\
\xa1!#\x94=\xd2\x1b\xe2%\xe7\xf23R$B\xd0\
\xc4\xc8\xa9\xf4\x07\xc2C[\x18s.\x08xV\x8f\xba\
\x8fs\xee6g\xd7z\x0cxDV{\x9c\x0arY\
\x1dr\x16\xfa\x92*=W\xc1\x8a\x01\x8e\x08$U\xfa\
k(\x0e\xb3\xb7^NJ\xf1\xaa\xe4p\x82\xa3\x05C\
\x15Sq\xbc\xc7\xf9X\x1ea\xca\xf3\x04\xbbt>\xf6\
\xa6,\xe4\xb8{\xf7\xe1K\x04G\xa3\xe6\xbc\x8e\xc0\xf1\
\xe2\x13\x04\xc7\x8bg\xb2\xc5-t\xeb\xd6:4\xaat\
;\xc01t!p\x18\xbb\x1fu\xa5\x00\x1f\x12\x1cC\
\xda\xed\xc7t,Z\xa3\x9b\xeb\x1e)\x15\x15\xa7\xb4i\
l\xc8\xaa\xaf9\xea\xf0\xe0'\xe9e\xa94\xe8\xbd\x00\
\x81\x00G\xce\x19\xa4\xe4\xd0\xd6\x00N\xe0k\x0at\x86\
\xb8\x96\xc2+\x1er\xc3\x15\x89\xd8\x8c\x983\xbe\xd0-\
5j\xa2\xa3V\xd02\xa7KM1ZY\xe5A\x1d\
\xe2_\x7f{\xd2\x08W,{\xd4\xad8\xa4\xe6\xb0W\
\xac\x98{\xeb\xd5\xccb\xd7\x02j\xe7\x18{\x04\x87\xa3\
\x04\xec=Y\xc8!\xf3fj\x98\xcf5\x00\xc7\x08T\
\x80\xddFp@\xe9\xa8\x00G\xa3Y\xa5\x9e\xc0!\x0b\
G\x1f\xe2\xa4b\xec\x8d\x1d[w\x0c*\x1ezgp\
8\x15\x07\xd7\x16*\xcd\xc1z\xc3P\x1cc\x8eQ\xa3\
F\xa0b,\xa37\x04\xc7\x9cjK!c\xe3C\xf9\
\x94\x0d\x9a\x03B\x90\xd4\x9e\x8d\x8c\xbd\x1c\x11\x05\x98\xb1\
G\xef@v0=\x0c\xa91w.5\xacC|y\
:\xe5@Hm\xfd!\xe5\x8e}\xecI\xd5\xb1l$\
g\xe7l\x9bcRV\x9e/\x99.\xc7\x08I\x0e\x02\
\x07dUzi*G\xc0\x9aZ\xac\x8bG\xd9\x1eM\
T\x1fv^\x03\x1c\x96\xe2\x90J%\xac$\x07\xc4*\
\xe3\xe3\xdd\xdd\xeb}\xb2t\xf4\x06\x81\xe3\xf5\xa5F\xb3\
J\x1d\x1d\x5cq\x8e\xf3\xbf`R1$U\xc68\x1b\
\xdbO\xd5_\x17\xcd\xc6\xda\xc6h\x82m7\x0d\x0e\x15\
\xaa\x04M\xc1\x01\x0f\xb2\x15\xd3\x1b\x1d\xd1%\x1c\x0e\x87\
\x03\xd4\xfa*\xd6oHKty\xc0T\xfaJr\xe4\
\xe8]\x8aH\x01A\x0b\x96h12r\x0c\x0f>\xd1\
ss\xb6\xbe\xa8\xd1\xcf\xe6\x8e[r\xc0\x8ct*\x9d\
\xc6w\x9a\x1d\xe7D8\x185\xe5\x5cj\xc8J\x05\xf1\
p\x0f\x95\x91\xb5\x9ae\xcd\x94\xac\x02\x07\xb8\xa3\xdc\xac\
\xd2\x0bb\xa3\xaa\xe20\xf3*\x17\x06\x87\xd3\x1cM\xa8\
\xd2Q]\x02&c\x15\xf1d\xb0\xde\x87\xfd\xb1\xb7I\
q<\x13\x8a\xa3\x01\x8ez:\xfe\xe5\xdfap\xe0\x0b\
,\x1c\xc5-n7q\xfc\x97\x9cSl\x95q\x84/\
\xae8f\xc23\xe1\xcb\xefA\x01\xd8\x8c9\xc4\xc7R\
\x1c 8z\xdd\xe00j\xbftF\xa5M\xeb\x0d\xf2\
\x0bAo,\x0fH\x7fcO\xb3\x03\xb1!\xb8\xb0\xc7\
\x8a\x03r+p\x0b\x1c{9\x0eRr9\x0aP\xc4\
\xc5\x1c_\xce\xd9R\xe3\x5c\x97\x82\x8e4\xbf!<\xdc\
wO{_\xcf\xa5\xe0'\xee9\xd0A^\xae\xf4h\
P@-\x9b\x8ac\x92\xc2\x15$\xa8\x8aU\x94\xcb\x01\
\xdc\xd8\x22\xc5\xd1\x8f\x82\x83\x0d\x8e\xf1\x803\xad\xe2\xec\
\xad\xf7J\xabx\x80\x03Gr\xf8\xed\xd5\xd3\x89\xb0V\
\x96\x1c\xab\xc0c\x86\xf2\xb1#\x10\xaa\xdc^&p\xbc\
h(\x8e\xfa:\xfe\xe9\x11M\x1c\x85\xc2\xd1\x0fWo\
\xb7\xd1\x84s\x1ep~\xcdY\xc6\x11\xbe\xb0\xc7\x11\x96\
\xe5\xe6.\xc1\x114\xbb6Qq\x007V<\xb8\x11\
\x92%\xa3\xda\xdfXe[t`\xc0\xac\x13U\x06\x07\
\x22bo\x8f\x9e\xbe\xe1\xdc\xcc\xa5r\xech\x80\xa1A\
\xd7\x08+\xb9\x9c\x14\x08\xa6\xbd1gF\x13\xe7\x9b\x16\
\x10\xa5\xa4\xd3\xf2\x8d/r60\x14]\xac\x1b\xe1\xf7\
\xc1\xdf\xd7\xd1)#k\xd6\xad\xd68U\x06F{W\
\x94\xe2\xb0\x5c\x8e\xcd\xcd\xad\xad\xee\x08\x1f\xbd\xe0s\xf4\
b\x09\x98s\x8dl\xd0\xcc\xc8\x1a&\x87U>\xea\x1c\
\x0f9*\xff\xc0F\xa8\xf2\x9e\xad88!K\x85\x1c\
\xe3\xdd\xd4\xe5\xc6\xe0\xf8\x08\xc1\xd1\xe8r\xab'pp\
\xab\xca>\x15\x8er\xa7J\xf7/\xafS\xf5\x97\xeep\
\xa3\xfa\xaf\x8b\x81\x03\x9e\x80f\x1c\xce\xa8!8\xda\x15\
6\x02\xbd\x0c\x8e\xcduOpHn0:\xf0Yw\
\x95\xfbRd7\xec\x9e\x91LA\xb1A~\x06\xa7d\
\xd9\x0a\xcd\xb1\xca\xd8\xcb\xe5\xf4\x07\xf2\xa9_*\x0f\x9d\
T\xd1aK\xce.\xe7\xca\xc9~X\xf1\x81@O:\
\x871\x0a\x11\x03\x8e\x1c^\xcb\xa5S\xb9\x9c\xc1\x0d\xfd\
\xf9\xb4\x14\x1c\xe2\xf3\x5c\x826\xe7\xb4b\xec\x08f\xd9\
\x18/\xc8+.Yo\x98\xfe\xa8\x06\x07\x99\x1c\x0c\x0d\
\xcf>7\x0b\x1c\xd5&\x8fz\x82#\xe1\x5c\xe8\x96H\
\x18\x15\xc2F%\x87\x02\xc7\xea\xedU\x0d\x8e\x07\x0dp\
\xd4\x1f8\x9e\xc8l\xec\xcd\xbe[\xeb\xdd+\xe6\xbcQ\
c\xe3\x9f\xabU\xa5\xba9\xca\x8aC\x82#hX\x1c\
\xed.\xc5!\xfbT\xc6\x9c\x0e\x87\xe6\xc6\xe4\x92\xda\x90\
\x86c+\xcc\x5c\x04\x19\xa2P\x94\x01\xe0\xe0.53\
}\x22\x80\xb1\xc7\xd0\xc0\x93\x16\xdf\xf0\xa3\x14*\x11\x1d\
A\x10E\xd81\xd5\xdc\xc8\x113\x10(9\xf9}\xe0\
:r#Gr\xa3\xa0\xf0 n\xc9\xe1M\x86\x10I\
\x13`\x94\xf0 z\xa1[\xbbg\x96\x98\x18.\xe9\x87\
\x8e\xc9\xa4\x93j\x9f\xb6;\xb1\xa2\xc1\x81\xfd\xb1Zq\
\x18[\x12\x02.p\xa8\xf5\x15\xceh\xa5\x0a8\xac\xb9\
\xa3N\xc5\x11N\x0cu\xd1\xd2z\x88?o\xdd\x83B\
\x8e\xdb\xcbw\x11\x1c\xfb\x0d\xc5Q_\xc7\xcf\xbfW\x15\
\xe7\xb0\xfeq\x83\x87qP\x87\xdb5\x03\x1c\x89DM\
\xc5\xe1z\xca\xbal\xc6)\xe1`X\x0b\x8e`\xc0\xc3\
\xe3\x18S\xbd\xb1\xa6\xc3\xa1\xe3\x94%6F\xad\x85\x07\
\xec\x04\x90\xb9\x01\x89\x94=R\x19\xa4:8y\xb2\xa7\
\x15\x87\xbcF'mZR\x84(@\xf8  \xcc1\
((\xc0\xe1O\xd3}%8Pj\xe4$3\xf8\x98\
\x9dM\xd7:\x0a\x92\x1b\xf8\x1dI\x0aQ\xd1\xea\x9cN\
\xd0\xe6\xb4\xcb;\xc7#\x02t\xb429)WD\x9a\
\xfd\xf58\x97\x03\xdd\xd1H7K\x0e\x86\x86\xc74\x9f\
\xa0$G\xb8\x96\xe4\xf0\xc8\xaa4\xb58\xc6\x8e\x9a\x1e\
\x07\xfd\x95Qq`\x8f\x13\x80\x03\x0a9\x0cp4\x06\
r\xd4\xd3\xf1o\x9fP\xc5\xf9+T\x1cK\x1b7\xef\
\xdd\xeb\xc3\x95*\xd7\xc6u\xa4\xd2\xe5\x09\x0e\xab3\xd6\
-vU\xbc\xe2\x00\x87\x91T\xa1|l\xbf\xb48\x5c\
\x81\x8a\x99Q\x99\xb4\xf7\xb3\xa9\xd6\xf99\xa56\xc4\x19\
\xb8\xc7e^@\x0e\xc0F\x8ae\xc6\x1c\xc6\x06Zp\
@\x9c!N\xf9\x9c\xd2\x1d\x94\x91\x05G\x04\x05\x07Z\
\x22)\xadK\xd4\x1d\xd3\xf2c\xf02\x0cQ!\x98A\
\x17\xb1\x98\xbc\xae\x0e\xfa(\xa6b\x95\xb4\x04\xd1\x1c\xff\
\x22\x087C?I\x98\xe8XE\x92\x83\x17\xccN\xaa\
Y`\x98\x93%\xc9!\x14G\xb7\xf68\xc6#\xa48\
\xecx\xc5\x03\x1c\xa4\x0b\x13\x17\x00GKK\xc2\xd5\xe5\
\xe6\xf08\x82\xe8q\x5cC\x19\xf9>\x99\xa3\xabwq\
 \xc7\x13\x00Gc G\x9d\x81\xe3\xc9\x8b\xa7\x97>\
\x90\xe0\xb85\x86\x8b\xc1\x1c\xd3\xbfh7\xf9\xbb\x80\x03\
z\xa2\xd4\x9az3Rq*\x0e\x00\xc7\xd8\x8awJ\
E\xba\x1bK\xbc\xa5mR\x09\x8eeG\x05\x04dL\
\xf6\xd8\xcf\xe4\xa7ru\x90\xa7\xa0\xdeQ\xa0\x90\xd6\xe0\
\xc8\xcdI\x09\x80\xec\xd0\xa0\xa0/H[\xea\x04\xbf0\
\x95\xd3\xf6F*\xc5j#6\x9b\x9e\x8d\xc1!\xa4\x05\
h\x8fY\xf9\xc2\xaf\x14\xca\xa4\xd2\x1c\xe5\xe4\xd4\xef\x89\
\xa8P\xd9!j\xd3\xdd\xb3s\xb3\x0a\x1d*Xi\xeb\
\x04j\x109XqtK\xc5\x015`\x90\x91\x1d7\
vO\xd3;\x89o\xf7\xb4\xf3\xaa\xe0\x18\x1dU\xa1\x8a\
s\xd0y\x15\x8fc\xbc\x0b\xc1!B\x15\x06\xc7\x07\xcf\
\x9e<m\x80\xa3\xbe\xc0\xc1\xcb\x11$86@p\xd0\
8\x0e\x93\x1b\x9c\xc3\xb3\xc1Q=Tia\xc5\xa1\x82\
\x95\xa0+\x17\xab\x14G\xa4\xdbL\xa9\xf49S\xb1\xce\
\xc2/\xe9\x89\x1az\x03\x9f\xa1\xf7\xf84\x93\x1c\x98\xe3\
\xfc\xab)\x1a\xa4e\x91\xc3\xd3\x1e\xbdM\x12\x11)C\
\x94\x982\x83\x22\x11R\x169\xf62\x0c\xff\x22GI\
X\xa9,b\xb1\xd9Y G\x1c\xae\x14f\xe9m\x16\
\xae\xc7\x84\x12\x89\x150\x90\x01K\xc4\xc8\xe6\xb0\xf0\x80\
\xd0hO\x92\x03{hr\xb6Aj\xf9\xa3\xe2\xbfC\
fU\x94\xe4`p\x90\xc7\xd1\xdf;._dc=\
\xfd\x87\x87\x03A\xa7\xe20*9f\xce\xf18\xc2P\
\xf6e\xab\x0e3\x8f\x86\x85\x1c\xac8\xfa\xbb\xa1Y\xe5\
\xbe\x06GCq\xd4\x198\xa0\xc7\xed\x09\x8d*\xc6\xc2\
\xd1\x91\xb1\x15N\xc7\xba\x04\x87\x00\xc7\xcc\xc5\xc0\xa1\x0b\
\x91\x9d\xe00\x04\x07+\x8e~\x03\x1c#\xce\x1a\x0ek\
P \xc3C7\xa3\xef\xcd\xe9:\xaa\x1cUh\xe5d\
I(\x13\xc0\xd0\x1dT\xf2\x95\x93\xdcH3\x1a\xbc\x8e\
\xb4\xfc\x04p!\x97\xd6\xa5\x1a\xb9TN:\x9c9e\
x\xa6(\x1e\x11\x8c\x88\xc7\x10\x1c\xf1x\x8c\x8eY|\
\x8d\x11Lb\xe4\x80\xa4X\xea(\x83tOAN\x15\
v\xe4\x5c\xb3\x01\x94\xd1aH\x0e\xa3\xd7\x0d\xdd\xd1-\
T\x1c\x88\x0e0G{\xc7\xed8\x05<im4I\
\xc51\xe3\xdd \xeb\x00GS\x8b,\x1d\x1d\xd2\x16G\
b(a\xee\xc0\xc0X\xa5k\x9c\x97\xff\x836C\x00\
\x00 \x00IDATl!8nc\xcdy\x03\x1c\
u\x0f\x8e\xa5\x8d\xd0\xc8\xbaYq\xce\xe0H\xf0\xe4\xa8\
\xea[U\xbc:,u\x07f\x15\x8b\x83<\x8en\xc3\
\xe1pv\xa9pBe\xd2^\xf1h\xcc\xf7\xca\xed1\
4\xe6RFu\x97\xe9KH\x14\xa4s\xda\x9f\xe0\xd4\
\x07\x09\x0f'2r\xc8\x86\x1c\x07\x15i\x95\x5c!\xed\
\x91R\xb5\xa2\xa4@\xa4;:\x0b\xd1H\x0c\x91\x11\xe7\
\x83\xd01+o\x88I\xeb4\x976 \x96\xca\xc9\x02\
x\xc8!s\x84\xb2\xc7\xb2C\x8f2\xd3s\xc1\x94?\
\xea\x92\x1c[\xd8\xe4\xd6\xcd\xb5\xa3\xe3\xba\x92C\xb3#\
\x18p\x82\xc3\x18<:\xe3\xafZ\xc8A\xeb\xc5)V\
\x09\xd7R\x1cC]&8Pq\xdc\xb8+\xc0\xf1\xea\
\xd1\xeb'\x0dp\xd4\xd1\xf1\xea?\xb89V\x84*P\
\xc6\x11\xba\xd5\xc7s|\x90\x1cFG\xbdKq\x5c\x08\
\x1c\xaa\xfeK\x09\x0e\xa7\xe2\x80\x01\x95\x9b^\x0eG\xdb\
\x92Q\xc1!\xdd\x0d{}\x12\x97|\xcd\xa5Xk\x90\
\xde\xd0n\x86\xc9\x0d\x85\x08#gJ\x1769R\x1c\
\x8c\xc8\xab)-,0\xb6\xc9\xb1\xaf\xa1\xd8\xc1\x01\xcd\
,\xc6%\xcc\x8c\x9d\xb5\xb5\xb5\x9dx\x1cEH,\xb6\
\xb6\x16_\x83\x0ff\xd9!M\xd1\x0f\xd2)\x1a3\xdf\
\x83\xf6,\xcb\x0eG)\x98is\xa8}\x90Jrl\
n\xe9\x84,\xa5c\x1d\x95\x1c\xa08\x86<\xc0q\x8e\
\xc7\xa1\xc0\x01&\xc7P\xc2\xb1\x0b\xd2\x18\xbd\xa2\xda\xdc\
\x08\x1c\xd0\x1e\xbb\x0a\x8aC\x80\xe3\xe1\xab\x86\xc7Q_\
\x07\x8f\xe3\x80\xe5\x08X\xff\x15\xea\x1b\xc31>\xbf\xe8\
\x96\x1b\xa7\x95\xc5\x01\xb9\xbb\x99*\x91\xca9\x8a#l\
(\x8e@\xbb\xa58z{\xfb\x0576\x1d\x82\x83S\
*\x08\x8e\xc9%{\x9c\xb9\x1c9,\x87x\xcdq\x0e\
d\x8e\xeb\xc8\xcd|\x08)\x8c\x1c;\x13\x1e\xdcH;\
%G.-\xcd\x0bJ\x81\x10\x17\xa8\xd4K\xda\x1d\xe9\
\x9c\xf3{\xa0\x13\x8a\x86Ff\x071\xb1\x86\x87@\xc8\
Z2\x097\xac\xa1\x01\x22\x0d\xd2\x1c\xc5<d\xa90\
3\xb01\x0f\xff\x11\x1e#\xc3\xb47J\xe0h\x93\xc1\
J\xa7\x1ex.\xb0\xb1\xb5%W\xab@F\xd6\xa98\
\x82\xa6\xe4\xb0\x86rT]\x8f`o\x16\xf7'\xac\xcd\
\xd3\x09\x1d\xab\x00N\x9c\x8aC\x80\x83C\x95e\xa18\
\x9e\xbe\xbe\xd4\x00G\xbd\x81\xe3\x09\x83c\x15\x14\x07\xac\
\x7f\xa4q\x1cZq\xf0\xe3\xec\xef\x00\x87w2\xb6\x17\
4G7\xadS\x19sX\xa3m\x8e\x9e\xd8I#\x0f\
;`\x9eV\xd8i\x22\xe3\x94\x94\xb21\xd2\x9a\x04,\
\x14T\xc5\x85\x99.\x95)VSsp\xb5gJF\
,9~QF\xa9I\x0c#\x19\x1b\xcb\x0ay\x91\xd9\
I\xf6$\x81\x16\xe2\x22\x19O&\x8f\x0e\x058v\xe2\
\xb31F\x87\xb4XS\x16\xb2d3\xcd\x9e\xfcG\xa8\
2VCoL\xaa\x120\x0cV\x1c\x92cl\xab\xdb\
(\x01\xeb\x1dg\x97\xc3!9\x82Np\xf8\xfd\xe7\xe6\
c[\xc8\xe3\xa0?\xb2\xd3\x1c\xa5W%98\xadr\
\xbd\x1bv\xb9aV\x05=\x0eT\x1c\x8d1\xe7\xf5s\
\xec\x7f\xa2\xc1\x81c|\xee\x8d!8(T\xb1\xbd\xd1\
D\xf5\xa4\x8a78$<\x82\x1a\x1c\xc1![q\xf4\
Fz\xfb7\xf5\xe8/\xa7\xe0X\xd2U\x1c\xd6\xee\x14\
=\x8a\x0f\xdf\xe5R\x5c\xc0\x95\x93n\x8441d\xb8\
\xa1Oq<y\x99\x1d\xb3*I\xa2\xb4\x88\x01\x08'\
\x1d\x5c\xac\x98U\xef\xf1[\x8a#\x8bF\xe8N\x92\x8f\
\x9dd\xf6\xe4\xe4\xa4\xb8\x93\xc9f\xe3\xf1L&K?\
\x9b\x134\xa8\x80\xd2Jtpi+\xb5\xee\xd28S\
9s\x107\xc3\x0d\x0c\xa4&\xd9#6b\x15\x1aw\
\x8e.\xc7\x18*\x0e\xc5\x0d\xf29\xc6-v\x00\xb7]\
\xe0\xe0\x17lW9\xcf\x1d\xf5\xfb\xf58\x9f\xa1\x84\xde\
\x8f\x80\x8a#\xac\xf6@\x0ap\xe0\xc2ze\x8e>l\
\x80\xa3\xde\xc0\xf1\xf1\xe3\x17\xaf48 V\xd6\xe9X\
kj\xa03\x1b{>6\xcc-n\xba\xde\xdc\xe4\x86\
P\x1c\x91\xf1~\x18\xd2]CpL\xda\xb9\xd89^\
\xf4<\xa7.u\xb7\x1ah\x0d\xce\x98(#\xd2\xa0\xc6\
\xac<\xf0\x94\xa7\xd3\x9dc\x18\xe5Yj\x94T\x07F\
Z\x16g\x10/\xcc\xef\x9c\xcddb\xb1l\x86\xd0\xb1\
\x96\xdc)\x95\xb2\x87'G\x99LF\x80#\x8b\xb9Y\
\x83H)\xf9CUh5\x97\x93^\xcd\x9c\x1a\xf8\xc3\
c\x7f(F\xd1\xe4X\x9a\xdc\x85HE\xf7\xc8\x8em\
\x0a\xc5\x81\xc9X|\x05\xc5\xd1\xeb\x88T\xdc\x8a#Q\
mk\xbd78\xc2V\xacB\xe0P6\x07(\x8e.\
#T\x19ap\xdcm\x80\xa3>\xc1\x01\x03\xc0\x1e\x92\
\xc7\x01\x8a\x17\xac\xd1_\xb87#8C\x95\xf3\xc0a\
\xa0\xc3,8wp\x03\x1ec\x9eE\x1c<\xad\x86\xb8\
1\xa9\xb11\xc0\x0b\x8cRz\xbe\xb8,\xce\xc07\x07\
$\x8c\x0f\xb3\xd9\xac\x88%f\xe5\xd3\xbe\xfe\xb4DG\
.][f\xccJy!\xbf{v\xd6\xe3\x10\xe8\xc8\
dvv\x04:\xd6v\x92'\xa7\x99\x9d\xcc\x9b\x93\x0c\
\x1e1\x0d-U\x18\x22\x03\xa54\xe9%i\xeb\xe6\xcc\
5\x0bt\x85]\xd1\x02\x0b\x8e<\x8d\x1b\xe0\x05+\x9d\
@\xfc-\x04\x87\xdc\xe6\x86\x8ac\xdc\x91V\xf1T\x1c\
3\xbc\x00\xe7\x5cp\xb4\x80\x88\xf4\xac\xe3\xc0\xc9+a\
\x97\xc7q\xff\xf6}N\xc7\xa2\xc7\xd1\x00G\xfd\x1c/\
\x08\x1c\xcf\x1f\xf2V\x95{#47\xd09\x8b\x83\xcd\
\xd1\x96\x8bgU\xcc\xdeX\xef\x0e\xb7\x00N\xb7\x1b\x97\
\xa1\xca\x88\x09\x0e\xc7\x5csU\xc2\x01\xaf\xf6\xe0\x0cU\
\xd6\x95\x925\x17\x92\x1bY<\xe8\xf4\x86\x9ch&\x9b\
\x89e57\xd2\x16Y\xd2U\xa8\xa1i\xc11\xc9\xac\
\x96\x17\x8c\x02\xcd\x0c\x85\x8e\x1d:\x8eN\x0fw\x0e\xb3\
G'\x87\xd9\xac\x82\x8ca\xb1p<\xa4]\x96T.\
\x97sO\x00)\x88\x97\x81\xd4@a`\xb2P@t\
\x14\xc8\x1f\xcd\xabH\x05<\x8e\xd0\x08\x84*\xddRp\
(\xc5a\xa5ck\x84*\xb5\xedQR\x1cXbn\
z\xa3a\x1e\x01\x86.\x87^Y?\x0e\x039\xee\x85\
xv`#T\xa9Gp|\x02\xa1\x0a\x0d\x00\xa3\xf9\
_\xeb\x94R\xc1\xc2a\xdeR\xffS\xc0\x116\x0a\xce\
\xcd\x0e\xb7v+\xa5\x22B\x95\xde\xc8\x0apc\x8c&\
\x14\x8fxt\xa9\xa8\xb9\xe6$7\x5c\x8b\xe4\x09\x1e\xaa\
q\x9d#\x89\xac:fwv\xb2\xb1x,\x93\xc9f\
3\x12\x1c\xb3\x0eE\xe2\x19\x91\x98!\x8d\x22\x86\xc1\x8e\
\xf8N\xd6!;D\x98\x02?9C\xaa#\xf3\xe3\x9b\
\xcc!\x80\xe3(k\xdeK\xfb#\xba\x16DW\xa8\xd1\
\x88\x0f}\x14\x04;\x0a\xe2\x18\x18\x10\xc4(\x14\x94\xe2\
\x98lk\xcbw\xb6\xed*\x8f#\x84i\x95\x08\xd5q\
\x08lPs=\xb4\xab\xd4\x06\x87L\xc8\xfa\x1d\x1d\xb2\
\x1e\x09Yih\xe8#l\xcaK\x9e\x01&\xc1\x81\x8a\
\xc3\x08U\x1aY\x95z\x03\xc7\x93'\xcf\x9fKp\x84\
F\xa8\xfc\xeb\x9a5\x8c\x03\x06\xe1'pH\xe5;\x80\
\xc3\xab\x8a\xc3V\x1c\x94\x8e%px\x16q\xb4-\x99\
\xa1\xca\x9ctE\xe7`&_\x01_\xe5\xc4\x0b\xe7Y\
O\xe0\x10\x9c\xc8\x1ef3GG\x99Y\x81\x8e\x0c\xa0\
C\x9c\xc2p\x07q\x22\xa3W\xa9\x1aJLV\xcc\xb2\
fa\xa5\xa1xa\x88\x0d\xb0Agwz2\x22\xf6\
aI#\x02\xa1X\x86~D\x86\x8f\xa3\x1f\x0f\xc5\x8f\
\xcf\x1e\x9e\xbcq\x045\xce>\xb8\x9c\xcc\xf0\xd0?F\
\xe0A\xce\xee\xc0\x7f\xe5\x5c\x81\xc8!$\xc7Z\x01\xa3\
\x95B\x1b\xa1\xa3\x13\x07\x8f\x1a\xe0Pmn\xfd\x11\xb6\
8L\xc9\xd1\xde.\x9b\xdc\xac\xacJ\x98\xb7\xd6\xcf\xd4\
\x00G\x13\x0e\x0fd\x1fTW\x8e\x9aB%,\xbb\xdc\
Xq\xdc\xb3\xc0\xf1\xa2\x01\x8e\xba\x03\xc7\xbe\x04\xc7\x92\
P\x1c}4\xe2\x5c\x15\x9c\x07)R\x09\xd3\xb3\xcb\x85\
\x17\xd5\x9b\xdc0\x14\x87\x95S\xe9\x1d\x0f\x88\x07wd\
\xd3\x01\x0e\xb5\xbb\xad\xcd)8\xa4\xbbA\xf2]\x05(\
i\xa3\xf0[\x1cY%8\x10\x14\x99\x93?\xff\xb9\xb8\
\x93\xc5SZ2\x80>9\xab\xc8A\xd1K:=k\
Z\x9d\x0a\x19\xe9Y\x075H]d2\xc9\x1dFD\
\x5c]\x18G\xf6\xcd\x1b\x92<o\xdex\xb8!vb\
X\xc6X\x02!\x00\x89\x18\xb1E\xf0\x03\xfe\x99\x05y\
L\xca`e2\x8f\x8a\x83\xc0!\xc9q\x07\xc0\x81c\
Gy\x83,\xae\x82\xb4%\x87\xaa\x00K\xd0\xde\xe9\x84\
1\x05\xacF\xbbJ\x13\x8f+\xf6[\xe3\x03m\xc5\x91\
P\xcd*\xac8B\x068\x9e4\xc0Q\x8f\x1e\x87\x19\
\xaa\x8cu\xcb\x0e7\x05\x0e.4\x0e\xbf\x138\xfc\x1e\
\xe0p\x08\x0eV\x1c\x9b\xee\xa5\x08z'\x82v8\xa8\
\xec\x9a=\xd1tJ>);\x94\x86\xf4A\xb3x!\
\x9e\xf1\x057\xde\x9c\xfc\xd9t\x19\xc4\xa72\x06G.\
zd\xf5;\xf1\x95B\xc0\xc43I\x22\xc7\x0e\x99\x1a\
x\xc9W\xe1\x22{D\xe4\xca\x1e\x1d9\x7fTLG\
,\xc6\xf8\x1fD\x87\xe0\xc3\xac\x96<@\x8e\x02\xbc\xad\
\xc5\x1590Z\xc9\xe7\xcdt\xac\x09\x8e-\xee\xac\xef\
\x95\xed*\xe3U\xcc\xd1p\xed\x89\xc5np\xb48\xc0\
1\x94\xb0F7\x19u\x1c\x00\x8e\x11Y\xc7\xd1\x00G\
]\x82\xe3\x11\x82\x03G\x8e.ml\x8c\xf4\xa19j\
\x82#8D\x05\xca`\xa1\xcf\x5c\xdc\x1a\xf5\xecT\xb1\
\xb3\xb1\xd8P\xd1\xdb\xbb\xe9\xeeS\xc1\x9aH\x0d\x0eU\
3:@\x0e\x878\x91\x0a\xee\xb1\x17*G\xca\xd4\x00\
2\x1cf\x8b\x7f~\x939<=\x11\x0c\x91\x00\x80\xd3\
9\xb3\x03I\x96w\xc1F,\x93\xc5\xfa\xae,\xa4[\
\xc9\xc3HF\xe7\x93;\x98@\xd9\x81\xaa/q\xd1\xda\
\x9a\x14\xd7z\x92X\x04\x96\xcd&\x91$\xc0/\xf9\xfb\
x\xa8\x0e\x1e\x00\xc4\x12$\xbe\xa6\xa8\x01\x00\x81\xa8\x05\
\xc5F\x0c\xc01@\xccH\xe6\x89\x1cy\x94\x1c\xb0#\
\x01\xc1\x01\x85\x1c\xbcYE\x8e\x0ft\xb9\x1c\x81\xa0D\
\x07\x92#q\xc1\xaasCqX\x1e\x87\xfd'\xb7=\
\x8e\x91\x11\xa58>\x12\xe0\xd8\x7f\xd9\x00G\xdd\x99\xa3\
/$8B#8\xe2\xbc\xdf\x01\x0e\xf5(\x99y\x97\
N\x15\xd9\x19\x1b4,\x0e3T\xe9\xa5n\x95\xden\
{A=\xf7\xb7\x81\xcf\x81\x8b\xe9\xad\x067vF\xc5\
\xe94\x1bK\xc74+tP\x81\xfe\x85vF\xb3'\
\x82\x19\x87'%8y9\x17Bg}\x96\x0b\xb2\xbc\
\x8e\x18~J\xe0'\x06\xde\x856;\xe9\x00=\x01\xd8\
\xe8\x99\x8f\x0e\xb7\x0a@\xb4\x8a\xcb\x9e\xe1\xe1\xf9a\xf1\
6-\xde\xe6\xe7[[\xc5G\xe2\xa2\x07\xab\xc0v\x86\
\x93\x00\xabCq\x98\xe8H;\xedY\xa0Gl\x0di\
V@M\x12\x83f\x97\x18b\xa3P\x88\xc7\xa55*\
\xc0\x91\x07p\x00:v\x0d\xc9\xd1\x87\xe0\xd8\xea\x8f\x18\
\x92\xa3\xd7ar\x04\x02A/\xc9\xe1?\xa7Av\xd4\
\x13\x1c\xa6\xe2\x08SZE\x82\xe3\x1a-V\xe1^\x95\
\x8f\x9e\x09p|\xfe\xa0\x01\x8e:\x03\x07\xd7q\xac\xde\
\x86j\x00\xa58\xbad\xa8b\x8c\xb6\xf5_\x18\x1c\xda\
\xe3\x08V\xb38XpHp\x8c\xd8\xc9\xd8\xb66\x0d\
\x0e\xb69tFE\xc8y\xec=\xa5\x91\x17j`\xce\
\xeca:{(\x13\xb1\xe4SBJ\xe30\xfb\xe6\x94\
\x9e\xf4cY\xae\xb1\xd8A\x1b\x13\xf4CV\xba!\xb1\
\x18J\x02\xd4#\xf8Y\x87m\xb1\xd3\x9a\xa4`\x04\xbf\
>\x99\x1c\x8eF\x89\x16\x80\x8a\xf9\xe9\xe9\xe9\xa88\xa6\
\xc4\x11\xc5\xeb\xf3\xf3S\xd3\xf0\xc9\xd6drb:\x03\
\xdc\xc8\x229<\x85\x8e2dc\xcc\x8d4\xc2C\xb6\
\xe7\x0bp@\xdb\x8b\xcc\xa9\xe4\xd7\x0a`r\x08r\xec\
v\xee\xee\x86\xa4=\xda\xc7\x8ac\x8bS\xb2\xd2\xe5\x00\
D{\xc5*\xe1\xb0\xabA\xb6\xc6,\x1f\xf5g6K\
\xc0\xc2zw$\xae\xb27\x15G\xdf=\xd5\x1d\xfb\x00\
\xc0\xf1\xb2\x01\x8e\xfaM\xc7\x8e\x8c\x8c\x8d\xad\xd8\x1e\x87\
\x9a\xe2\x13~\xa7\x020\xafH%\xd0\xde\xee!8z\
\xfb\xc7\xdc\x82cI<\x93j\x8b\xc3 \x07V6\xa4\
\x0bp2\xd1\xc8\x0b\x8f\xa8\x82E\x02\x9e\xe4o\xde\xec\
d\x04>~<\xc2\x1b)\xaa\x80\x80B\xe9\x07\x84\x84\
\xeb\x8a\xd4\x16\xfc]\xe0\xfeBY\x08^\x08\x0e\x88+\
\xc3\xad\xc3\xd3S\xedQ\xe4\x05Pbjbb\x22\xd8\
!\x8e\xe6\xcb-\x97\xe1}G\xfb\xd4D\xc7\xd4\xf4\xb4\
@\x8a\xd0#`x\xc0\xb7\x86\x14\x0fQIy&\xe6\
? m'w\xb9C\x9f\xdf\xad\xad\xad\x15\xf2\xe4p\
\xe4\xd7\x045Prt\xe6www1\xb1\xa2\xc0\x11\
\x89\x98\x8a\xc3\xd5 \xeb\x1a\xc8\xa1j9\x12U;\xeb\
\xf5\x0c\xb0Z\xb1\x8a\xa3W\xe5}\x0eU\x048\x96\x1f\
<\xdb\x07p4f\x8e\xd6\x979\x0a\xa1\xcaC\x0eU\
\xee\x8d\xe9\xf1_Vo\xec;\x83\xc3\x7f\x1e8\xd0\xf1\
\x87\x07\xb7\x0d\x0e)8:-o\x14\xe2\xfb\x81\x02\xad\
F\x03\x87CM\xbd\x00x\x98\x01@Vr\x03b\x09\
A\x88\xa3,P\x22\xfb\xe60\x03\xd4\x80[ZQ\x05\
\xa0\xe8 |\xec\x98\xd7\xc8\xdaL\x9a\xde\x05\xa0\xa2G\
|)I\x8cyx\x13\xb0\xe8h\x9e\x00y\x81\xbch\
\x06\x1b\xa0\x09\xac\x80\xa6\xa6&\xdf\x95\x16\x9f\xaf\xe9\xaa\
\xefrKs\xfbDT\xc8\x8f\xf9\xc3C$\xd5\x0e\xc9\
\x18B\x884Zc\x06;b\xa81\xf4\xf4\x1f9\xc8\
\x83\xb0!\x8e<F+y\x01\x0ey\xec\x0a\xd1\xd1\xb9\
@\x92cD\x83\xa3\xbfW\x08\x8e\x08\x95\x8e\x8eW+\
\x1d\x0d;\xc8QUq08\x9aZ\xde\xc5\xe3x\x9f\
\x0a\xc0\x96Iq\xec?}\xf2\xac\x01\x8e\xba\xcb\xaa\xbc\
\xd8'p\x88\x07\x1f\x14\x80in(p\xd4\x8cTj\
*\x8e\xa0\xd9S\xdf\xde\xee\xc8\xa9\xc0Kd\xcc\xc3\x1b\
%p\x88@%O\xf9G\xa17df2]\x98%\
p\xec\xc4\xe3\x19<\xb3\xb2\xce\x03)\xd1:<?\xdd\
\xba3?-\x9e\xf3\x93\x87\x99\x1eq\xe6cT\x81\xf1\
\x03\x1c\xe4c&\xd9\xcc\xa4\x8b\x1d\xfc\x10l\x0b\x80\x8c\
8\x86e,\x22`1\xd5\x11\xe5\x80d\xa2\xe3rs\
s3\xfdw4\xc9\xe3\xca\xe8\x95Q\x9f\xef\x8ao\xf4\
Jd\xf3\xaaok\xe6\xaa\xe0\xc8\xe5\x0e\x11\xb9dw\
\xe6\xc5w\x02\xf7\xd4\xd06\x90\x99\xc1r1\x9c\xf6C\
\x04\x89\xed$\xe3\x12\x1aj\x1e\x10C\x03\x8f\x82`\x85\
xK&\x19\x1a\xf9\x85\xdd\xdd\xbc\x8aU0\xab\xa2\xfb\
c\xf9\xb0E\x87{\x06\x98_6\xb9\x9d\x07\x8e\x19\xbf\
+Vq\xfc\xc5\x9d\xe0\xb8\xad\xc0\xf1\xa2\x01\x8ez\xf4\
80\xab\x02\x03\xc0Fn\xb1\xc7q\xdd\x00\x87\xd2\x1b\
?\x15\x1cA\xcfll\xaf\xf48\xfa\xc7<Fq\xb4\
\xe9\xea/\x12\x1d\xb2\x96A&\x19\xd6\xe8\xacO\xc6\xc9\
\x89pqCpb::\x15\x8d6\x8b\xa8az8\
\xd3:?Lq\x05\x86\x0f\xf3\xc3\x04\x10y\xb4\xd2\xc7\
\xf3xM\xa1BE\x22\xc8\x0aA\x8bf\x08C\x041\
\x08\x16\xa3W\xe8]\xd3\x15q\x5c\xf5\xf9\xe0\xd5\xef\xf7\
\x15\x17}\x07i_\xe1\xc4\xe7\xf3\x8d\xb6\x08t4G\
w\x861d\x19\x16\xe8\xc8\x181\x92\x8c\xa8\x84\xfc\xa0\
Ia\xb1X\xb2\x07$G6+\xa9\x81\x91QO\x0f\
\xfdK\xa1m\x0eeF\xbcuxM\x0a\x8e\xce\xdd\xdd\
\x05\x09\x8eM\xaa\xe3\xd8\xe2f\x1569\xac\xb4J{\
\xbb\x1b\x1c\xaa\xe6\xbcZ\x7f\xac\x03\x1c\x86\xe6\xb0{\xa1\
M\xc5\xf1KN\xc7\x9a\xe0h\xac\x80\xacGp\xc0\xac\
\xe2\xd0\x88\x15\xaapR%\xf1\x8e\x8a\xa3\xd9J\xaaX\
\x05\xe7\xb69J\x8a#\xd2\xbb\xe2\x06G\xa7\xc5\x0d\xac\
_@\xb51K9\x06\xa16\xf8\x5coM*\xbfB\
B\x03NF\x94\x1bS\x22f\xc0\xa3#\xda\x1a%#\
B\xc4\x16\x13SH\x02\x04\x02S\x81\x8ei\xfc\x90o\
\x99\x82\xbbM\xb5\xb7OL\x04\x9b\xf1\xd0\xeab\x14\xa1\
!Xq\xf5\x0a\x1eW\xaf\x80\xce\x10G\xa4\xd7w\xb0\
\x1b,GFK\x11\xdfA\xca\x97[Dv4\xb5O\
O\xa0a\x0aX\xdaIZ\xf6\x0a\x98'\x99\x0cE-\
\x10s%\x93\x19\x16\x1b\x998L\xf4\x10\xb8\xc3\x7f\xe7\
\xfc\xfc\xa0PH\x101\x09\xad!>1\x9c$pl\
C\xa8\x92\x07h@\xa8r\x87\x0b\xc0\xccn\x95\x80\xab\
]\xc5\x11\xab\x18\xed\xb13\x89Z\xe0hjqr\xc3\
X\x8f\x803\xeda\xb3\x0a\x82\xa3k\xfc\xfa\xca\x98\xdc\
\xab\x22\xc0\xf1\xf0\xd9\x8b\xe7\xaf\x1a\xe0\xa8\xa7c\xff\xe3\
G\xe4q\xdc\xc0P\xe5\xde==\xa9\xb8\xcb\xf0F\xc3\
\x0ep\xf8\xcf\x03\x87\xb5\xfd\xd1k\xdc(\x8d\x0d\xa4\x8c\
\xe1\xa6Gg\xac\x09\x0e\xe4\x86<\x045\xd6\xe2;\xc9\
\xf9\xe8\x848\xab\xa7\xa2\x90\xf6\xb4\xad\xce,\xda\x1b\x82\
\x1b\x1d>_0_,\x16\x0f\x16|\xbe(\xc8\x85\xcb\
--\x97[\x9a.\xb7\x08\x0c\x90t\xe8ho\xefh\
\x16/`f\xd2\x85\xb8\xad\x039q\x19\xee\xda\xa4\xe3\
\x10\x19\x8e\x88W\xe0\x05\x13\x09\x98!\x94\xc6U\x11\xa2\
\xe4v}\xa7E_e2r\xea+\x9c\xfa\xb6N|\
\xb9J9u\x95\xefw\xa5#(\xd8\x81F)\x91\x0e\
\x8c\x14L\xd4@\xf4\x92\xe5>\xbcLF\x80\x03:\xf0\
\xe3`\xc5\x92.\x02;\xa5\xbd\xfd\xaaob\xaaI\xc0\
gj8\x89\xe8\xc0X\x05U\x87P\x1c\xb2vT\x81\
C-\x90e\x93\xc3{\x96\x8f\xd0\x07\x1e\x039\xc2\xd5\
\xea8\x9a\xb47\xea\xf7\x1c9\x1a\xd6\xe0\x10\x8ace\
]\x83\xe3.\x82\xe3a\x03\x1c\xf5\x04\x8eO\x1eQ\xc9\
9\x82cC\x9c\xbc\xeb\xddF\xc19(\x0e3\x1b\xeb\
\xbf08\xc2~w\x8b\x9b\xfd\x00\x1e\x975J\x91n\
\xf7,\x8e6\xd5Q\x8f5\xd6\x05M\x0e\x8c\xf5\x93\xd3\
\xed\xfe\x96&qF6\x898d\x1e\xab)\x88\x1d\x94\
M\x11\xdc\x98\x9en\xf7\xf9\x8b\xe5\xca\x998\xca\xe2\xe9\
_\x9e\xf7\xa3\x06\x05Z\xd4\xbb\x16}\xd3\xa8\xfe\x9c\xb8\
\x0a\xcf\xb5W\xe0\x9a\x0f\x04\x86\x80\xc4\xd5\xab\x88\x0a<\
\x02\x02M\xbe\xdc\x1d\x9f\xef\xa0\xe4\x8bT\x0e|\xe5\xe2\
\xd5\x93\xc5p\xeeN\xba\xd4[\xca\xf9\xca\x95J\xb9T\
\xcc-\x04\x03\x91;\xe2\x8e-\xcd\xe0\x94\xce\x0f\xd3o\
K\xf0\x18\x1eN\xdaY\x1c\xf4A\xc0\x95\x850\xab\x17\
\x22\xad\xa9\x89f![R\x07\xbb\x81>\xdfvz\xb8\
i\x18g\x11\x82Q\x8a\x91J\x1e\xd2*\xa1\x05*\x02\
\x83q\xc5\xdd\xfd\xb4Y\xa5\x1fw$`!G\xaf=\
\xcb'\xe0\x11\xaa\xccx\xd8\xa3\xee\x0d\x09~cl\x8f\
\xdb\xe3\xc0f\x15c\x90\x0f\x80cuU\x80\xe3\xc3\xbb\
\x0f_\xbex\xfdu\x03\x1c\xf5t<1zU\x961\
\x1d\xbb\x8e\xd38\xb49J\x0f1&\xc7O\xaa\x1c5\
\x14\x87c\xc49&U\x22\xbd\xdd\x1eu\xa3\x9dm\x86\
\xc3\xa1\xf5\x06sc\xbe}\x94\xc2\x90\x96q\x9f\xaf=\
:=<\x1f\x9d\xee\xe1gq\xe4\xc6\xf0\xce\x84\xafP\
\x12\xd8\xa8\x88C\x5cF j\x18\x15\xe0\x00\xbd\xd0D\
@\x10\x07\x5c\x01\x9a\x8c\xc2\x0dWF\x11\x15\x22\xf6\x00\
\xc2\xc0\xfd\xaf\xc0\x05|%\x0a\x0b\x81\x8b\xb0`\xc6b\
A|P,\xfa|\xbd\xa7\xa5Q\xa1+\x00\x1a\x95\xab\
\x85r\xdfV.\x9f\x0f\xe7\x8a\xfer\xb1X\xa9\xfc\xe9\
@\xfc\xe0r\xb9R>-\x95\x0e\xcaE?\xfc\xb2\xcd\
\xed\x10\xb2\xcc\xa37\x8b\xae\xec\xfc0\xd7\x96\x92i\x1a\
O\x0e\xf7`2g8\xda\x8b\xc5 \x1d\x1dA\xf1\xe3\
'\x0f\x0e\xce*\xc5R\xf9\xa4|vv0=\x8cs\
\x09\xf3D\x0e\xcc\xaa\xec.,.\xe0L\x8e16G\
\xd9\x1e\xa5\x91\x1c\x01\xa8\x01\x9b2\x1bdm\x93\xc3_\
\xcd\xe4\xa8\x05\x0e\xcf\xeeX\xcb\x1c]y\xff\xde\x06(\
\x8e\x0f\x19\x1c/>\x7f\xf8\xd1\xbf4\xce\xb7\xfa\x01\xc7\
\xc7\x8f\x9f\x9b\xa1\xca\xc8\x18\x87*]V6V\xfa\xef\
?\xad\xe4\xdck\x19\x93L\xa9\xc0K\xbf=\x8bC%\
U\xb45Z\xf8L\x82\x03s\x0c\xad\x13\xe24\xdc<\
(\x1d\x94~\xfb\xd9d{\x87\xafcj\xa2\xa3\x1d\xc8\
\x81G\xb2G\xc8\xfcLG\x9f8\xcf\xce\xe0Y_\xbc\
\xaf\x14\xb6\x16\x9b|\xf2 \xd9\x00\xef\xae\xf2\xc7\xfa\xc6\
+\x0a\x12 ,\x02\xcd\xe2\xa2\x10\xf0\xf9f\x8a\x22\xde\
\xb9Z,\xf7\xfb\x02\xa7\x95]\xdfn\xa52\xe2;\xaa\
Tr\xbe\x83\xca\x89o1WL/\xf4\xf6\x95Z\xf2\
e_\xa9\xec+\xa7\xb6\x0er\x08\xac2\xa8\x8e\x8a\x94\
\x1e\xf0\x1d;\x10\x1d\xe0\xce\xb4\xf6\xf4LG\xe7\xc1\xf6\
\xe40K\xfc\xe6\xad\xf3\xad\x902\x9e\x9f\x9a\x88B\x88\
2\x05\x8af\x17\x08T9)\x0a\x0a\x9d\x1d\xbf=.\
M\x8b/\x01p$[\x93\xb2\x92#\xb4\xb0\x80\xb1\xca\
\xe6\xd6V\x04\xc0\xd1\xad\xccQR\x1c\xde\x1e\x87\x05\x8e\
\xb0{\x08\x98\x0b\x1c3r:\x13\xa5^mp\xd0.\
\xb7!\x1b\x1c\x1b\xb7W\x01\x1c7\x00\x1c\x97\x1e~\xd0\
\x00G\xfd\x1c\xafd\x1d\x07\x85*\xf7F\xa09\xd6\xd8\
\xff(C\x95\x04\xcdl\xf8)\xe0\xd0\x91\x8a5o\x94\
:\xdc@qD\x22cNp\x98\x8d*\x94QI\x99\
\x82#*N\xa8\xed\xd3\x83\xaf\x04\x19J\xe2\x9c\x14\xc1\
\xc2\xe5\x8e\x8e(\xbb\x07\xe8oL\xf9\x0a\xc4\x0dd\x07\
\xbc\x9e}59\xb9\x0b\xf1\xc5&\xc2\xa2\xf7\x0e\x85\x1c\
\x8b[\xf8\xae\x00\x92\xc4\xb7U\xdc\x02Z\xc07\x1c-\
\x9e\x84}[\xe5\x92\x0f5\x85O\x9c\xb73\xbe\xad\xd3\
r\xce\xb7pZJ\xfb\x8a\xa5\x93\xa2\xef$\x9d;\xf0\
\x15;\x0a\xe9\xdc\xb8O|\x98\xaa\xf8w+\xbe\x5c\xd1\
\xd7\x0e\xe7{s\x0e~\xf0i\x19\xd8qV\x06\xf5Q\
*\xe5\x02@\xa6\x09b\xc7\xf0\xf0\xf0t;\x16\x86$\
w$\xf1\xc8\x0b\x8dNL\x80M\xdb\xde\x84t\x14\xe0\
\xf9\xb2R<*W\xde\x9c\x1c\x1f\xbf}{|\x14M\
\xa2\xbd\x91l]\xe3\xb4J\xa7lVAph\x8bC\
6\xab\x8c\x07\x8cX\xa5=\xe0\xdc\x90\x00\x81\xca\xb9\x83\
\xce\x19\x1ca\x1eL,5\x87]\xb7cL\x00\xbb\xbe\
r\x8b\xbb\xea\x19\x1c\xaf\x058\xfe\xb9q\xbe\xd5\xcd\xf1\
o\xa48\x9e\xcb\x020\x1a\x00v\xcd\x01\x8e\xa1 [\
\x1c\xef\x00\x8e\xa0\xab\xfc+\xe8\xcc\xc6J\xd1a\x82\x83\
\x0aGe\xa3\x0aO\xd9T\x82#^\xc0@e\xb6\xf4\
\x87?T\x0a\xbe\x833\x10\x13g\x95\xf2\x88\xcf\xd7\xd4\
\x11\xa5\xd6\x10\xca\xa7\xf8\xee\x94\xcf~\x00\x5c\x1c\x1f\x93\
\xcbQ\x16W*\x95\xdf\xfaE\x14Q\xea\x05\x10TJ\
\xdd\x02\x1f\xe2\xe9|R|\xb1x\xd7'\x9e\xdc\xc5I\
\x1a\xf1]=\xa9\x9c\xce\xf8\xd2\xf0\x09q\xf3\xae\xaf\x5c\
.\x85}\xa5\xd3r\xca\x97\xcf\x05O\xdasi_j\
\xf1\xa0\xd7wr\x00P)\x17}M\xa7\x82)\xa5\x8a\
\xf8\x89\xfd\x1di\x11Y\x88W\x147o Tap\
 @\xc47*\xee\x8e\x8bO\xb7L\xa0S:?O\
\xc5\xa5 >\xf0\xa0D\xd1t3\x08(A\x98p\x7f\
\xea\xa0T\x86\xaf*\x17\x0f\x04\xaeJ?\xfc\xf0\xc3\xf1\
\xdb\xbfLQBe\x8d\x12+\xa08\x80\x1c\xbb\xaa\xcb\
M{\xa3\x11\xa58zk\x96\x80q\x7f\xc09\x8ac\
F\xd5\x9c\xfb\xfd\xe7\x14\x80u\x8d\xf7\x138Vq\x00\
\xd8\x8dg\x9f\xbf\xf8\xe6\xd2\x83\x068\xea\x09\x1c\xdf?\
Bp<\xbb\xc1\x05`\xd8\xe4v\xad\xdf\xcc\xaa\x04\x09\
\x02\xef\x08\x0e\x8f%nN\xc1\xa1\x14\xc7\xa6\xb3\xe2\xbc\
\x13B\x95I\xdb\xe3HK\xc5\xd1Z\xac\xc0s\xef\x97\
\xe2l>\xa9\xa0\xfdY.\x88\xa7\xf8il,k\x1d\
\x14g_\xd4\x17)\xc1\xcd\xe2~g_\x95\xd1\xe28\
8>\xfbr\xb1\x5c9\xa8\x1c\x14+\x07\x02\x0b%q\
M\x08\x0d8\xb7}\xbe\x85JID\x1c\xbeb9-\
@\x10\x11\x94\x99\xf4\xbd9)\xa6|\xa5\xf4A\xe9\xce\
\xa9/]\x8c\x1c\x5c-\x96\xae\x96v\xc5]N{\x85\
\x06\x11_zp\x06B\xe4\xac\xe8\xf3\x95+W\xc0\x1e\
m\xc9GZ|\xcdWZ\xda;:\xda\xdb\x9b\x05;\
\xd2Bq\xc8P\x05\xd0Q\x82\xcb\xd2Ij\x13\xca\xc4\
\xda\xa7\xc0\xc4\x98\x98@3\x83\xcb\xd2\x86E\xec2\x1d\
m\xf6\xf9\xfc[\xe3}s9\xf1\xb3\xc4\xfd\xc5qZ\
\x12t,\xae\x09\xf6\x09\x10\xfe%\xaa\xcaF\xa1\xc9\x0d\
<\x0e48:;%8\xb6\xd8\x1b%\xd1\xe1\x9c:\
\xea.\xe4\xa8\xb2@\xd6\x13\x1c8\xba'\xecwY\x1c\
*VQ\xe0x\xff\x9e\x9e\x1c\xf8\xec\xd2\xebo^6\
\xc0Q_\xe0@\xc5\xf1\xf4\xe5\x0d\xb3;\xd6\x1cU\x1c\
L\x04U\xfd\x9779j\xf7\xc6\x9aK\xdc\xda\x8dF\
\x95\x80T\x1c\x02\x1c+\x0ept\x1a\x8a\x03kF?\
S\x9acm\xadG\x04!\xc7\x82\x1c\xbf\x0f\x1c\x88\x13\
\xb3\x5cFEq\x94\xf7MqI\x97x\x22\xf7\xed\x82\
/*\xb8\xf1\xc3\xdf\xa6}\xd3\xe2\x09\xdb\x17\xa8\xc0)\
~T9=\x12g\xfb\xc9\xc0i\xe9\xaa\xef\xa8\xb4\xd8\
\x5c<\xf1\xf5\x9e\x16\xe0\xb4\xcf\x9f\x06\x9aO\xf2\xbe\xd9\
\x93\x80\xb8-}\x90?\x11\xa2\x03\x1c\xd0\xe2i\xda\xd7\
Q>\x8d\x88\x8br9\xec[8\xab\x5c\x06\xdc\x00s\
\x0e\x80\x0d)0J\x9b\xda\xa3\xd1\x89hst:\xda\
\xd1\x84U\x22\xd3S\x1d\x82\x1c\xdbeq\xca\xa3\xe8@\
\xc9\x81\xf48-WN\x8b\xb9\xdc\x96of\xe6j\xb3\
P\x1cX2B\xa5\xe9\xd1\x89\xe6\xe6\xf6\x89\xa9\xc8n\
g\xf1\xb4T*\xff\xe9O\x15q)\xb8Q\xae\x00r\
\xf2\xb1\xca\xf1W\xa7\xe5\xb3\xbf\x0188\xab\x82\xad\xf5\
\xbaYe\xd1nV\x91\xdd*\xceY>\x9eE\xe7\xe7\
\xa4U\x10\x1cZpxdUpD\x1c\x85*\xd7`\
\xaf\xe7\x18\xb4\xaa@R\x85\xc0\xb1\xff\xf2\xc1\x8d\x9f5\
\xce\xb7z\x06\x87\xb9\xa9\xdeH\xc7V\x05\x87\xdf_\xbb\
p4\xe8Y8\x0a\x0a\x9a\xaa8\xc4#\xbc\xbbo\xc4\
\x06\x87U\xc6!\x82\x15\x1c\xc0\x81\xdc(\x14\x06\x8b\x95\
\x1f\x8e\x81\x1c\x9f\x1d\x96\xc9\xc7\x00#\xa3\xdc\xdd\x02\x1d\
\xa9\xd8Eru\x12t\x08H\x91\x02\xf9\x19\xcdB\x1a\
\x9c\xed\xc2y~\x00\x1f\x97*%p\x1br\xa7\xa7'\
\x11\x9f@F\xa94.>*\x9d\x16!]R\x11\x90\
\x10\xf7(\x02\x1a\xc4E\x0aB\x99\x03\x11\x17\x91\xc4h\
.\x97DTT\xca\x8dv4\x1fm\xb7OM\xf5@\
\xbetB\x9c\xf3\xf8\xb3\xe7\xe7\xa7:\xa2\xdc*\xdb~\
\xf9\xaaoQ\x9c\xf8\x8b\xf9R\xf1\x84\xb8\x81\xe1\x0a\xa5\
Z\x0e\x0e\x8a\xbb\x93#]\xdd\x1dM\x97;:F\x9b\
\x9aZF\xd1cIw\x16\x0f\x0e\xd4]\xe1\x10\xd8(\
\x9f\xf4E\x9a\xda\x9b\xdf\x9c\xfd!zR>+Nc\
\x9c\xb2\xa6*GAqP\x09\x98\xear\xe3\xa4\xca\xb8\
R\x1c\xe35\x15G\xf8\xfc\x81\x1c\x92\x1baY#\xea\
w\x85*\xe2\xdb\x05\x0dp\xf4!8p\x1f\xd3G\x02\
\x1cO^>\xb8\xfb\xaf\x8d\xf3\xadn\x8e\x9f\x7f\xff\xf8\
\xe9\x13\x01\x8eK\x08\x8eN\xf08V\xba\xcd\x82\xf3\xa0\
L\xab\x5c\x18\x1c\xcdV\x8b\x9b\xb9n\xda.\x00\xc3X\
\x05\x86\x15\x8b\xc3\x02\x07\xad\x0bYR\xb1\x0aH\x8e\xc2\
g\xe4\x8e\xae\x15\xd6\x16!R9\x16\xd1\xfe\x97W\x0f\
\x0fT\xc2\xf5\xec/\xc54V|Non\x15\xcb\x14\
\xa7T\xa6\xc1\x00\xc5r\x8fb\xb9\x14\x01*L\xfaZ\
\x04\x16\xce\x0e\xc0\x87\xe8(\x9f\x95\x82\xe2\x0e\xa7g\xe5\
\xcb>\xdf\x22h\x92\xab\xbe\xdcY\xa5\x17\xeeQ\xe48\
\xa4X\xb9\xe3\xf3\xdd)\xa7|\xa3wN\xee\x8cv\xb4\
\xccO\xb7\xf7N\x5c\x16q\x86\x10\x18@)(d\x87\
d0\x8c\xdf\xc0:\xd4\xf9V\xf0*0'\xd2$\xc2\
\x17\x11x\x08H\xdd)\x14K\xe52%hO\xf1\x15\
\xf4G\xe9\xa0T,\xe6\xba\xb7\x16\xbb7\xbb\xfb\xf3\xa9\
\xdc\x97 /\x80\x19_\xfd\xa9\x5cV\xa8\x01\xab\x16q\
wv\xf6[H\xe4\xcco+\x83\x03\x15\x07\xadr[\
XP\xe0\xd8R\x09Y\xa98\xc6k*\x0e9\xe7\xb1\
\xd6j\x15(\x00S\xb9Xzq\x96q$t:\xb6\
K\x80\x03'\x07\xaeb\xe1\xe8G\xcf^\xbd~\xf2\xac\
\x01\x8ez:\xfe\x09\xc1\xb1\x0f\xe0\xd8\x83\x020\xde8\
\xed\x98T\x5c3T\xf1{\x15\x9c{\x80#8d\xd5\
\x7f\xc9V\x15P\x1c\x91\xb1\x11\xab\x8c\xa3\xd3\xae8G\
\xc9\x91B\xc9!$:\x82\xe3\xa4r\xfc\xf6\x0f\xe2\xa4\
\x0f\xe4J\x02\x1b\x15\xae\xf3:(\xa6\x8a\x07\xa5\xafX\
\x86\xfc\xb9\x03k;\x9b:::\xa6&\x84*\x88\xb6\
\x17\xcb\x8bMS\x13\x22b)O\x8c6\x8f6\x1f\x9c\
\x95\x83W\x9a!m\x22\xe0\x12,U\x16|\xcdW&\
NK\x97[\xae.\x94\xee\x5ci\x0a\x14\xb7\x9a\x9a\xdb\
\xa7E\xf8\x00\x11E\xef\x84\xaf\x03b\x10\xb43E<\
\x04\x15\xe0P\xb3\xda:\x0c\xd5f\xd3\xf3P\xb45\x0c\
\xa3}0Z\x1aV\xe9\xd4&N\x03\xb7\xe7\xd3\x07 \
\x1f\xe0EDX%\xbcD\xc7\xb4T\xfa\x93$F\x09\
>D\x9d!UGq\x81\x0b\xce\xa2\xe5\xca\xdb/\x0e\
+\x95\xfc \x86*\x84\x8d6\xac\x00\xc3\xac\xcaB\xa8\
\xb3\xcf\xaa\x1c5\x15G\x95\xcez%7\xd4\x86\x84\xc4\
\xccL\x95\x89\x1cT9\x1a\xb6\xca\xce\xc3\xceP%\x18\
\x94\xe0X'sT\x81\xe3\xd5\xb3\xc68\x8e:\x04\xc7\
\xf3K\xd2\x1c\xb5'\x07\xf2\xdeXYq\xfew\x80\x83\
\xd6\x0f\x0e\x05\x86\xcc\xfa/\xa58\xc6\x9c\xa1\x8a\xd1T\
\x8f\x9b\x96S2\x1f[\xc8\x0f\x1f\x09h\xfc\xbe\xf2\xc3\
\xdb\x1f&\xf0\x8cL\xc339\x80\xe2\x07\xcc\xbc\x9e!\
C\xcag\xc7\xe5\x0e\xac\xc5h\xba2!\x02\x89\xe8\x14\
f>\xb71\x8a\x98>\xca\x83\xb7\x10\x8c\x1e\xe6;\x04\
\x0a\x9a\xe3\xc3\x13SS\xcd\xd3\xdb\xc0\x07q\x83\xb8w\
GS\xfbTt\xca'.\xda\x9b\xe7\xa7\xa3\xd8\xef6\
\x8c|\x00(\xe0X\x8e\x1d9g\x14\xdb\xf4\x87\xe7[\
w\x86\xa7q\xbe\x0fV\x872:&\x82\x1d\xed\x1dX\
SF\xa5\xa6\xf9\x93S\x19\x83TJ\xa7\xc8\x09 E\
\xa5\xac\x0f\x15\xd5T\xca\x82\x83\x8bTh\x02\xe9g\x01\
\x8e?\x1cUJw\xb6e\xb5\xf9$\xd5\x8e\x228\x84\
\xe2\xc0\x81\x1c\xb2\xc9M7\xc8\xd2Ph\xaf\xacJ0\
\x11v\xb4\xb9\xd9]n\x0ep4\xc9\xdd\xb1\xde\xe0\x10\
\xb7k\xc5q\xad\xdb\xeeq{\xf2\xfa\xd2\xc3\x068\xea\
\x0a\x1c\xff.\xc0\xf1j\xff\xe9+\x03\x1c\x86\xc7!\x17\
NK\xc1qapx\xf4\xc6\x06\x1d\xab\x11\x0c\x8f#\
\xb2i\xf5\xb8u:C\x15X*\xc2m\xb1k\xf9\xc1\
tY\xc4)gBv|F\xb5\xdf\x81\x22\x9a\x1c\x95\
\x1f\xce\xe8\x00|\x1c\x1f\xff\xe9\x0a5\x934\x8d\x06{\
D(1\xdf\x03\x95\x9a\xf3P\xad\xd9\xda:5!\x02\
\x0a\x01\x84vBB\xfb\x14\xa45\xa2\xedp\xca\x0bJ\
\x08@\x0cc\x04\xd2\x03\xe7~k\xcf0\x92B\xa0b\
\x18{\xd5\xa6\x87\xa9\xd7D\x0e\xfa\x19\x9e\x87\x01\x1e=\
=\x02\x19\xad;;\x5c\xfc9\x0c_&\xbe\xb5\x88a\
\xa6\xa0\xd4\x1d\xeb\xd5\xd1oY\x80\xa0E\xa3\xa2Rb\
\xb5Q2\x8c\x8dJ\xf9\xe4\xa4\x98\xdeT\xd0\x80c\xbb\
Ry\xfb\x97\xe2\xd9Ad\x9b\xa3\x94\x02\x85*\x9d\xec\
\x8d\x1a\x8a\x83\xc6\x8e\xaa\xfa:\x8d\x8d\xa1*\x8d\xf5\xf2\
e\xc6\x7f\x1e8\xc2\xaa\x13\xd6\x19\xab\xe0\xcct^\x01\
\x09\x8a\x03vNS\xc5\xf9\x87\x0f\x11\x1c\x1f5\xba\xea\
\xeb\x09\x1c\x9f>~\x04\xa1\xca\xab\x1b\x1f`\xa8\x02\xe6\
\xe8\xf5\xee\xeb\xd7\xccl\xac\xeaT\x11\x17\xef\xaa84\
8\x84\xdc\xb0\xca8(\x1f\x0b\x8b\x83\xc8\x1d\x95\xe0\x90\
y\x15\xab\xa9>\xa5\xdc\xd1B~;_\x82\x12\xca\xf2\
\xf1\xdb\xbf\xc9R\xd0\x85\x12\x17zA\x88RF\xcf#\
%\xbb\xd0\x9aZ\x9a{v\xa6\x85 \x80\xf3Y\xce\xe8\
\xc1a\x1ct1\x8c\xe37\xd4\x05}bg\xa7g\x18\
\xae\x0d\xd3\xd7\x91\xba\xd8I\xce\x83\xe4\x98\x9e\xb6\x1bL\
\x92\xc9\x0cN\x15km\x9d\x87\x1a\xb4$\x15\x81\xc2\xf6\
X\xb0=\xc4\xcfn\x87v\xb9\xa6+\xaapu\xabx\
R*\x9dJea`\x03R.\xe28-\x15\xfbf\
|\xce\xa3P9{\xfb\x97\x83\xb3\x83(\x81c\x12\xdf\
0T\xe9\xe4\x15\x09\x8eP\x05\xd8ACGu\xb02\
4d\x8c+v\xf7\xc7\xce$\xaa\x8f\xe4@p$x\
\x03\x0b\xaf\x82\xac\x9a\x8e\xbd\x86kUnc\xc594\
\xc7\xee\x83\xe2h\x80\xa3\x8e\x8e\x7f\xfe\xf4\x13\x00\xc7\xa7\
O~sco\x19\xc0\xd1\xb7\xb2\xa2\xbbc\x89\x1b\x06\
9\xfc33\xef\x0a\x0e\xe9q\x0cy(\x8e\x00\xd7q\
D\xfa\xc7\x0cp\x84:\xf5\x18\x1f\xees\x83\xda\xd1\xcf\
fIq\xe4\xb7O\x10\x1c?\xbc\xfd\x8a\x9e\x8f\xe1\x8d\
\xfbR\xf0U\x5c\xf9[\x87|\xaa\xbe\xd2r\xb9c\xfe\
09,\x05\x82\x9c\x07(\xd74&1\xe6\xe0\xe2M\
{\xbf\x81\xda\xe4\xa8\xef\x0cm&=\xad\xc3;\xc6\xa0\
A\x92\x1e4\x95\xb8uz~G\x96\x8f\xd37o=\
<\x9c\x9f\x9e\xeah\x81\x1e\x18\xdd\x1fw5|%\x92\
;\x81\x0a\x0d%<\xa8Z\xec\xb4$\xc2\x93\x88\x05\x8c\
\xab\x5c\x0c\x7fT9;\xfe\xb2tV\x8c\x1az\x03{\
U T\xa1J\x0e\x15\xaa\xd0\xc8Q];\x1a\xa8\x12\
\xaa8\xc0\xe1\x5c\xad2\xe3\xf68\xd8@\xe5\x1a0g\
\xfe\x9d\xf7\xaatu]gp@\x19\x074\xc7\xee\xbf\
\xb8\xf4\xe0\xa3F\x8f[\x9d\x81c\xff\xd5\xfe\xf3\xfd\xdf\
|\xb0GMn+\xebT:\xaa\x05\x07=\xc2\xf8\xb1\
4s\xd1U\xf5\xce2\x8e\xa1vcp`o\x00{\
\xafze!G\xc4\x00\x87\xda\x1c\xab\xa7q\xc0\xf4\xaf\
4[\x1c\xf9\xfc\xe2\x9b\xeee\xd1\xf7\x00\x00 \x00I\
DAT\xca\xf1\xdb\xb7\xe5\xb3\xb7\xbf\xbfJs0\xf0\
l\xcc\x1f\x94\xd1#\xad\x94K\xbf\x0d(\x85\x0f\x82c\
*\x9a=\xda\xc9\xd0Db\xc7\xce\xa4d\xd2\x18.j\
\xa1\xc5\x98:\xca\x933\xa0q\x15\xba\xe72\x99\xd6\x1e\
\x9e\x1c*\xa7\x7f\xf0j\x15\xf1\x99a=\x0a\x9d\xbe\xe1\
\x9b#\x08X\x10\x1dBu\x5c1zk}M\x81;\
\xbb\xf9|\xf1D\x1c\x07'\xa5\xe2\x80\xf8\x17\xee6;\
t\x86\x80\xc6\x15\x98\x14\x04)\xe1\x1f\x8e\x7f[>\xcb\
E\xb7!\xab\x22\xc0\x81cG\xdb\xa0t\xb4\x93\x8b\xce\
\x19\x1c\xda\x1e\xe5\x01`\xbd\xe7\xcd\x00\x0b_`\x08\x98\
n\xab\xc7\xf4\x0b\xac|\x0c;S\xf0j!\x135\xc7\
\xde^]\xc6\xc2QP\x1c/\x1f4ZU\xea\xe9\xf8\
\xd9\xf3\xef\x158`X1L\x0e\xecV\xe38\x86h\
\xa7\x8a\x91U\xf1\xb7\xfcDp\xc0J\x15\xc7\xfaG2\
9\x22\xbd\xf0H\xdf$p8VN\xb7\xa9\x9as=\
\xfbkm\xed\xce\x91\x08S\xde\x9e\x9d\x1d\x1f/\xc2l\
OzV\x86\xf6\x90\x05X\xbf\xba8\xa5\xfa\xd6(R\
i\x8fN\xf7\xc0\x12W=\x1f,k\x8c&v\xa2\x84\
n\xcf\x9a\x1f\xc4\x88\x1b\xd4\xf7\xdeCzE\xcf\x1a\xd3\
t\x01r$w\xecot\xf8\xe3\xd1p+eX.\
c\xab>u\xd6\xc9\xf6:\xea\xf0\xa5\x19\xa5\x1e\xc7U\
A\x8c+\xcd\xe1\x8e\x89&_G\xa9r||P\xa9\
\xe4\xe7\xb7\xd9\xe4X#k\x14\x9a\xdcB\x168TV\
\x85\x06rx(\x8e\x80\x87\xe2\x10\xd4\x10\x8a\xa3\xfa\x10\
0\xa58\x12t9c\x09\x0e\xf8$\x80C\xcf\xf1\x19\
\xd9\xd8\xb8\xcf\xe0x\xf6\xf2E\xa3p\xb4\xde\xc0\xf1\xe2\
c\x04\xc7\x0b\x0cU\x96\xb49\xaa6N\x8b\xc7\xd7\x90\
6G/\x06\x8e\xcb^Y\x15\x13\x1cF\xe1\xa8\xe9\x8e\
\x86B\xc6\x9cs!9\xda\xa4\xe6\x18\xc0}f0\xff\
km-?X8\x05p\x88\x13\xe9\xb7\xbe\xd1+\x9e\
g\x9c<\xf1\x9aF\x9b:z\xa7\x87\x87ON\x0f\xf5\
V\xa4L6cN\x19\x94\xab\x10\x98#j\x9c0\xbf\
d2\xb3\xd9L\xb2\x15\xf7)\xc4p\xd0\x1f\x0d\x0c\xe5\
\x11\x85\x92\x1b\xf4Av\xc7\xf4?h/\x03u\xcf\x10\
:\xc0*\xb8R\xf3W\xd6R\x03\xb9q\xb5\xa5\xa3c\
\x22\x1am\xf6%O\x05)\xcf\xce\xca\xf3\x83\x9cU\xe1\
\xd2\xd1N\x02\x07\xaeeZ4\xcc\xd1~\xc4\x86\x1c9\
:^s\xd0\xf9Lb\x86w$X+ g,s\
\xd4\xec\xaa\x0f\xcb\xa1_\xce\xfe\xa4 \x9a\xa3]\xd4\xe3\
\xb6\xb1$\x0bG_6*\xce\xeb\xed\xf8W\x1a\x01\xf6\
\xfc\xc5\x83\x1bw\x97a\x93\xdb\xd8\x98\xa980T\xc1\
\x9d\xd3\xfe\xaa\xdd*5\x15G\xb8\x8a\xe2\x00g\x94<\
\x0ezz\x94\xee\xe8\x88\xb9\xac\xbeM\x8e\xf2\xa1\x5c,\
\x97\x80\xadm\x0fJw\xf4/\xbeQ\xeb\xb9\xdb\xf5\x84\
\x0d\x81\xca\xf4|k\xf2\xf0\xf4$s\x98U\xbb!y\
\x89\xc2\xac^\xb0\x86\x9bd\xe1B.\x9c\xe5\xd0\x06\xd7\
6e3=I\xde5\x9bU\x93\x86y\xb5\x13\xdf7\
\xb3\xa3,\x0fy\x1d7P\x0abe\xa8_\x17\xd01\
\xd1LS\x07k\xfd\xd2:D\xb9r\xa5\xe9J\xd3\xc4\
\x84PL\xd3~\xdfa\xf9\xac\x5c>>.\x89H\xc5\
T\x1c\xbb\xbb\xdc\xe4\x16\x0aip\xa8q\x1c\x88\x0eL\
\xab\x8c\xd7\xe8r#\x83b\x86\x86\x80%\xaa\xf5\xaa\xb4\
\x98\xeb\x1e\xc9%u\xce\xf1\x09B\xe5\xa8n\x8e\xddP\
e\x1c\x9fc\xfdW\xa3\xe2\xbc\x9e\x8e'\xdf\xe3F\xa6\
\xfd\x87\x1f\x08p\xb4\x19%\xe7\xc66&z\x84\xf1\xe3\
\xe4]\xc1\x11\xf6R\x1c\x01\xa7\xe2\x88\x008\xfad)\
\x07O\x00kSzc\x80\xb01\x8b\xee\xe8\xf6\xf4\x9b\
309~x\xfb\x07\x9f\xd0\xfeU\x9f\xc0\x85\xde\x18\
m\x9e\x88\xce\x0f'a\xf1\xf4\x11\xadjr\xae\x82\x9d\
e\x080L\xe4\x1b_J\xd2\xec\xec\xa8\xbb\x0bU!\
w\xd4\xf3~\x148v\xa6\x93Y\xa4\xca\x8e\x8e\x83\x04\
8\x0eOK\xb8\xcd\xa5\xa7\xb5\x95\xd81\xd1\xd1\xdct\
\xae\xea\xb8\x8a\xc3\x86F\x9b\xfc\xcdM\x1d\xd0\xf82?\
\x7f\xc5\xf7\xa6|v&\xfe\xd9\x07S\x12\x1cz\x92\x0f\
nG\xe0\xc5*\xdd\xba\xad\x1e{\xdc\xe4(\x9f@m\
\x8fc\x06\xd9q\xb9\xd6\x0a\xc8Q=\xc5\x87-\xd2\x84\
\xab\xcd A\xe0@\xc5\x81\x15\xe7\x1f\x128.A\xfd\
\xd7\x87\x8d\xc2\xd1z:^}O\x039\x9e}p\x03\
C\x95\xb1\xf5\x95\xeb\x96\xe2\xc0\x99\xb4\xe1\x1a&\x87\xff\
\x823\xce\x83\xed\xceM\xf5\xd2\xe3\x90i\x15\x1b\x1c0\
y\xd4\x1eq.\xd3*\xd3\x87\xe0\x8eV\xce\xde\x1eO\
_\xed\x18\xf5]\xb9RMo45\x8b\xa7\xeb\xf9$\
\x9c\xc2\x7f.\x89\xd3\xd8^xd\xe2\xc2\x86\x89\xb5\xdd\
\x89t\x86\xc1\x19\x9a.,\x91\xc3wh\xdd\xc9\xcef\
\x8d\xf1\xe5\xb4\xf2\xfaH(\x1d\xda\xf1\x92\xecatL\
\xb57\xf3\x18\xc3+\x9e\xf8\x10\xd4\x80\xe2\x13\xa1\x95\x82\
S\xed-SXt6\x0dM\xfag\x7f\x8b\x97\xcf~\
;!\xb9\xc1\x1b\x12pt`gHgU\x22:\xab\
\x82y\x95\x80G\xb3J\xc0\xdd\x1eKI\x95\x96*\xe4\
h\xd2=n\x5c\x03\x16\xf6\xfa\xa3+p\xf4\xaf\x93\xe2\
\xf8\x90\xea\xbf^5\xea\xbf\xea\xee\xe0.7\xe8\xab'\
p\xc8^\x15\x15\xaa\x04\xff1\xe0\x08\x04m\x8f\x83\xe6\
\xe8*\xc5\xc1%`\xe4\x8e\xf2\x0aH\xd8v(\xd3\xb1\
)]\x01\x96\x9f\x9f\x15a\x0at\xc8\x1e\xe7|\xd1\x8e\
&\x9f\xe7\x09\x08O\xda\x97'\xa2P\xc1\x91\x81\x9d\xf5\
\xff\xd7\x91\x078.z\x18kf\xb3\x92\x22R\xaad\
\xd5&\xeb\xaccK\x03X\x1co`{\x1b\x17v\xb4\
bIX4:\xd1<\xd3\xc2#P\xaf\x00& t\
Q\x07\xc4'W\xc4\x7f+\xcc\x0a\x8bNL\xe3$\xf7\
\xa8o\xe2\xc7\xca\xd9g\xf1J\xe5 0\x9c7\x0f\xf4\
F\xf3H[\xb7\xe2\xa0H\xc5\xd5\x1e\xeb\xaa9\x97\xf3\
8\xc2a\x7fup\xb44\xb3\x07\x0a\xd5\xe5j\x14\x98\
\x85\x0d\x0d\x0eYq\xcee\x1c\x8d\xfa\xaf\xfa;~\xce\
\xe0\x80\xf6X\x15\xaa\x98k\xdc`=\x02\xc7\xc1\x17\x07\
\x87\xdf\xa39\xd6nq\x83\xacJ@+\x0es$\x07\
\x93\x83\x04GA\xce\xe3\xc8\xcb\xbe\xfa|~p\xbb$\
\x02\xfe\xb7o\x8f\x8f\xff\xe2\x13\xcf\xe0MW\xdd\xcf\xdd\
p\x02\xb6\x5cnGn\xec\xe0\xc2\xe7?\x7f\x05\xeb[\
\x1d\x1b\x9f/\xba\xaa\xde\x00GF\x83\xa3\xfa\xdd(\xd4\
\x01\x8b\xe3H\xef\xac\xc6]/\xf3\xecv\xb47\xb7\xe8\
\xc1\xc9\xa3R\x82\xd0\xf5\xcb\xb0\x0b\x86\xe6t\xe0\xea\xa8\
\x9e\xa8\xaf\xf5\xb4r\x96.V*\xe5_uo\x9b\xe0\
X@\x8bCy\x1c\x11\xb08\xb6\xc8\xe6\x18\xd7\x95\x1c\
\x01\xefQ>f\x97\x1b\x0f\x1d\xad\xbe<\xd6\xf1\x87N\
\xb8B\x15\x98&\xa8[U`\x8f\xdb\xea\xea\x1e\x95q\
4\xc0Q\x7f\xc7?Ip|@\xed\xb1c\xebD\x0e\
n\xaa\xc7X\x05\x0c\x0e\x16\xa7-\xe7\x81\xe32E\xca\
N\x8bc\xc8\x1eTL\x1d\x14Jq\xc0#]\xcf+\
\xee\x0cI\x8f#\x8f\x9a\x83\xb6#\x14sw\x06\xb7\xf3\
`q,Nw\x14O\xa1d\xe3\xf8\xed\x1f.\xc3\xf2\
\x93\x16\xf0\x1b\xafX\x86#\x9c\x83-\x92\x1b\x19\xb4)\
\xff\x5c\x14\xf8 b\xa8\x0b\x17?\xd2U\xb8\x91\x95\x98\
\xc8*\xc5\xe1\x11\xf6\xd8A\x8f\xf8q?\x9e\xcam\xb1\
;\xac:\x90\x1d\xf3\xb4o\xb6\x03W;\xb5\x8c\xaa)\
\xeb\x00\x10\x11\xa2\xc0J\x17\xa2\x06O\x06\x9b\xf0\xed\x94\
+\x95\xc3\xf2Y\xa5X)\xb6\xe7\xf3\xdb2\xa9\x02s\
|\x16Br\x02X\x1f\x8d\x1c\xb5<\x0e\xf7\xfa\xd8\xf6\
@0X\x0d\x1c3\xe1\x8b\x80C\xda\x1cnr\x04\xcd\
\x8a\xf3\xfb\xab\xcb{w\xb9\xfe\xebe\xa3\xfe\xab\xde\xc0\
\xf1\xe8\xf1\xa7\xaf\x9e\xec?\xff\xfc7\xd4\xac2\x86]\
n\xfd*Tap\x84\xc1Fo\xa9\xa58Z\xaa\xac\
c\xf2\xde\xc6D\xde\xa8\xce\xaa\xf4\xcb\x06Y\x04\x077\
\xab\xb4Q>v\x00\x96#\xe4\x8b'\xa5\x83\xe2Q\xba\
\x90N\xe7\x8a\xa5\xf2\xd9\xf1W\xc5\xb3\x1f\xde\xfe0<\
%N\xc1\x89\x0e\x95\xac\x00\x87@\xc8\x0d8\x0b\x9b\xdb\
{!\xa1BE\x17 9N\x01\x1c\x1e\xc4H\xeb+\
i\xbe\x907f\x95]*a\xa1\xacS\x97\xe2\xc8f\
gm!rxx\xf4\xe3\x09.\xa8\xcf\xe8rRD\
\xc7\xf0\xfc\xf4\xbc\x5cV\xdd\x8e\x1b]p\x9b\x0b\xbe\x05\
\xa7\xd0\x0e\x9d\xe7\xad\x0f=\xc3\xf3\xad\xc3\xcd\x98Ty\
sv\xfc\xab\xcb\xe9\x93\xc2\xb4\x19\xaa\x008B\xac8\
\x00\x1c<t\xb4?\xa2\x14\x07K\x8e\x1a\x1e\x07/\xb3\
\xf0\x87m\xeb\xe2b\x8ac\xc6\x02\xc7\x90\x0d\x8e\xbbw\
\xefB\x19\xc7\xeb\xd7/\x1f\xdch\xd4\x7f\xd5\xd5\xf1\xcf\
\x9fb\x97\xdb\xf3W\x02\x1cd\x8e\x0a\xc1\xd1\xaf\x9ac\
\xbb\xb8\xa9\xde(\x13<g\x8d[\xb3s\xe7\xb4\xd7j\
\x84^\xec\xab\x0f\x18\x1eG\xff\xa62G\xc9\x1e\x15\xaf\
\xbbmy\x14\x1c\xb8Ue,\x0d\xf3\xb3h\x92^\xf1\
\xa0r\xfc\x87\x1d\x18(\x9a\xeb\x00\xd7`*(W\xb8\
^!\xbd\x0f\xdc\x80\xb9\x9e\xc8\x0d\xcc\x9eb\xd8px\
\x98>\xf4P\x14i\x97\xd8\xe0\xeb\x90@Q\xf1G\xd6\
)-\xb2\xd9\xdaa\x0d\x82#\xab\xc1a\xb3\x83\x84\xc7\
\xf4\xbc\xb9K.J\xe3\xc3H\x92L\xf3\x08\xd5\xf9V\
\xf2F\xbf*~9yg\xd8wT\x99\xbc\x83K\xdc\
z\xd8\x1c\x05r\xec*\xc5\x11\xe1\x0d\x90V\xe9\xe89\
\xb3\x03\xd5@\x8e\x1a=nv:\x96\xb1\xd1\x02\xa5\xc4\
.\xc5!\xde\xba\xc7\x18\x1c7\x00\x1c\x9f?\x7f\xd1\x00\
G\xfd\x81\xe3\xfbG\x00\x8e'\xa88:\x11\x1c\xdd\x86\
9*\xc1\xe1\xff\xfb\xc0\xe1\xda\xff\x08\x83|8\xadB\
\xa1\xcaf\x9f\x02\x07\xc4*\x9dJr\x90?:\x90\x12\
\xf1|!\x95N\xa7\x0b\xf9;\x13\xdb\xe5\xe3\x1f\x92%\
\x01\x8e\xbf\x5cn\xa5\xe7\xee\xf6\x8e\xcb\x00\x8fQ\xb4\x0b\
ZZ:\xc0\x16\x1d\xee\xa15MY\x92\x1c\xa7?\xb2\
\xe4\xb0s(iw\x80\x22\xb9!\xd7\xcb\xcf\xba=\x0d\
\xb85\xeb\x8emb\xfa\xfe\xe2\x87\xbd\xf9\x11\xbcQ*\
*3\xd1\x01\xad-=\xbc\xd0Z\xae\xa9\x05\x11\x02M\
t\xd3X\xa2\x0e#\x82\x92t\xbf\x9ed\xd47\xf5c\
\xe5\xec\xa0\x05\xf6\xd6\x0d\x0f\x9f\x1cLC\xa8\xd2\xb3m\
)\x0eq\x19\xba\xa3\x06\x07\x92\xc3\xf1\x0e\x8a\x83\x87r\
X\xe1GUp(\xcd\xe1\xb7\xfe\xfaT9\x0a\x95\x83\
\xb0\x00\x92\x93*88\xf0\xe97/\x1f\xdcm\xd4\x7f\
\xd5\xd5\xa1k\xcea\x92O'\x9a\xa3\xdd\xddvW}\
8\xecP\xb0\xfes\xcc\xd1\xe6\xf3\x14\x07\xaf\x80\xc42\
\x83\x08I\x8e-\xed\x8d\xea\x8cl\xbe\x8d+\xc0&e\
\xa3\x8a\x08\xee\xb7\xf3\xdb\xd3'g\xc7\xf9\x0309\xa2\
\xad:\xcfI\xcb\x1b\x9b;:p\x8a8\xad\x95\x95\xd9\
Q!9\xdeHp\x9c\x93ZI\xbbK=\xbcB\x12\
\xdc1ofu\x15m2\xf49\x00\xc7Q\x96m\x11\
\xa3\xb8}G\xadC@.\x80\xfdi.\xc0\x1e\x16\x18\
\x9c\x1fF\xb1D\x80\x11\xe0\xd89\xad\x9c\x15\xdb\x07\x07\
\xe7\x87\xb7\xb7\xdb\x0f\x8a\xd0!\x9b\x94-n\xb8:\x96\
\xc1AY\x95~\xbd\x02\xf2\xa2\x8ac\xc6\x95Sqe\
Ul\xc1a\xc7\xa7\xbar\x94z\xdchT1\x81\xe3\
\xa3g\xaf\x9e\xbe\xbe\xd4(\xe3\xa8\xb3\xe3_\xf7?~\
\xbc\x8f\xa5\xa3\xdc\xacb\xce\xe3\x18\x92\x8b\xdcLt\x9c\
\x93U\x01s\xb4\xd9\xcc\xabTQ\x1c\xbd\xb2[E\xea\
j\xdd\xe7\x06\xfd\xb14x\xb4\x0d;\xb9\x042\x06\xf4\
.7\x90\xe9\xd1\xe2\xd9q.}\xf6\xc3\xdb\xe3\xf8<\
\xf5\xaf\x93\xe1\xd8\xdb;5E\xce\xa2\xc2\x06\x15V\xa0\
\x0089\x02\xc7\xe1B\xd0H{\xd9\x17x%\xab?\
p\x14{p\xd6VV\x8b\x1d\xce\x1e\xbdy\x83)`\
\xabA\x86\xda\xdfv\x8c#\xa9\x0fpB\x85\xdc\xe8I\
\x226v\xd6\x10\x1c=\x13\xbeC\x18\x14\x10\x1d\x9c\x9e\
\x1f\x1c\xdc\x9e\xcf\x95\xf3\x9c\x93\xdd\x16\xe0X\xc837\
\x16@q\xc8P\xa5\x1f\x07r\x5cTq\x98c\xce\xc3\
\xde\xe0hjq\xea\x0d6\xcb5<\xa8\xe4\x9c\x07\x07\
\xde\xbby\x7fu\xf5\xc3=*\xe3x\xfa\xfa\xeb\x8f\x1a\
e\x1cuv<\xa1\xb5\xd3\xcf\x1f\xde\xb8\x8b\x039h\
\x93\x1b\xe6U\x86\x82\xd4\xe4\x16\xb4\x02`X[^\x15\
\x1c\x97\xfd\x97\xfd^\xe0p{\x1c\xf8\x806L\x8e\xc8\
&.W\xa1\xe7\xceN\xda\xe5\xd6I\x15`\xf9\xbc\xb9\
=\x16\xf2\x09\xd1t\xe5\xed_\x86a\xday1\xda\x83\
^\x00\xb3c\x9a\xb7\xc2\x1bK\xe19x\x80\xaa\x0a\x0c\
\x1c\xaa\xba\x13.\xb7\xc2Y\x06&\xebH\x8d\xe4\x89\xfd\
\x8d2T\xb8\xbe\x83\x00\x11\xe0\xf8\xf1\x0d\xc7F\xd9\xac\
WC\x9d\xcd\x0f:z\xe6\xa3\xf30\x12DG4=\
\xad\xa3`qT\x06\xa3\xa07\x049\x06\x0f\x8a\xd3\xda\
\x1c\xcd\xe7q\xfe\xd7Bha\xe4\x8ec\xe7\xb4\xb7\xe2\
\x08\x04\xbc=\x8epM\x8f\xa3\xc9;\xedn\xfe\xfde\
\xaf\x0a\xb7\xaa@\x8b\xdb\xdd\x1bw\xf7 \x1b\xfbM\x03\
\x1cuw\xfc\xdb\xc7\x8ft\x05\xd8F\x08\xdac\xa5\xe2\
\x18b\xc5\xe1xLY\xb1\x8a\xbb\x82\xe3B\x8a\x83\xea\
\x19\xa5\xe2\xe8\xa7X\xa5O\x0a\x0e\xe9\x8eb\x11\x18\x0e\
\x9f\x00bL\x92\xf0\x80\xf3eq\xb0r\xfc\xe5\x14\xb4\
\xac|5\xb5\xdd#\x9f\xadY\xf1\xb7\xf6$w46\
TG\xdba\xf6\xf0\xcdQ\xf60{\x81\xfc\xabw\xfd\
\xe8\xecl,cdUf\xbd3+\xaa\xb4\x94-\x0e\
\xb3\xe2\xd4\xfb\xb0\xd4\xc7\xf44\x85(\xb4\x93\x0e#\x95\
i_\xd3\x8f\x95\xb3\xaf\xa6\xa6\x87\x07\xb7\xe1\x18\xbcS\
*\xde!\xc5\x01\x16\x87\xa58\x22\xa88\xcc\xcaQ\x97\
\xe2\xf0\xae\xe38\x07\x1c\xee\xbf44\xc8Z\x8f\x00\xf1\
m`r \xa0\x03\x93*\x1b\x04\x8e\xbb\x0f\x9f}#\
\xc0\xf1\x9bF\x19G\x9d\x1dT\x01\xb6\xff\xfc\xe5\x8d\xbb\
\xcb\xab\x12\x1c\xd7\x18\x1cP\xfd\xa5<\x8e\x84\xf1\x80\x9a\
\xa9\x02\x8e\x0b*\x0e\xb9\xac\x9ez\xb0\x22\x11\x09\x8e>\
V\x1c!^<M\x85\x1c\x98[Q\x92\x03O\x99;\
\xb9\x5c4Z\x84\xe1\xa3\xf3\xad\xc95^\xfe\x9e\xc4\xaa\
\x07\x0cQL\xb5!;\xd9@r\xec\x1cf/@\x89\
\xac\xedwj@\xa8o\xa7>\xa9.\x5c5\xec\x02\x1c\
\x02T\xf2\x9e\xb1X\x0c\xd0\x11s\xf7\xf1\xf3\x10B\x92\
\x1f\xc4\x8d\x9d\x9dx\x1c\xf1\xb1F\xde(X\x1c\x7f\x9a\
\x18\x1c\x1c\x1e\xde\xce\x0brL\x97J\xbd\x04\x8e\x85\xce\
<\x88\x0dP\x1c#BqD\xfa\xad\xc2\xd1\xc8\xbb\xd4\
q\xf8]\xe4\xa8\x0d\x0e}\x0f]\xf3\xa7\xc1q\xeb\xa6\
T\x1c7\x1e>{\xfd\xfa\x9bK\x1f4\xca8\xea\xad\
\x90\xe3\xfb\xc7O_\xbd\xda\x7f\xfe9(\x8e\xb6\xd0\xc8\
\xba\x5c:m\xec\xaaw)\x0e\x11\xf5VS\x1c\xcd\xfe\
\x0b(\x8e^\xae\x1d5=\x8e\xc8\x98 \xc7\x02\x9b\xa3\
!\x04G'x\x1c8$\x0f:\xdd\xf2X?\x8a'\
\x8c8y\xa2\x83\xd1\x5c\xf9\xf8\xf8xv~[\x9c`\
\xf2\x09\x9bgy\x99\x1d#:\xbe\x10\x92#\x13?\xac\
\x12\x8d\xa4=\xebD\xa5\x8cP9Y\xf1mc\x1e\xb0\
\x89\x99\xc8\xa1H%{\x04\xe0\xd0\xf8\x11\xe8\x88\xc1l\
\x8f\x18M\xf8\x10\xbf`\xdc)<\x92\xf3\xd3\xc9\x8c\x04\
\x87@\xc7\x9a\x00\xc7v\xb2\x1d\x22\x95\xe3/\xdb\x87\x05\
9\x048Z\xb7\x17\xf2\xa5\xd4\x22u\xa9\x84\xf2y\x05\
\x0e\xa18\xfaU\xa7\x0a\xce\x1c\x8d\xc8*;\xcb\xe3h\
\x97\x92\xc3\xde\xc8\x14\xae^q^\xb5@\xd8\xfc\x14o\
G\xe8\xc2\xf9_\xb70\xa9\xb2\x07I\x95\x87/_\x7f\
#\xc0\xd1\xc8\xc6\xd6[>\xf6\xd1\xe3O\xb1\x90C\xd5\
\x9c\xafP!\x87\xde\xc7T\xeb\x11u\x0e8\x82U\x14\
\xc7\xb8\x5c\x8f\x80I\x95~69\xc8\x1c]\x90\xe3\x03\
;w\xdb\xda\xa4\xcbA\x8a#\x1f'\x8fC\xe8\xf5\xc5\
\xc5\xe9\xc2\xa9\x88U\xbe\x8c\x028\xe2\xa6\xde7\xb1\x91\
\x91\xdc8\x84\xa8\xe1\xe8h\xe7\xf0\x9c\xa4\x8a8\xad\xdd\
X\x88\x91\xc9\x11\xf3\x08N<>`\xca\x1c\xfd\xf8f\
\xd6\x1081<\xe8}\x1c \x92\xc90A\xd4\xe4\xb1\
\xe8\x14rC@\x03\x0e\xe0\x86\x00G+6\xaa\x9c\xe5\
&\x048\x06E\xb02\xb8\x9d\xef=(E\xd0\xe1\xe8\
\x0c\xb1\xe2\x80)\xe7\x0bTqn\xaeG\xf0\xb48\x02\
r\xef\xb4\x9a\xc7\xf1S\xc0\x91p)\x8e .r\xeb\
\xa2\xa4\xca\xcd\xfb\xb7\xc9\x1b\xfd\xe8\xe1%\x04G\xa3\xa9\
\xbe\xde\xc0\xf1\x1c\x0a9\x9eP>\x96\xc0\xb1\xd2-\xa7\
\x9cC\xc99l\x9c\xb6J\x0a[\x9a\x9a\xfc\xe7\x82\xc3\
\xabW\xa5\xdd\xd5\xadb)\x0eH\xc8.,\xb0\xe2\xc8\
wv.\xb4Q\xac\x82\xee(\x92#\x8fo$9\x16\
\x16\xe7\x17\xc1\xe4\xf8u4\xb9\x9d\x5c[\x03mo\xce\
\xd0\xb1\xe5\x06\x19\x9b\x82\x1co\x8e\xbc\x82\x95\x98\x8c6\
b\xaa\xf5\xd5C\x88\xb8\x15\x06@\x22f*\x0e\xc3\xf8\
\x00\xc5qd\x80\x83\xa1A\xfc@\xf9!\xd8\x90\x89\xe3\
t\xb1\xd6a\xcc\x00%\xe7{2\xc0\x8c\x1d\x02\x07\xec\
\xd7\x86\xe1\xe9\xbe\x0c,\x98Z\x98\x16\x82\x03\xc8\xd1\xba\
\xbd\xbd\x98*\x89\xff\x1d\x10\x1b\x0b,8\x80\xb60\x8e\
\x83\x13*8\xc8\xa77\xa2\xe7\x9c\xdb\xec\x18\x1a\xb2\xf7\
\xaaxz\x1c\x17P\x1c-&:\xc4_:\x81U\x1c\
]\xe4\x8d.Q\xfd\xd7\x03\x04\xc7\x1fo4\xb2\xb1\xf5\
\x96\x8f}\x01\x85\x1cOp\x06\xd8*\xef\x80\x94\xcd*\
\xaa\x8c\xa3\xfa\x1esOp\xb8\x9b\xdc\xaa+\x0e\xd4\x1c\
\xfdr&\x07=}v.`F\x96\xaa9p\x9c7\
\xb8\x1cy,=Gn\xec\x0ap,,n\x1dT\x8e\
\xdf\x9e\xf5\xb4&\x11\x1cqx\xde\x8e\xe3K\xd6\x1d\xa8\
p\xc8qt\x94\xf4\x06\x80\x02G\x16O\xef*\xc1H\
\xcc%EfcU\x9cT\xb48f\x0f\xf5W\xe1}\
\xb31u\xc4\xe3Bx\x08p\xf4\x0c\x0b]!\xa7%\
\xc7\x8d\x83\x04Gr\x1a\xe7\x14\xff::\xbf\x08\x8ac\
\xb0U\x80#\xbf0\xb7\xb0\xb0+\xc1\xb1\x80\x82C\x1c\
\xd6\xe2\xd8Z\x8a\x83\x13+68\x12\xfew\x0eU\xac\
\xcfqR\xa5K&UdS\xfd\xc3'\x02\x1c\xcf\x1a\
I\x95\xba\x03\xc7\x13\x04\xc7\x8b\x17\x0f\xa0\x02\x0c\xc1\xc1\
\xd9X\x05\x8eD\xd5\xe7\xa2*I\xba*\xdd\xb1\xed\x8e\
\xed\x08\xb6\xe2\xe8\xe7\xb5L\xaa\x04\xac\xb33\x0f\xdc`\
w\x14\xcb9&\xc9\xe3\xd8\xdd\xc6X\x05L\x8e\xb7\xc7\
\xb9\xe9\xed5\x04G\x9c<\x83xL\xcd\xef\x12\xcf\xec\
$6f\xe5\xb0\xaf\xd9\xa3\xec\xda!\xc7\x0dNt\xc4\
\xa4\xbc\x88I\xad\x11\xd32\x82\xc3\x8f\x18R%f\x80\
\xc3\xc9\x19\xfc\xc1H\x0e\xe5\x8d\x22]b:\x5c\x89e\
5:2;\xadI\x95Z\xb1\xb8\x11_K\xae%\xb7\
{\x92\xed\xbe\x93\xb3\xb3\xe3\xbft\x0c\x829\x8a\x82C\
\xfc\xe3'\x8b\x82\x19\xbb\x82\x19\xdb\x08\x0e\xf1&\x98\xbb\
\xd5\xdf\xaf\x16#Dp\xf1\x84J\xaa\xd8\xf6h{\xbb\
\x97\xe2\xf8\xbb\xc0\x01_\x1e$\x8f\x03\xcb8p\xc49\
fc\x1f~\xf3\xfa\xeb\xaf\x1f6\x92*\xf5\x97\x8f\x95\
\x139\xf6\xf6\xc0\x1d\x05\xc5\xd1\xaf\xd3\xb1\x02\x1da\x8f\
\xda\xd1\xaa\x8f\xa6f\xefe\xf5\xa88\xda\xdd\x8a\x83\xa4\
t\x7fD\x9b\x1c\x0b\xecq\x84\xda\x84\x1a\xc7\xe2Q\xda\
\x22\x22\x88A\x89\x15,\x1e\x15\xe8X\x5c\x98.\x94\xcf\
\xde\xbe\xfd\xd5\xd4v^\x81C\xe8\x0d\xb0\x0f\x040\xb2\
\xc0\x8d,\x9a\x134\xaf\x8b&z\x1d\xc2\xc9\x9c\x8d\x19\
\xe4\xb0b\x15\xef8%\x0b\x89\xd8\xea\xae\x88\xf9\x9dd\
\xce\xe5\x10\xc0q\xa8\xd22*H\x89\x15\x0cr\x00;\
p\x15\x03\x22\x8f\xad\x0d-8\xd60\xc7<\x1a\x85q\
\xa3\xbf\x9d\x02n\x0c\x0frF6\xf5\xab6\x14\x1b\xe2\
bW+\x8eH\xf7\x16\x8b\xb7~\x9a\x1dXEq8\
W@\x127\x12\xef\x1a\xaa8\x04\x07\xedc\xea\xc25\
n!X\xff\xc8I\x95\x17\xdf|s\xe9a#\xa9R\
\xaf\xf9\xd8O_\x0286B\xe6\xec@*9w=\
\x1b\xd5z0ux\x83\xa3\x86\xc7\xd1oTr\xb0\xc9\
\xb1\x00\xe4\xc8\x87\xf2`\x91\xe6%9 V\xc1\xd7\xfc\
n~{{wqq\x01L\x8e\xef\xde\xfea\x1a<\
\x0e$\x07=\x89\xc7\xc1\xcb\xc4\xf4'\xb1\x03\xf3\xa9\xaa\
\xea\xf3\xe80y\x88\x08\x91\x1a@\xc6\x1b1W\xe4\x91\
6\x84\x07\x94\x91\xab\x90C\x1b\x16\x8c\x15\xa2P\x8c\xca\
5\xd8?=:::\x9cuX\xa31\xe6\x07\xfej\
\xe2\x9d\x86\x05Z\x1e\xe6\x81\xd6hk+X\x1c\x22R\
\xf9\xfd\xe2<\xe8\x8dA\x06G>/\xfe\xa3\xf2\xdb\x0b\
t\x90\xe2\x18\xe9\x8b\xf4o)j\x80\xc9\xa1\xd0\x5c\xa5\
\x02,\x01s\x96\xf0\xed\xa7y\x1c\xfc\x09\x9dUQ\xe0\
\xe0\xdd\x08\x02\x1c\x94T\xf9\xe3\xc3FR\xa5\x1e\xf3\xb1\
\xcf!\x1f{)\xb7\xb7|{\xa9\xb3o}LeU\
\x86\x82\x1e\xf5_\xb5\xc1A\x8a\xa3\xc3\x0d\x8e.\xd7\x04\
0\xf9\xb0\xe6f\x15\x1e<\xba\xc0\x95\x1c!\xec\xde\x12\
\xe1\x8a\x00\xc7R\x9e\x83\x95<\xe7c\xe9\x9cY\x8c\x1e\
\x08p|\xb16,\x15G<&S\x16p\x19\x8f\xb9\
]\x8e\xec\xec\xe1\xe10\xdd&S\x1c\xea\xb4W\xb1\x0b\
\x5cs5\xaf\xcdJ\xba\xd0\xfd)\xf8\x881\x82T\xe3\
\x8a\x1a~\x0c]uG\xa6\x15B?\xa9\xc0\xd4\xc0l\
\x0f\xc0\x22\xc3\xc8pr#\xbeF\x05\xe8\xc9;dq\
L\x0c\xa3\xde nl\xc3\x7f\x00\xfa<y&Gh\
ada\xac?\x22\xcb8@\xc3\xf5\xf6\xa3\x85\xe4R\
\x1c\xed\xba\x90\xc3\xd3\x1cm\xf9i\x8a\xc3O+\xa7\xbb\
\xb8\xc5\xed\xfe\xed\xdb\xcb\x1fbR\xe5s\x00\xc7\x83F\
\x8b[\xfd\xa5U\xb8\xb1\xfe\xc9\x8d\x1b\xcb\xabK\xa1\xbe\
\xb1\x15\xb5\x1f\x81\xdc\xf7\xeaOFU\x0c\x0e\x7fsG\
\xd85\xe5|\xc8\x1eV<NK\xa71!+C\x15\
\x18\x036\xb2\xa0\x12\xb2<\xef\x1c%\xc7\x12j\x0e\xbd\
\xc1lA\x9c4\xdb\x0bS\xc5\xca\x17o\xdf\x16\xa3y\
T\x1ct\x02\xc62X/\x01gi\x86\xd2\xa8ht\
\xc8\xe9\xc3B\x09d{tIW,fJ\x02ip\
\x14,/T\xdc\x9e\xcdd\x0d\x8bSF\x1d\xb1Y\xdd\
\x0b+\xd3%\xaa\x07\xeeP(\x8e\xac\x94%Zk \
8\xb0\x16,\x83\xbfo\xc6\x0b\x1a*R\xd9\xeeI\x06\
\x9aO\xce\xbe8\xfe\xb2]\x0a\x8e\x05\xe0\x86xaf\
\xb0\xe2\x00\xe2\xde\x89\xf4\xcb\xbaQ\x0eT\xd8}v(\
\x8e\xa1\xa0uT\x03\x87\xcd\x8e\x0bx\xa3\xb4r\x1a\xc0\
\xd1\x87\x93\x8a\x11\x1c\x0f\x1e~\xfd\xfa\xebo\x9e=h\
dc\xeb\xee\xf8\xd9\xffNi\x95}h\xaco\x83\xd2\
Q\xcb\x1c}'p\x5c\x0eW\x03\x87\xc7^\x159\x00\
L\x95\x8eR\xd59\x92\x03\xf2*\xe2\x8ch\xcb\xcb\xb4\
\x0aI\x8eI)8\xe0\xacY\xdc\x8e\xa6\xca\x02\x1c\xbf\
\x9e\x82\xa6\xd9\x82<\x011V\x89\xc93yV\xedD\
\x90\x85[\x87G\x83I\xb6%\xe8\xe4\xc7H$\x83\x1f\
\x14\x043d\xad\x05\x5c\x13\x1f\xa7\xa9\x8c#\xab\xe4\x86\
T\x1cx\x19\x87m+\xaa<\xc3\x88w\xb2`qd\
\xd5\x0d\xf0\x9dtB\x05j\xc0bq\x12\x1c\xde\xdcX\
\xc3\x9cJr{\xbb\xd57\x0f-9\x03Q\xcc\xc5\xca\
H\x05\xde49\xb8\xfek,\xd2\xaf:ca\xadJ\
\xaf\xb7\xe2\x08*p$<\xc1\xe1\xffI\xe0\x08\xd3\xa8\
b\xf2F\xfbF\xa0\x8c\x03\xb2\xb1{\x0f\xd0\x1b}\xf6\
\xa0q\x9e\xd5_Ze\xff{ls{\xf1`\x8f\xd2\
*N\x8f#\xf1.\x8a\xa3\xd9\x99UIx\x8d\x1c\x95\
y\x15\xb5\xae^WrP\xf1\xe8B'\x82\x03\x13+\
\xe2\x14\xc9\xb7MJ\xc91\xc9\xb36!X\x99_\x00\
w\xf4\xf7\xc3\xe4\x8e\x1a6\x81\xd4\x05$\x17bV\x87\
I\xechm:\xcby\xd1\x82\xac\xca\xca\x90Q\x01\xb4\
(\xf0\xcddd\xa4\x11\x03\xa4+\x88\x0cZ;\x003\
\x049T\xc83\xab|X\x08Uv\xb8\xc1M\xe3B\
\xa2\x03L\x5c\x0e\xa9\xbc\xb4\x06\x90dm\x8d\x93\xb1\x83\
\xbe\xc3\xca\x17\xc7\xbf\x8f\xce\x0f\xd2\x01\x8a\x03\x04\xc76\
\x8a.\x0d\x0eqljj\x90\xe2\xc0\x84l\xad\xe6X\
h_\x0c\x1a\x0d\xb2\xd5\xd9P\x0b\x1c\x8eH\x05\x92*\
7\xefC6Vp\x03\xbd\xd1\xaf/=\xfc_\x1a\xe7\
Y=\xa6U\x1e\xc9\xb4\x8aP\x1c\xa1>\x9eV\x5c\xb5\
\xe4\xdc\xf9\x90\xf1\x00G\xb3\x0b\x1c\x01\xf7\xb4b\x96\x1c\
T\xc6\xd1\xcf\xad\xf5\x94\x90\xa5xea\x01b\x95|\
g^\xd6r\xe8PE<\xdb\x0eb%\xc7\xd9wo\
\xdf\xe6\xa6\xf32!\xab\x9d\x0e<1gU\xb5&6\
\xb7\xf2I}8\xbf\x83\x0eCA\x9d\xd4\xb3\x04\x92\x82\
\xeb\x1c\xe7\xaf\x8d\x19\xf5\x171I\x18\x8e;\xe2\x19L\
\x93`\xa6f\x96\xdd\x93\xd9\xcc\xe1\xcetV\xfa\xa61\
\x08}\xd4w\x14!J\x06U\xc6N\xbc\x0a8\x84\xde\
 r\xf4\xf4$\xefL\x88H\xe5-&c\x95\xe0 \
\xd1A\xe0\xd86\xc1\xa1\xf7\xd4\xabN\x95q\x9a\x99\xe4\
\xb9W\x05\xe5\xc6?\x0c\x1c\xb2\xe2|\x9c\x92*\xf7\x01\
\x1c\x1fRR\xe5\x8f\x0f\xff\xa9q\x9a\xd5mZ\xe59\
\xa6U:C0tT\x83\x03\xd7\xb8Y\xa3\x03k\x83\
#\xec\x0cUT!G`\xc8\xa3=\xd6T\x1c\xfd2\
\xaf\x82\xd8\xc0\xd3\x016\x0d\xe5M\x9bC\x0a\x0e(\x1d\
\x15G\xb4X\x11\xe0\xf8\x15\x9a\x1ck\x068\xe2\xb1\xb8\
rI\xb5\xfa\xe0\xd6\xf8\xd8a\xb65K(p$;\
\x00\x18Rp`\xcc\x92&\x81\x91\xcd*W\xc34G\
\xe3q,\x18\x03\x16`\xfe\x97\xeb\xc8!\x8f#$J\
\x92Fq\xccZ0\xcaH\xa6\xc5w\x1c\xd9W\x0b\x1b\
\xc8\x8d5\xf1\x8fL\x8e\xf7\x94\x058\xbe\x9cX\xd0\x82\
\x03\x0f\x81\x8c\xfc\x02\x8b\x8e\x10\x95\x9d\xdf\x89\xf0\x84s\
iq\xc8`\xb07`\x0e9\x0f\x06\xbc\xc0\xe1\x19\xaa\
\xd4\xe6\x86\xbf\xd9aq\x108\xaew\xbf\x1f\x02ot\
\x95\xbc\xd1\x97\xaf\xbfn$U\xea6\xad\xf2)\xa6U\
\xf6\x84\xe4\x08\xc1(\x1f\x15\xaa\x007\xc2\x89\xaa}\x0c\
5\xc1\xe1w\xeeU\x19\x0ax\xd4\x8e\xa2\xe2\xd0e\xe7\
*V\x09Qu\x025\xd8\xe7\x81\x1cm\x0a\x1b\xda\x1d\
\x9d\x9e\xfb\xf5\x17\x90\x90\x05\x8f\x03\x5c\x0e\xe6\x868E\
\xc1R\x98%t\xc82-:\xed\xc1\xeb8lMj\
g\xa2\xe0\x8a%f\x9d7d32\xb2)\xccJ\x0b\
\x15n\x8e\xeb\x82\xae\xacQ\xdb%~F\x1c\xb2*1\
\xe5\x97\xc4,\xc1\x11S\xb6\xc6\xce\x8e\x8b\x1ek;D\
\x0d\xd0\x1b=\x83\xc9\xf9\xa3\xb3/\x8e\xbf\x80zs>\
\x16\x10\x1d\x18\xaa\xa9X\x05\xc1A\x13G\x8dPE+\
\x8e\xc0\xf9\x8a\xe3\x1c\x8f\xc3\x7f\x9e\xe20Z\xdc`\xe1\
\xb4\x08U\x96?\xbc\xb1\x87\x05\xe7\x0do\xb4n\xd3*\
<vT\xfc\xa1Wi\x94O\xb7nrK8\x06\x80\
y4T\xd7P\x1c\xe6&7\x87\xe2\x18w{\x1cX\
\x03\x06N\x1fwm-\xb4\xc1\xe8\x7fJ\xc8\x027\x96\
\xf4:\x11:]\xe6'\x7f\x8d\x09\xd9V!9\x049\
bRo\x88\x13<\x1e\xd3\x11KL\xfa\x99lp\x1e\
\xc6\xe7\xb3\xb3\xca?\xb54GA\x9d\xe7\x05#\x1ea\
\xefTq\xa0`\xc7-hYhv\x88#~\x98\x8c\
\x1f\xda\xdf\x0f\x7f\x13L\xa5\xe8\x00\xc5\xcd\x8d8\x8c\xfd\
\x92\xe0h\x1d\xee\xc9@\xa4\xf2\xbb\xa9a\xc3\x1b]\x80\
W|1\x14\xc7\xc8B\xdfVDM*\xe6\xfa/\xb0\
8\x02\xb6\xc7\x11\xac\xaa8\xfc?\x11\x1c\xce\xa6\xfa\xfe\
\x95\x91{\x08\x8e\xbb7\xf6\xf6\xa0\xe0\xfc\xeb\xaf\x1f~\
\xd4\xe8T\xa9GwTu\xab\xec\xed\x0d,\x85\xc6\xba\
UZ\x85\x06\xf9\x84\xdf\x05\x1c8\xac\xd8#T\xc1\xc7\
\xabs\xcc9\xd7r\x18\xe0\xb83\xa2\xec\xd1\x10\xeao\
X\xc5\x9e\xc7\xa4\xac%9P\xac\x0fn\x0f\xde\xf9\xd5\
\xd9w\xdf}\x07\x13\xb1 V\x89\xa9H\xa5\x80\x17q\
\xc6F<\xa6\xccKR\x1f\x87\xc9\xd6l\xccB\x84\xf4\
Ec\xa69\x8a\x85\x17\xb31\x0e1f\x0b6i\xe2\
;\x16\x9b2\x1c\x86\xcc\xe2\xd2\xe9\x9d\xe8\x8e\xcb\x17\x91\
\xc5\xa2U\xa1\xa1\xf2\xb0\x08\x8e\xed\x9e\x9e\xf9\xd8Q\xf9\
\xf8;mq\x08\xc1!=\x8e\x05[q,\x8c,\x22\
4\xa0\x84\xbfW\x16\x9d\x139\xaa\xcc\xff\xe2\x8c\xca\x85\
\xc0\xe1\xbfxS\xfdx\xf7z\x1f\x86*\xcb\xbcS\xe5\
\x9bo\xbenx\xa3\xf5y\xbc\xa2\xb4\xca\xf3\x07\xe8\x8e\
\xca\xa9\xa3f\x01X8\xdc|ap4#8<\xd6\
\xd5\x07\x82.\x8f\x03%G\xaf\xd6\xd7dr\xa0=J\
\x1d\x9f\xe25\x0fE`d\x90\xe6Yu`|\xbf\x00\
\xfeh\xf47\xbf\xfb\xee\xaf\xdf\xfd)\x8a[\x98\x0bq\
\x88V\x0adp\x14f\x0b\x19d\x00\x5c\x8a[t\xc9\
\x06 \xe4\xb0'\xa34I\xc1#\xf1Qp\x8a\x0a\xe3\
\xd3\x8a\x1f\xb6\xa8\xd1\x1c\xc9d\xe2\xd9l2\x1b\xb3\xbe\
\x97\xb38t\xc7\xc3\xd9\x88Kw\x83\x1c\x8e\x9e\xc1\xc1\
\xa3\x933\x01\x8e\xbd)\x05\x0e\xb6G\x17\xb6\xed@E\
\xbc\xf5Y3|\x22\xbdZqx\xcf\xff\xb2R\xb1\xe7\
\x84*\xfe\x8bx\xa3T8\x0a\x05\xe7\x1b\xa08>\xbc\
!\x0b\xce\xff\xf8\xf0\xe7\x8d\x93\xac>\xddQJ\xab<\
\x04w\x14\xf2\xb1\xfd\xe8q\x04\xa0\xad^=\xba\xec\x07\
\x0d\xac \xae\xa18\x9a\xc3\x1e\x85\x1cA{\xea\xa8*\
\xe4\x00\x9fC)\xec;P\x039B\x91\x8at9`\
\xccU\x9e\xb2\xb2T\xc4\x01\xe6\xe8.\x9e1\xd1\xdf\xfe\
\xfa\x8b\xbf\xbe\xfd\xfd|O\x9e\xfd\xd1\x82\xa0\x07\x9c\xa6\
\x85\x18\xcb\x0dz\x9b\x8d\x93\xb5 \xcf\xf4\xc3\x0cJ\x8e\
\x82\x01\x04\x0eM\x0aF \x12\xb7\xa81[0\xd0\x12\
WF'\xd5\x8d\xc4\xb2\xf1\x9d\x8c*\xd3\x88C\x13\x7f\
\xdc\xfc\x16\xf1X\xb5J/\x13\x1b 6\x94\xc5\xb1\xdd\
3\xbc\xf6\xa6$\x22\x95/\xee\xcc\x9b\xdc \xd5\xb1\xb0\
m\x0b\x0e\xaa\xff2\x18\xdc\xcb\xf3\xd5\xece\xf5\xed\x81\
\xa1j\xe0\xf0\xbf[\xa8\xd2\xe2\xaa\xff\xa2\xd6X\x02\x07\
x\xa37\xd0\x1bm$U\xea\xd8\x1d}\x84\xee(\xa5\
U\xa0\x90\xa3\x9f+\xc0\xa0H\xa8\xca@\xca*\xe0\xa0\
|\xac\x078\x82\xce\xe1\x81\xe3Zq\xf4\xcb\x87\xfbV\
\xe4\x0e\x16Ar\x86\x91\x8c\x0e\x18s\x85G\x9b\xba\xc8\
\xe7Ct\xdaL\xa7\x048\xfe\xfa]j\x1e\x15\x07\x18\
\xa4\x85\x02\x9f\xa5\xaa\xfe<>\xabO_\xbe\x12\x9f\xcd\
F\x93\xecmV\x11\x17pk&\xae-\xcd\x98[\x96\
\xd0\xad\x98V\xe5~\xb5\xb8tH\x0f\x93k\x87\xd6\x0f\
E\x92\x11;2U\xa8\xc1\xd5\xa2\xcc\x0d\xf0F\xe7\xd3\
\x07\xe5/\xbe{\xfb\xdf\x9bu\xa4\xa25\xc7\xa0\xa3\x8c\
c\x0c\xfe\x0f\xb7xLq\x84\xd7\xc6Bs\xac\x03\x1d\
\x9eU\xa3\x7f?8\xb8\x8cC\x80\x03\xbc\xd1\xdb\xb7W\
\xc9\xe2\x00o\xf4a\xa3\xe0\xbc^\xdd\xd1\xc7\xe0\x8e~\
z)w\xe3\xc3\xdb\x9d\xa1\xb1\xee\x15\xb5\x91\xc9\x18/\
\xe7\xf1\xb0y'p\x04Lt\xf4*\x8bc\xdc,:\
\xdf\xda\x12\xb1J_(\xb4\xa0Z0\xe8*\xd8\xa1m\
\x18\xa2Hs\x94L\x8e\xc1\xe1\xc5\xffv\xf6\xd7\xbf~\
\xfb\x97h\x9e\xaaG\x0b\xf8\x8a\x01KAfX\x94\xf8\
0\x8d\x86\xc3d4\xa3$H<\xee\x11\x91\x98\x9f\x80\
\xfap\x87+\x0a\x1f\x83\xc6\x88gt\x87\x0c\xc6\x1fX\
\x19\x96\x9d\xcfd\xd5O\xf5\xd4\x18\xce\x84\x0a\xf1\x82\xde\
%q/B\xcf\xf6t\xf1\xe0\xd7\x22R\xf9R[\x1c\
\x83\x83\x8b\x18\xa6l;,\x8e>,\xe3\xd82\xf6\xb8\
\xf5\xd2\xe1nU1K\xce\xff\x11\xe0\xd0#\xce\x87x\
\xfc\xd7\xcd\x8d\xa5\xa5\xdb\x5c7\x0a\x13\xce\x1f6\x92*\
u\xea\x8e\xee\x7f\xfch\xffs(:\xdf\xdb[\xed\x84\
\x0a\xb0\xeek*\xab\xc2u\x1ca\xaf\xc7\x8d\xbfj\xb3\
\x8ai\x8f\x9e\xa78\xc6#\xaa\xcdmk\x0bk\xc0\xf4\
s)dV`\xc8\x95\x96\x1a\xaan\x14\xc1\xb1\x10\xfd\
\xd5\xef\xbe\xfb\xf6\xdb\xdf\xc1\x8a\x22\x01\x0e8\xe2\xf4B\
\xaa\x83\x0c\x8f\xf8,\xe5hUq\x87\xf8\xecak\x8f\
J\xa7\x16\xe4\xf9-C\x0a]\xe4I\x0a!c\xd8\x19\
\x05\xa5d\x08\x14\x5c\xe3n\x9a\x18\x90\x869\x8c\xd3\x8f\
\x8eK\xa1Qp\x90\x03\x86*\xaf\xc9\xb2\x8d8Bc\
G\xaa\x0d\xa86\xef\xd9\x1e\xec)\xfe\xe9\xec\xbb\xb7\xdf\
\xb5E\x0dp\x0c\xd2\x8a\x84\xc1A;P\x81\xa6z\x95\
UA\x87T)\x0eWs\xacFG\xad\x01`\x17,\
\xffR\x8a\x83,\x8e\xf1\xeb+}77\xdah\x18\xc7\
]\xee\xa9o\x14\x9c\xd7\xe9\xf1o\xdf?z\xf1\x9f\xaf\
\xd8\xe4\xe8\xec[\x11\xa1\xcau\xb9\xaf\xbeJ\xa8rA\
p\x04\x8d}\xf5\x8e\xaaszH\xd3H]ir\xc0\
S&\x86*#\xa6\xe4\x08\xa1\xc7\xd1\xb9@\xcc`\x97\
\x03\xc1\xb1\xb00\xf5[\x00\xc7w\xad\xc3yT#\x05\
\x84G|M\xe1\x83\x18RP\xa7\xba\x12\x07\x87\xd9\xf9\
\xb8\xecK\x8dY\x15\xa7\x1cVH<\xc43\xaaB\xbc\
\x107\x15\x0a\xf6\xa8\xedp\x91xL~#\xfc\x0cT\
qhW\x83\x11\xe6\xca\xbb\xe2Tb\x86\xc5\x9avE\
\x158\x86\x0b\xc5?}\xf1\xdd\xb7\xffcj\xd8\xc1\x8d\
\x05\xd7\xd1G\xd9X\x89\x8e^%9\xdce\x1c\xed\xed\
\x9e\xe0\xf0\xbf#8\x9c\x16\x07gc\xc7\x7f\x01\x16\xc7\
\x12\x80\xe3\xee\xde\x07\x0f_\xa27\xdaH\xaa\xd4\xb3;\
\x0a&\xc7\x1c\x82c]\x81\x83\x06\xf9T\xed\x80\xaa\x1e\
\xaax+\x8e\xa0\xb3Y\xa5\x97\xd7\xc7\xca\xe1\x81\x18\xab\
\x84F\x94\xe4\xe8\x04xt\xc2;\x88V\x16\xa43\x0a\
]\xe5\x18z&@\x88\x00\x00 \x00IDAT\xaa\
,.L\xcf\xfd\xf7/\xbe\xfd\xf6\xdb\xdfF\xa1\xd7|\
-\xbf\x06\xd3\x8c!X\xc9\xc7\x0b\xf0|.\xd1\x11\xa7\
s\x9e\xcel:\x93\x0f\xa7\xa7\xb31=\x0cC\xea\x14\
\xa99dk\xbe2)L\xc3\x82\xabEto\x89q\
\x05.\x0e\xb3kY\xe7'\x9dMl 0\x90\x16;\
\xf8\xa2\xb1A\xe4\x80dl\xee\xe0\xd7\xdf}\xf7\xed\x7f\
m\x19\xb4\x14\x07\xb3c\xd0\xd2e\x08\x8e\xad-#\xa9\
\xc2\x92\x03\x0bG\xadV\x15\xddV\x1f\xac.8\xc8\xc4\
\xba\x088Z,p\x5c\xef\x1e\xbb\xb9\x01\xe3\xbf\xf6n\
\xdc\xd8\xa3A\xc5\x0f\x1b\xdeh\xbd\x1e\xff\xf2\xfd\xe3G\
\xaf^=y\xfe*\xb77\xb7\x14\x0a\x8d\xad\xe0f\x15\
k\x92\xcf\xbb(\x8e\xcb\xfe\xb0\x078\x5c\xabU\xcc\xed\
\xb1r\x98\x8fx\xe8\xdf\x19\xa1\x98\x9d\xec\x0d8+\x04\
2v\x91\x1a\xbb,7\xf2\xdb\x94\x8d\x14\xe7\xcf\xf0\x9d\
\xff\xf6?\xfe\xfa\xed\xb7\xffu*\x8f\xe4\xc0:\xb05\
\xecy\x13\xe8\x90\xb6c!n\x84-\x84\x83\xf8Z6\
;\xbdf\x9c\xfa1\xa3\x0a\x84\xc3\x8b\x98\xeb\xcc\x8f\x19\
w\x8c[\xe4@\x99\xa2\xee}\xd8*\xa2#\xb7\xce\x90\
Q\x89\xe9k\x18\xc8\x90\x15\x1c\xd4\x17\xdb\xd3:_\xfc\
\xd3\xef\xbe\xfb\xeb_\xcdd,\x91c\x10\x1bu\xccH\
\xa5\xcf\x99\x8d\xa5\xf1_\xe3\x01\xf7\xe6\xd8@\xbb\xce\xc8\
\x9a\xd0\x08\xff\xb4\xd6\xd8\x16\xdc\x02\x99H\x04\x87\xd8\xe2\
\xe8Cp\x90\xc5\xf1\xec\x15\x82\xa3\xe1\x8d\xd6\xe9\x81\x9d\
\xf5\x9fS\x09\x18N\x0f\xc4%\x90j?\x02\x04\x1c\x89\
\x8b)\x8e\xe6\x0e\xb4F=\x15\x87s}\xac\xda\xe56\
\xaeG\xf9\x80\xe4\x10\xd8XT\xb1J\xe7\x02\xb5r\xe5\
q\xf7\x90\xe4\x06*\x8eE\xd4\xec\xd1_\xfdN\x80\xe3\
\x8b\xe9\xc1mrN\xd7\xf2Bs @\xe0\xc4\x14\xf8\
\xc8\xd3)[0\x08\x82\xe7\xfe\xda\xd1a\xd2\xd4\x0c\xe0\
\x81\x90:\x89\xc9\x0f\xad\x86U\xf3(\xb8\x95\x84\x89\x88\
Xf\xe7\xb0\xba\xd00\xfa\xd8Pj\xc4\x154\x92\x90\
S\xc1w\xc9\x9e\xed\xed\xe1\xed\xe2\xafE\xa4\xf2\xdd\x9d\
i+\xa9\x22+\xcf\x17\x17\xad`e\xccpF{\xcd\
F\x15\x877\x1a\x0cx+\x8e\xbf\x07\x1c$8\x08\x1c\
\xbf\x04p\xb07\xfa\xf0\xd9>z\xa3\x8d\xba\xd1z=\
.}\xff\xe8\xc5\xe7\xaf\xa8\x04l)\xd4\xb7\xd2\x7f\xbd\
\x1f\xc11>\xa4\xca\x92/\x04\x0e\x9e8\x0ak\xe3=\
\xcdQ{\x5c1I\x0e`\x07\xa4U\xfa%8\xc6H\
p\x18\x09Y\x8d\x10*\x1a%\xc91\x88%`S\xbf\
\x01\x93\xe3\xaf\x85iqs2/\xb3\xb2\x05B\x87>\
IU\x9e\xa5\xa0@0{\xd8\xb3fs!f7\xb7\
\xc7\xaa\xf4\xbcW)\xc7\xd0\xe8\xc0\xa2sg\xbbk\x5c\
BC\xc9\x0b\x87\xd8P\xd0\xc0\x86\xfa\xed\x9e\xf9\xd4\xaf\
~\xfd\xdd_\xbf\xfd\x9f\xb0\x89ip\xd8\x80\xc7\xc2\xa0\
\xf6F\x17\xd9\xe1\xc0\x167e\x8eF(\x04\xe4N\x15\
\xd7\x040\xd7\x080cO\xdf\x05\xc1\xe1\xfc\xac,\xe3\
\xe8^\xe9c\x8b\xe3\xc6\xde\x8dg\xcf\x1a\x16G\xbd\x9b\
\x1c\x8f\x9f\xff'\x99\x1c\x038\x04\x0c\xdb\xdc\x02\xa48\
xx\xbe\xc7c\xe7\xdd\xc01\x14h\xf7\x9e:j(\
\x8en\xf1\xd0\xdf\xe4SA&cC,9`P\x1e\
\xa9\x0e\xb0F\xb1\x90a\x10\xfa\xdc~\xf7\x7f|\xfb\xed\
\xb7\xbf\x9a\x92)\x975\x88T\xd6\x84\xd2\x00t\xa0\xf6\
\xc0\xf35oUL\xe0\x07\x87\x99V\x0f,8\x11\x92\
\xb1?]p\xdb\x9c\xae\x88\xe4\xf00\x13\xd3\xe1\x88Y\
\xdf\x15_\x93\xe9\x93\x1d\x13\x18kj_\xfd\x9a\xdcZ\
\xdf\xd33\x8d\x91\xca\xb7\xffg\x07\x8f)\xb6\x0eSp\
\xf49\x9a\xea\xc9\x1c5\x14G\xaf=\xe2\xdcP\x1c\xc1\
\xaa\x82\xc3\xff\x0e\x82C'U\xaew\x8f\xddCp\xec\
\xdd\xb8{\xf7\xa3g86\xb0Q7Z\xc7&\xc7\xa7\
\x8f>}\xf5\x9f\xfb`r\xa0;\xba\xd2o.H\x08\
W\xeb\xb9\xb6\xe6\xccY\x8dn\x1e\xe0\x088\xa6\x15\x07\
\xb8\xac\x11\xca8\x90\x1cJr\xf4-X\x82\x03\xcb:\
HoP\xf5\x02Y\x1c\x80\x0e09\x06\xff7\x01\x8e\
\xff\xfb\x7fN\xd1,\xce\xb5<\x18\xa4|N\x02=\xf0\
\xfa\xff\xc3\xde\xfb\x07\xc5q\xa6i\x827s\xd3C\xcf\
\xec\x9e(\x88\xb4\xc2A\x1dU\x96\x9c\x18Sa\xa5H\
\xfd(W\x22%\xa9\x92V\xd6\xb4%-\xf6*\xa4.\
\xaf~Y\xb7\xa4bv\x226\x14\xc1\x9d\xb4\xda\x9d\x0d\
\xdd\xc4\xedLkc\xee\x14\x0e&\xc2\xed\x801\xd3R\
+&0RhzBE\x1b\x05R\x0b\x04\xa6\xe5\x96\
\xdc\x0dM\xe3i\x03\x0b\x12\xea\xae2\x83\xa1\xab\x0a\x84\
QA\x15\xdc\xf7~?2\xbf\xcc\xcaB\xc8\x9e\xbfL\
~@A!\x04\x08\x91O=\xcf\xf3>\xef\xfb\xc2\x95\
\xcd\xcc\x05C.\x1c\xde9\x9c\xaf_$\x1f\x9e\xd8\x02\
[\x00\x19\x87M\xf7\x02Ws\xb0\xc5A\x17\x1d\xd0\x06\
y\x93c\xec\xb2\xd3\x0cfi\x1c\x8e0\x89\x02C8\
\x008tIn\xf9\xa2?\x9dL\xbf\xaa!\xe0P\x01\
:\x0c\xf0@\x22-le\x1c\xd5\x155\xb5\x04v-\
9\x8e\x1c\xc2\xe1\xf3\xf9\x9c\x18G\xa0\xeaY;\xdc\xf2\
\x01\xc7\x81\x0a\x18T\x8c\x81\xc3\xb08\xdc\x9e\xfao\xb4\
\xc9q\xb1\xef\xe2\xb5\x8bg\x1b\x0f\xeey\x01\xef\x8f5\
\xc7\x15\xe7\x07\x0e\xf6kSeoWqd\x1cP\x92\
\xb5\xe78(\xa36\xf8\x06\x06\x8e\x1a\xca8\xcc\x92\x81\
\x11v\x22\x8d\xb1\x0c7\xc0\x1e\x95\xb4\xeeG\xe9df\
Z\x901pD(\xeb\xb0\x9e\xf7\xb9\xb7\xa9d\x80\xe7\
\xe1S\xe2S0b\x05\xc7\x84#\x86(;\xeb \xc5\
A\x80\xca@\x8c]\x87w\xe5\xd4]\x09\xdf`4\x83\
q\x0d\x9c\xfd\xd2u\xf9}\xacT\xfaC\x084T\x99\
\x8e\x1c\x95M\x8f\xc3\xc4\x0d\xbe\x1ak0\x8e\xf2rc\
ql\x0ep\x98\x84c\x99\xa6\xfa\x95\x02G\x11U*\
\x1bq\x8a\xe3\xe5\xef`\xc6\xb1\xbf\xf1\x0dfq\x9cq\
\xe3_\xdf\xe0\x03}n}\x17\xaf\xf7\x9eil\xdc\x80\
\xfb\xdc^a\xfb\xea\xf3\x069\xf2\x85G=v\xe0\xc8\
[VaA\x0e<\xe5\x8e39jm\xfe\x06E\x8e\
\xf3\xd5\xfa\x0b4\xc1q\x9etya\xb5\x1f\xba\xf7\xe9\
m\xa3 k\xe8\x95\x1c\xec\xc0\x02\x81\xab{\x92\xa0\x96\
*\x98\xedf\x87\x9f\x09.r\x1d\x0c\x82\x09\xf0i\x87\
\x87w\x1e6\xee\xe7`\x85%\xaf\xc1\xd1\x0dt\xa3#\
\xc6A\x0c\x0e]W\xcf~\xf1q:\x99\xfc\x9d\x9f\xcc\
7\x979\xb9\x12\x96\xc3\xbc5\x0a\x18\x1b\xb6\x10\x0e\x96\
\xe30\x09G9/U\xbc6\xe0\xf8ZR\x85\x00\x07\
\xf1F\xf1\xd8@\xbco\x1aw\xb8\xdd\x81=\xf5n\xfc\
\xeb\x9b\x9e\xe4\xe8\xeb\xb9t\xeb*\x98\x1c/l:\xc0\
\xf7\xc7\xee\x0d,C9\x1c\xd3_\x01G\xe0\xc8\x19<\
j2\x0en\x81\xaca\x8fV\xf0\x8c\xc3 \x1d\x8co\
\x90\x1c\x07\x00\x07192\xad!2\xfe\x9b\x90\x0et\
\x11\x9e7\xcb\x9b\xb9\xf8A\xaf\xe7Suj\x9d\xa5T\
ja\x0eO\x81\x8d\xc3\x94n\x1c\xa6\xe6\x85\xc1(\x86\
\x87O\xed\xda\xc5\xc1\xc5\xf9|\xb0A\x08\x07\xe5\x1b:\
z\xa2\xa4\x83\x00G\xcb\xc7Ph\xfeq\x90\xd0\x0c\x13\
8\xc2\xd5\xf8&L)\xc7&\xf8am\x0aW\xda\x9a\
c\x8d\xba\x8a-5\xeasX\x8fP\xf2\xcc\xd3\xbfr\
\xbd\xd1\x8d\x80\x1c/\xad?PQF-\x8e\xc6\x13W\
\xfb\x9a\x87\x86\x5co\xf4\x9bnr4\xf7\xf4\xf5\x90$\
\xc7\x0beG\x0c\xe0\xd8\xf8\xec\xc0\x81\xcb\xb1\x1eO\xce\
\x16H\xaf=\x02\x86~\xa9\xcb\xd7\x9939\xca\x19r\
T\xd6Vo\xb26p1\xe8\xd0\xa9C\x8aG\xe7\xd1\
\x87_Y\xfd\xa8?\x99\xc9\xf4\x93\x82,\xf59\xce\x93\
\x0b\x969\x8e\x0e\xf0A\xae\xeb\xe1\xba\xc8.\xcb\xbc\xd2\
\x9cY\xe3Td\xf0S\xfd\x8c\x9a\xaaQW%\x9f\x83\
H\x12\x04\x1cu\xac\xd8\x9a\x0f<\xcc\x0a\x0a\xfb\x0eu\
lo`WT\xc77\x92\xd0\xfd1\x02\xc4tXa\
|\xc3D\x8epX\xe2\x84J\x05mq\xab\xad\xad\xac\
\xb5B\x87YT)g\x8d*N\xc0Q\xf2\xb5\x81c\
/,c\xda\xb8\x11Zc\x11p\x98\x16G\xf3\xd0T\
\xfdU7\xfe\xf5MOr\xdc\xe9!\xc3|p\x83\xec\
\x0e\xb6\x05\xb24\xb0\xd7\x197\xf2\x87G=\xf9\x18\x87\
\xd7\xd6Y\xbf\x95\x8c\x1d\xb5\xcc\xf2\xa9\xa5\xf6h\x05\xe9\
\xae\xc7\xe3|^\xa0\xd0!\x19\xf8\xa1\x9b\x91\x86`w\
\x7f:\x93\xc1\x05YJ:\x22@9@\xaeDX8\
\xc2\x89{@ps\x1b\x14Vx\xeb\xc1t-\x00\x13\
\xea\xe8\x0d\xe7e\x1c6B\x18\x8c\x9e\xd8\xad\x8b]\x88\
q\xb0\xfb\xe7\x9dQ\x83\x82\x06s8\xb0D\xc1/\x18\
40p\xc8o}\xf1i:\x99y\x14\xb4\xe0F\x18\
\xe8\x07\x92)D\xa9\x98\x0eG\xf5\xdb|l\xd4h\x90\
u\xe8T\xc1\x8bc\xbdV\xe0x\xe6y\xa3\xf6MM\
x7\x02\x01\x0e\xdcS\xcf,\x0e\x00\x8ez\xd7\xe2\xf8\
\x86'9\xaeA\x92\xa3\x1ei\x95\xb5\x9b*\xb6p&\
\x07\xae\xc6\xee\xfd\xca\xc0ae\x1c>k\xea\x9c\xb6a\
\x95WZ3`5\xd5e\xd5V\xa5\xc2[\xa4d\xbc\
\xb7a\x13j\xf7\x1f\xdd\xced2\x9fkT\xaa\x9cG\
\x97$\xba9|\x9e]\xb1\xe4\xf1\xfd\xb0#\xf98U\
'\x18\xbee\x1d\xab\x962Nb \xc3.\xc3U\xb5\
\xd1\x16\x07\xef\xf5\xf0\xaeXl'\x8f\x17\xe7Y\xbc\xeb\
0Wr\xa5\x96\xe8a\x10(\xba\x8eQC\xe4\x0fX\
\x1c\x9f\x22\x05\xf6\x99_2p\x832\x8e0\xe6\x1ca\
K1\xb6\xa2\xb6R\xe1\x91\xa3\xbc\xdcy\xe0($\xc0\
6\xb2^\x95\xe5\xa6\xf8\x18\xb8PU\xf5t\xe0\xc0\xe3\
\xbf\x90T\xd9\xba\xfe\xc0\x91\xb2ck\xf7\x90\xcd\x08W\
\xef\x0c5\x0fM\xd6\xd7\xbb\x17\xd77\xdc\xe4\xe8\x1c\xec\
\xbb\x08\x8b q\x92\xc3`\x1c\xa5y\x9bUV\x04\x1c\
\xa5O\x1d;\xea\xc5j\xfc\x95Jcd1\xa6\x1ce\
f\x0a\xac\xcc\xa2V\x8c7XuAR\xce\x7f\x0a\xc0\
\xf1[M\xd2\xd9\xce\x11\xc49\x0e\x03z\x1c>\xcf\xf4\
\x8a\xd1<f3\x1av\x0dG\x22\xbc\x7fY\x97[5\
\xad#\xf79#c\x17\xc5\x8a:\x03?\xde7q#\
r*1l\x0d\x91G\x08lq\xf0\xc1\xa0\x03\x9b\xa1\
\xf8\x19\x09\x14\xfcD)\x87\xae\xcb\x0f?\xee\x1f\xcb$\
\xb7k&l\x10\xec\x08\x87e\xd9B8\xaa\xd1\x0f\xab\
\x82\xef\xa8\xe7\xc7\xf8@\xc5;_[\xfd\xbf p`\
\xdc\x80\xb1\x81\xdf)c\x1dn\xd4\xe2\xb8\xeaZ\x1c\xdf\
\xe8\xf3\x07\x9d\x0d\x0d\x17/\xf7\xc0\xc4b\xd0*\xcc\xe4\
\xf8J\xc0\x11\xb02\x0e\xce\x19\xf5Y\xa5\x0a\x8e\x9d\x93\
\xe8(\xa3\xd7\xb5\xb4a\x05\xe3\xc6&\x1bn\xd0\x11\xc5\
\x12\x9e\x7fe\x86\xb0\xb5\xd6\xdbc\x99\xccmA5v\
\x8e\xe8\xc4g<\x1f\xa1\x0e${\xe5`Q\x9eBb\
\xc5\xd9=\xad3\xcb0u\x87\xad8\xe1\x10\xfc<\xcf\
\x18Nd8v\xcaV9\xa1|\xe7\xb0%\xe4EX\
\x06,]\xa2\xb0An(pH\xe7\xbb?n\x1b\xcb\
\xf4+\xaaI6\xe0\x15\xa2\x1a2(\x95\xb0ar\xe0\
\xb6\x1ek5\x96\xd4c+\x9d6\xd5\x83PYAS\
\xfd\xcak*\xb4\xa8\x82\xab*;\x0e\xd0\xd6\xd8Ft\
\xce\x5c\xedi\x18\x1ar-\x8eo\xf8\xf9v\xef\x97\x0d\
\xd7/\x0f^\xbfu\x06\xb4J\xd9\x16\xe6\x8e\x96\xda\x12\
`\x96\xdf\xa4\xa25O\x07\x0e>\xc5\x01\x1d\xdd6w\
t+\xcd\x8e\x96WZ\x0b+v\xbaQ\xc6\x99\x1c\xbc\
R\xc1\xad\xf5\xdd\xe8\xb19\x83\x0b\xb2\xf8D\x80r\xe0\
\xe2l\x84?f\xeb)\xe7yD\x0e\x1fW\x84<\xe5\
\xd2\x1cO\xc4\xe1\x9cg\x98a\x18\x19\x91Xb'\xad\
\x97\x18\x88u\xd8\xb4i#f\x0dE$\x95\x14\x02\x1a\
\x18A\x0c\xe0\x10\xd5\xb3\x1f\x7f\x8a\xfeQ\xbf\xf5\x09\x06\
pP\xc2\x81\xc1#l\x09\x7f\x11o\xd4\xc27\xc8s\
\xf9V\xaf57\x0a\xc0\xe1\xb5Y\x1c\xcf\xbe\x19\xa1\xc8\
\x018J7\xc2,\x0e\xc8\x8d\xbe~h\x7fc#X\
\x1c\xd7\x1b\xc0\x1bu;\xdc\xbe\xd9\x07\xf6\xb9\xf5\x0d\x92\
\xd49$9v\xec\xd8\xf1\xca:\x9er\xf0\x83\x1a\xf2\
\xa5\xce\xd9\xeeXG\xe0\x00\x9a\xec\xcbI\x8fzi\xb3\
J%7\x92\x03S\x8e\xb2\x9c\x14\x98\x0d7\xaa\x0d\x93\
\xe3\xec\xa7mH\xab\x5c\x0eI\x8co\xe8\x00\x1c\x18C\
\xf0\xa3z\x04W:\xcfs\xd70\x01\x0e\xfc\xe8\x7f\xaa\
N\x89\x1c\xfe*\xc7by\xea\x86\xfb\x1aI$\x98\xa3\
r8\x92\x9b\xf0\x22EW\xc26\xf4\x08\xa9\xa1pT\
\xc3\xb08\xee\x83R\xc9|\x1e\x94\x0c\x8f\x83Td\xc3\
\xd4\x1c\x0dW\x9b\xe1Q\xb2\x8c\xc9\x1e\x1b\x05\xc6\x81\xdb\
c\xed\x8c\xc3\x017\xf6~e\xe0(\xa11\x8e\xd2R\
\xa4THO=\x9b\xc5q\x0d[\x1cn\x87\xdb7\xfb\
\xfc\xfe\x97\x0d\x0d=\xbf\xeb\xb9\xd6\xd3\x08\x05Y\xb2\x95\
\x89\x02\x87\x1f\xf6\xb8\x05\x1c\xd5I~\x8f\x83A\x87\x81\
\x1b8\xb3hYY\x8f\xf9\x06\xe9s\xab\xac\xb4p\x0e\
t\xc2\x96\x91\x9ae\x9c\xc9\x01\xf6F5?LO\x95\
?j\xcbd\xb3\xfd\x8a\x5cmj\x15\xe2:\x8a\xc6\xc3\
:\xd5.\xa6\xd7\x11a\xb9\xcd\xe1\x88\xba\xcbhMu\
\xae\xde:\x840,i\x8c\xc3\xf4\xf3\xc1\xfd\xe3\x89\x98\
\xd1\xab\x16\xb1\x01\x86\x0e\xfb\xe7\xf1\x8dH\x89\x86hS\
)\xba\x80_I2R*\x88E\xad%\x16\x87$\xd7\
\xc8a\xa3\xb2\x12\xae\x960\xe5\x08\x9bM=5\x146\
l\x93\x03\xbdd\x8b[\xb9\xc1:|\x98q\xe4\xeeT\
)\xf9Z\xc0A=\x8e\x97\xd6\x1f\xa9x\x0d+\x15j\
q47\xbb\x16\xc7\xaa(\xc8^\xff\xdd\xe0\xf5\xeb\xf7\
p]\xe5\x08]\xca\xc4\xca*\x148\xc8oJ\xd13\
\x00\x07C\x8e\x8d9\xb8A\x06\x8fR\xb1\xc2\xe3\x06\xa1\
\x1c\x9b\xc8\xbc\xf3j\xbb5\x0aC\xbeqc\xacI:\
\xb4\x1b\xb7\xc7\xb2\xd9\xe4y\x85lHD\x97&\x96*\
:\xb3\x1a#\x96\xeb\x98]\xe7\xec\xfe\xce]\x8a\xd9+\
r\x98!\x8a5\x01\xc2\x96$\xf1\x1a\x07\xbfE\xf8\x83\
\xce\xea$\xd8\xe2\xd8\xc9\xb9\x19\x94n\xe84\xde%\xd2\
\x1b\xdd\xc0\x8b\x88\x85oH\x22\x00\x87\xa0\xcb\xe7\xbfx\
4\xd6\x95\xe9\xd7Xf4\x8c_\x87IU\x05Wc\
\xc3\x8es\x03\xcb-\x13G\xb1\x85\x94S\x8cu\xd8\xe2\
\xf6\xf5\xa4\x0a\x05\x8e\x1d/\x1e\xd9T\xc6Z\xea\xcf\x5c\
\xbd\xd8\xd0<\xf4\xe0\x81kq\xac\x82\x82lg_\xdf\
\xa5kW\xa9\xc9\x01\x05\xd9\xe5\xbb\xdc\xf2\x01G\x89\x13\
p\x94\xb2\xb8\xb3-\xc8\x81\xc5Je9\x9f\x1de\xb9\
\xf32\xb3\xcf\xcd\xa1\xb4b\x9a\xa3\xd5\xda\xfd~\x04\x1c\
\xb8 k9\x18:\xa0TA\xcd\xd2\xdc\x83\xaf\xf0S\
\xa2jH\x0b\xee\x8a\xb7D\xb4\xcc\x8e\xf7\xc3\x87\xad\xc6\
\x89\x9d[\xc4b\xbb\x22V\xca\x81\x91K4zQD\
GS\x83@\x89@\x8e\xae\x9e\xfd\xb8\xbf\xab+\xf3;\
C\xa9\x10\xbe\x81u\x8a\xccP#\x8c\xf9\x06\xa0k\xb8\
\xd6\xd6\xa7b\x00\x87\xb7<d\x07\x0e\xaf\x157\x1c\xa7\
\xf8\x94<\x9b\xc5\xb1\x17I\x15\xb2\x19\x81\x00\x07YS\
\xdf\xd0<u\xf5\x81kq\xac\x82\x82,\x0b\x8fn \
Z\x85P\x0e\xfb\xc2\xfa\xa2\xfc\xab\x11,&\x87\xc7\x9a\
\xe2\x80\x0e7\x1b\xdd\x08\x95\xc3\xec~\xcbZ&z\x14\
t!\xd4T\x97\x95U;\x1c\x125\x07\xbb\x03\x86\xe8\
\xc1c\xb0\xae\x9c\xff\x14\x01G\xf6\xd7\x1aY\x1d b\
\x7fT\x8f\x10\xf6!\x92\xf7A\x89\xd3\xb8|M\xfd\x00\
\x17\xf7\xaeS\xb2x8\xc21\x0e\xa3\x83\xc4\xb8ke\
)\xac\xc0\x9a+I\xd0\xdb\x89\x84\xd9\xb1\xc6\xfd\x89H\
P\x03\xd0!\xa2\x8bvSC\x07\xb2!\x11\xdc\x90$\
AR[>n\xeb\xcaf~\x1c\xb2\x848\xc2a\x92\
\x1b\xc5\xc0a2\x8e\x8a\xb20\xf9\x91\x19m*\x1ct\
l\xb5\x02\x07\xdf\x19[\x1ax:\xe3(Y)pl\
\x5c\xb7\xf5\xc5\x03\x15eek\xc9\xb6\xe9}W\xef4\
74O^\xfd\xb9kq\xac\x86\x82\xec\xa5;=\xd7\
\xf1\x180\xda\xae\x82W\xab\x94\xe6\xd4U\x8aJ\x96\x19\
Tl\xa1\x1c\xa5\xa5\x969>V\xc6\xe1\x05c\x94\x98\
\x1c\x16\xa1\xc2r\xe7\xd5y\xc2\x1c\x12{\x92XmE\
\xb9\xdc\x86\x80\xa3MVuc\x9d;\xb3:D\x02\x1c\
\x049\x00ID\xd6\x13b6\x87\x9c:%\x1c\xb6\xca\
\x99\x88\xfd~\xc4\x02,\x86\xc9i\xbc\xa2\xb5\xdf\x88x\
|<&\x18D\x83R\x0d\x91\xa5\xbb\x98*1\x90\x83\
\xddJ\x12~\x83\x02\x87$\x08\xdd\x00\x85m\xef\xaaT\
\xa9 \xc6\xa1\xe2r\x0a\xeeR\x093\xf0\xc0\x0e\xc7\xa6\
Mt\x8a\x0f\xcf8\x18tl\xe5\x1d\x0e\x927\xf7\xae\
\x008\xbe\x8a\xc5\x01C|\xca^ \x9d\xb1o\x9c\xb9\
\xda\xd3\xd4\xdc\xfc\xa0\xc0\x9d\xc5\xf1\xcd/\xc8^\x84\xba\
J\xdfE\xdc\xe8\xc6R\xe7\xa6\xc9\xc1\xe3\x86\x81\x1c\x9e\
\xa7\x02\x07o\x8f\xf2\xc0\x81\x7f\x9fC\xb8\xcb\x8d\xa4\xce\
\xcb-\xfe(\xa5\x1cX\xc0\x97Ya#L\xf6\x22\xe0\
\xa70\x05\x8e\xd0\xc3\xdb]\xed\xd9\xcc}\x0d\xca-&\
r\x88\xec\xb5H\x81\x83]\xba\xbay\xbd\xe3\xf8\xd5p\
\x1d\xf5.\x11\x05\xd1#\xb8D\xa23\xde\xa1s\x85\x11\
{\xf6\x93~\x101_1\xbf\xd0\x8f'\x8e\x8aL\x93\
\xd0\xc2\x89\x01\x11:g\x86\x9ad\x83R\x0d\x91\xe9\x14\
\x84\x1c\xea\xfb_\xf4we\xb3?\xd1\x04\x00\x0e\x09\x0a\
**\x0d\x7f\x11\xca\x11\xe6\x09\x07X\x1c\xb5\xe6\xf4/\
\x93qx\xb1X\x09Y\xd3_\x1bsW\xaa\xe4\xd7)\
UE+!\x1cPT\xd9\xb8n\xc7\xfa\x03\xd0R\x7f\
\xe8\xe0\x1b\x8d\x8d\xbb\xcf\x5c\xbd\xde\xd4<\xf4\xa0\xc0\x9d\
\xc5\xb1J\xb4Jk\xcfu\xacU\xca\xc8\x140\xb6!\
a\xaf\xb1=\xf6)\x8b\x88\x97\x01\x8e\x5c\x8f\x83a\x86\
\xd5\x1c\xade\xa4\x03\x1b\x7fev\xca\x01\xcd\xa1\xa41\
\x16n\xc84\x1fmC\xffX\xb4={9Tm\xe0\
\x86(\xd0\xab\xd4\x80\x0b\x82$\x22\x7f\xd5\xd2\xe0\xa6\xb0\
\xf3\x14\x02\x01\xbev\xab\x9b\x5c\xe20Q4\x18L8\
\x0e\xa2S\xc6\xa2\x1bI.\xf27\x86\x13\x87-\xddj\
\x86}\x01\xaf#\x14\xbc(\xbd\x007\x94\xa3\x1a\x8co\
 \x06u\xff\xe3\xdb\x88B}\x16\x94,\xb9\xd109\
\xd5\xac\xa4\xb2\x09\xd7U**\xaakm\xc9/\xd3\xe3\
 7\x0e\x0b \x97\xdb\xc5\xc4\x01\xc7\x0a\x95\x0aNq\
\xac?RFZ\xea\x1b\x1b\xf7\xd5_\xbd\xd6\xd4<\xf5\
\xa0\xc0mTY\x1dZ\xe5z\xeb\xe0\xa5\xeb\xf7\xb6\xd3\
\xd6z\x0a\x1c\x81\xfc\xc0\xe1)Y\xb9;\x9a\xc38\x18\
\xd50\xa5\x0a\x9f\xe6P`\xa0\xcf&'\xa3#,\x91\
\x9d*`s\x90\x04\xa9*\x7f4\x16\x8dF\x7f\xa2\xc9\
&\xdd\x80-\x02\x02\x93\x02\xdc\xf5\xaasO\x06~l\
;U\x17a\x8df\x22Kt\x9aO\x04\x1fD\xee~\
\x84\x82\x8e\xc8j\xabtt\xd7\xe1D,\xc2L\x0c\x9d\
\xc7\x8e\x9c\xb0\x86 \xe1\xca\xab`\x9a\x1b\x0c6\xd0\xbf\
\xe7\xe1(\xb8\xbd\xff\xa4\x99\xa0Q\xc3\x90\x03)\x15\x89\
Z\x1c X6!\xca\x81\xbdQ\xcb\xa4b\x8a\x1a^\
l\x8f\xf2\x8c\xa3\xf4\x99\xf2\xe6+\xf5F\xb1R\xd9\xb1\
~\x0b\x00\x07X\xa3\x8d'\xea\xfb\x1a\x1a\x9a\x0b\x0a\xfe\
\x95{Y\xad\x1a\xad\xd2\x83\xb4\xcavVW!I\x0e\
K{,U*\xcbr\x0e\x8fc\xe8<\xc7\xe3\xa0k\
U\xca\xa9,\xe7Z\xeb\xd1\x8b\x82)\x07\x06\x0ek\x94\
\x83L\xfe2\xb7\xa8BuV\xbb\xd1\xd6\x1e\x8d\x8e\x9d\
\xd7\xb0\xc5A\xff\x04\xaeD\x16\x8c\xb0Y\x91\xb8\x0e\x1a\
1\xf1\xe3\xf0pD&\xc3\xc5i\xf0\x83\xa2\x02}\xa2\
\xa2#\xc2\xdf7_\xe9\x11J/\x22\xba<<~J\
0\xb1\x22B\xb0B\xc0\xcf\xa2\xf96\xf9\xc6,\xfa\xc4\
D\x0d\xc42\xc4O>E\xd2\xab\xadF5\x09\x87\xca\
\x01\x07\xbf\xc3mSE\x05?\x8c\xc3RS!u\x15\
~\x8aO\xeef\x84\xe5\x86\x7f\xad))YY1\x16\
\xbc\xd1\x97v\xc0,\x8e\xb5\x90\xfe:\xd8x\xa6\xfe\x12\
X\x1c\x93n1v\x95h\x95\xce\x9e\xd6A\xa6U\xd6\
\x83\xcbans\xb3N\xe1x\x8aXq\x00\x0eo)\
\x1d\xb1\xed3M\x0e/\xff+^i3H5\xa0\x1c\
ev\xd4\xc0s\x8a\xc3a\x9d\x03\x0e\xf4\x00\xac\xdd\xef\
\xef\x8aF\xb3\x9f\x07\xf1\x90\x1b\x9d\x01\x07D\x22\xc85\
+\x89\xb9\xe9LZ\xe3\x80\x17\xe9TD#\x97\x7fD\
\xa7\xfc\x01\x17d\xf0(?\xd2NB+#\x18 \x8c\
\xbfo\xa5\x11zD\x8d\x8d\xef\x94\xf9\xaf@\xa0\x82\xe2\
\x06)\xb7\x02\xbf\x90\x04\xdb\xb1L\x22V\xdf\xfa\xa2\xbf\
\xbd=\xfbk\xae\xa5>\xcc\x94\x0a\xfa\xb7\xcb\x5c\x93J\
5l\xcc\xac1\xf8F\xb9\x09\x1d^\xfa\xcc1\x0e_\
.\xe3\xc0\xb38\xf2w\xb8\xadT\xa9\xe0b\xec\x81M\
\xc6\x0a\xb73\xa0T\x86\x1eL\xba\xc5\xd8\xd5\xa3U\xfa\
.^?\xb3}\xfb\x1e:?\x90\xd4c\x81s\x94\xe4\
P\x0e\x0c\x10\xf9V\xb9\xb11`\xa5\x96\x09`v\xc6\
aj\x15+p\xe0\xa94Zm\xce,\x1f\x0a\x1c\x92\
\x1e\xc6\xb4\x03\x0b\x120/T\xfd\x11\x02\x8e\xe8`\x88\
lI$\xb5\x15\x09\xe8\x06\x5c\xbcX\x14H\xe6\xc3\xbe\
n%\x1fX\xad\xec\x8a\xd4Y\x00\xc5\x8cu\xda\x8a\xa7\
\x9c\xcc\xe1\xa2\x9f\xf4VH$\x0c\x8a\x83\x09\x05\xb52\
\xe8k\x06\x13\xe2\xb2\xb8!)-\xa3m\xd1l\xf6\xf3\
\x90\xd9RO\xbdQ\xe6rT\xf3\xd6(_T\xe1\x19\
\x87\x97Q\x8er\x0e8r=\x8e\x92\xc0\xd7lT\xc1\
\x16\xc7K;^>\xf2&\x9e6\xba\xbb\xf1\xe0\x89\xfa\
;\xcd\x0d\x0d\x93\x05\x0f\xdcb\xecj\xd1*\x9d}\xad\
\x83\xb7\xeel\xd8\x0eu\x95\x17\xcd\x82\xec^nN\xd4\
S\xb4J^\xe0\x80_Z\xbb\xc9\xe1\xa5\xb1QK\x04\
\x8c\xf4\xb9\xc1\x0dq9\xf8-\x09\x188\xd0\x81\xdc5\
Wy\x95\x94\xcb`r|(\xcb\xba\xc4Q\x11\xec\x85\
\x0a\xf4!_\x90$\xbb\xd3`X \xa2\xb0k\xf8\x14\
!\x10:\xe5!\xf0\x87\x11\xc6@tB@\x0c\x90 \
\xb1\x10B>\x22$\xc8\x85\x11\xeapb\x98|M\x0e\
2\x04\xc20$\xca3(h 0\x93\xa4\x5c\xcc \
\x8c\xe3\x93\x91\xaehv\xecg\x1a\x8c\xed!\xa4\x83\x14\
ce\x89\xce\xe2\x08\xb3\xc8(\x06\x8eZ\xab5Zi\
\xf1E-\xd5XG\x8f\xa3$\xf0u\x81\x03[\x1c\x07\
\xa0\xa5\xfe\xd0\xc1\xc67\x0e\xbeq\xa6\xfebSC\xf3\
\x83\x8bn1v\xd5h\x95\x86\x8b\x97\x07{q\xbf\x0a\
\xd2*\xaf0\xa9b\xd1*O+\xacxr\x06\x8fr\
\x8c\xc3\x97K8\x9c\xa4J\xa5\x82\x9e\x15\xa8\xc8n\xda\
T\x9d;\x8fC\x87+\x07)\x14<B\x10\x9f\xd0\xc3\
6\x04\x1c\xd9\xed\x1a\xd9\xaeJ\x13\x1e\x00\x05\x92N=\
\x06\xe3\xd1\x1d\x87\xad\xec^\xa54<,D\xec\xbc\xc2\
\xbc\x87uL\xc4\xe2v\x92\x8f0\xf9\x05|\x92\xe3\xb1\
S\x92\xf9.\xa3\x5c\x92\xa3L\x04\x0a$\x92\xd3Q#\
7\x07\x90R\xf9P#\xb3\xcd\x05\x5c\x8cUq\x8aC\
 -n\xdc\xfe\x88\x8aj~\xc2\xb956J\xccQ\
\xabRq\xe8p\x0b\xe4*\x92\xaa\x95\xa7\xbfHO=\
R*\xeb\xbfc\x16c\xeb\xaf55\x0c=\x98r\x8b\
\xb1\xabF\xab4]\xbf\xdcw\xb1\x17\xb4\xca\x0b\x15\x5c\
\x92co~\xe0\xf08\x00\x87\xc7\xa9\xaeba\x1c\x8c\
p\x98\x06\xa9=u^I\xa2\x1c\x0c8\xac.\x07\xde\
\xe4&Q#\x14\xb4\x8a\xf2~\x7f\x16!\xc7\x9d\x10[\
\xccl\xd9\xb5j5!qv\x02\xdb\x1f\x9c\x08\x91\x0e\
\x1f\x97\x85\x88E\xbeXK\xa9\xba]\xe3\x18\xf0\xc0\x18\
\x0d\xe2\x10\xa7\x12\xef\xcb\xd8W\xe1\xe4\x88d\xdc\xca\x84\
_\xc88\xe2eY\xcffU*oM\xdcFJ\xe5\
WA\x81\xf4\xc4J\xb2\xaar\xc1Q\xd8\xc6d\x8e\xfe\
\xaa\xa8.\xabq\xac\xc5z\xcb\xed\x94\x03~\xf8\x1b\xad\
\xab\x98\x9c\xc7\x8d\xe6\x1fa\x9f/\xc5\x81-\x0e\xa4T\
\xf6\x1cBJ\x05j*\xcd\x0dMS\x05\x05\xaeRY\
%\xa7\x07k\x95\x9e\xeb\xa4\xb7\xfe\xc8\xfa\x1d\xaf\x10\xe0\
\xb0\x99\xef+\xa8\xc8\xae\x88qX\x0a\xb2v\xce\x81H\
G\x0d\x0e+\x94\x99-\xb2:39\xf0\x94s\x22F\
\xc8\x91\xd5\x8f2\xd1\xe8\xfc-\xe8\x0a\xd3\xad\xc0\xc1\x8e\
\x09\x1c\x84s\xe0\x14\x05\xceQH8\x87\xb5\xabN\x10\
t\xbb\xf7!\xda\x85\x8d\x8e\x10A\x178\xd7S\xd0\x0d\
\xfc\xd0\x85X\x0c,Y\x01d\x91`\xaa\x13vd\xfa\
}\xd0\xefG\xcas\xb4\x96\xdf\x8c!\xe0\xf8q\x084\
\x8a \xa9X\xa9P\xcc\xc0\xe1Q\x13B\xdfE\xc0\x81\
-\x8eZ\xb3\x16kr\x8ePy\xce\x80s\x9b\xc5Q\
\x12\xf8:\xc0Qb\xe4Fq1\x96.T9\xf8\xc6\
\x89\xfa\x8b\x0d\xcd\xcd\x05\x17\xdd\xce\xd8\xd5\xa4U.]\
\x1e\xbc~q\xf7\xf6\xfd\xa6V)\xa5I\x8e\x80\xf5\xb7\
\x8a\xfb\xdd*\xaer\x1eu\x9e\xb3=\xd6g\xce\x00+\
\xf7R\xd3\x7f\xab\x01\x1d\x96\x82,\xb686Uo\xda\
\x94\xeb\x8eV\xeb\x14;$\xdd\x00\x0f\xed\xf3\xb1h\xc7\
\xfc\xd8yE'\xb8\xa1\xb3\xd7`tX\x81\xc3 \x1e\
\x8c\x88\xd0\xc6\xd4\xe1\xc4a\xd50(r\x0f\xf1-t\
K\x85\x84\x8f|\x8a\xa2|x|X\x15\x9cd\x09\xfa\
\xe2Xu\x08l\xd7\x81\x94\xf7\x08\xb2\xfa\xc9H{4\
\xfb\xc3w\x15\x89N\xe1P\x09\xce`\xc6!\x1b\x8c\x83\
\xa4\xc0*\xca\xac\xf1\xafJ[-\x96\xf1\x0d\x1f\xdd\xc6\
dw8\xf2Q\x8e\x12\xe7\x9aJ\x9e!>[_\x22\
Kc\x0f\x1dl\xc4J\xe5z\x83\xabTV\x97Vi\
j\xb8\xd6\xda\xd7\xd3[\xbf}\xfb\x06\xda\xe8\x86\xddQ\
\x07\xca\xf14\xe0\xf0\xe4a\x1c\x96\x81\x1c\x5cr4\xa7\
 \x0bE\x95M\x9b6m\xe2\xb73\xe9\xdcb\x15f\
\x82\x92`\xb9\xb2\xbd-\xda\x11\x8d~\x1e\x02\xf5Rm\
\x0e\xec\xa0\xb5X\xec'\x08y\x0e\xe1\x1f\xb20>.\
\xd3\xda\x8b\xa4\xd3g\x86\x17\x22W\x0e\xc1\xaa\x04\xdf\x91\
8\x1d\x82\x8e:<\xbeK\xb5WN\xa8\xbdI\xf7\xbf\
\x0a\xdcr\xa5<\xf0\xa1\x9c\xbf\xd9\x1f\x85\xbc\xb9\xf1\xc7\
\xdc\x07\x86\xe9\x1a7VY\xd9T\xb1)l\xb2\x0d\x9e\
qx\x11\xe1\x08\xf1\xddm>r\xf6>\xa5\xa4\xf2\x94\
\xb9\x90E\x0e\x83\x8aK\xf1|\xf37Yl\x14\x94J\
3R*\x93nlt\xd5\x9c\x02\x18\xe7\xd3:\xd8;\
x\x96d\xc0\xa0 \xbb\x91i\x95\xbc\xb6\xbb'O\x92\
\xa3\xc46\xe7\xdc\x1e\x1e\xb5\x81\x87M\xaaT\xd6 \x05\
o\x1f\xc9\xc1\xa4\x8a\x8e\x8b\xb2\x5cO\x9b*\xdcm\xef\
\x88\xce\xffZ\x93Djl\xd0\xf0\xa8\x91\xed\x96\x8c*\
\x86hU\x10$\xb8)\xea\xeaND\x18\x18\x0f\xa1\xc6\
\xa6h*\x0e\x89B\x04\xf9\x03|O\xb7\xf2\x0a16\
\x1c\x11t\x0aQ\x00\x12\x82$\xb0\xe9]\xc6\x0eG \
\x1e\x0c6d\x13\x13\xc8\x07\x82\x9c\xd1\xce\xfe\x14\x8a\xb1\
\xff\x1c\xa4\xee\xa9Li\x0a\x96_\xd8\x0f\xe6\x03`\x15\
\x1559\x9b\x98\xa8P\x09\x95[\x96\xb8a\xd8\xf0\xfb\
KK\xfd\x96\xc0yI\xe0\x19\xa4\x0a\x0f\x1a\x148\xf6\
\xee%)\x8e-\xac\xa3\x1e)\x95K\x088\x0a.\xba\
\xb1\xd1\xd5s`\x0e\xd8\xf5\xcb\x83\x17/\xdd\xc3Q\x0e\
\x98\xe6\xc3R\xe7\x16J[T\xf2\x14\xe0\xa8*q\x00\
\x0e\xf2\x90\xe7\xf5\xd9L\x8e\xad\xce\xc8\x01\x03\x8b\x09p\
\xbck\xd4\x10\xce\xb3!`4mn\x16d\x05\xad\xaf\
\xab\xa3c\xfe\x87\xb2\xcau\xc3\x82%A\x9bA\xc0!\
\x05n\xc1\xfc\x0e\x07\xfa\xa1\xcb\xc3\x89\x88l\x89s\x8a\
\x5c\xf9\xd4\xc6$r\xb2\x18\x82\x5c\x97\x18\x96(,\x08\
\x02]\x13-\xc3}\xd9\xd8\xc6F\xdf\x90X\xf7\x9aI\
*\x18\x0d\x91\xb4\x96\xc7]\xd1L\xe6\x9f4\xbb\x85\x1a\
&S\xdd\xb9\x14\x07~\xb3\xc6\x117\x10\xe1\xb0t\xb7\
\xf9(p\xf8\x02>\xbf\xb5U%\xbf\xc7\x11\xf0\xac\x04\
80\xe1\xd8q\x00Fq\x1cj$\x0dn\xd7\x9a\x9b\
\x9a\x1f\x5cwc\xa3\xab\xe7\xc0\x1c\xb0\xce\xc1\xcb}\xbd\
w6\x80=z\xc0\xcc\x8e\xee\xdd\x1bp\xfc\x05\x0a\xe4\
 \x07\x99\xc9a]\x91\x80a\x83\x22\x07!\xce^C\
\x81;\x96dI\x88\xc3d\x1c\x083\xca\x8c\x82,3\
9$\xc3\xcb@\xaf\xb4\x87c\xd1\x8e\x8e\xa81\xb2\x98\
u\xb6IfS\x99aG\x0av\xbf\x94@\x81\xac'\
b\xe8\x01\xdeQ\xcd\xe8\xf6w\xf0\x85U@\x02AP\
N-\x1dU\x0cqB\x0d\x0aCj\xc8\x1c\xe9\xa0X\
 \x1b*D\xa6|\x03\xa1\x9b,c\x8b\xe3\xfb5\xaa\
\xc4\x1c\x11\xfa\xd1\xa4\xa8b\x8d\x9c\x87\xb9\x14\x87\x159\
B\xa1P0'\xc6\xe1\xa3\xb8\xb12\xe0X\xde\x19%\
\x1f\xc0\x08\x07ipk\x04\xc2q\x06)\x95+\xaeR\
Y]\xe7_\xb5C\x94\xa3\xf5\x12\xec\x82\x5c\x8b(\x07\
\xce\x80a\xe0\xb0\xd6\xee8\xad\xe2\xf1\xe4\x11+\x81\x80\
}\xf0\xa8\x8f!\x87\xd5\xe3\xd8\xea\x98:'\x0a\xbe\xda\
$\x1c\x08>t\xc3\xe1 \xd6(\xc8\x15Hk\xa0W\
\xca\xf9\xdb\x088\xe6\xfb\x82\x22\xd7W/p\xb5\x11\xfc\
\x00.\x0a\x5c]\xc3ZqA7\xea\xb6\xc4)Y\xca\
u6%\xb3@\xc2y%\x86\xc3\x811\x02\xfd\xed\xd8\
\xb8\x0e\xba\x82\x81\x05\xb53\xb0h!\xe6\x86\x09\x02\xf8\
\xcf\xe8\xdf4\xfaQ\xf0WQ\xde\x9f\xe8\x8fF\xb3\xff\
\x18\x22\xc5[\xc1j\x85\x84\xabu\x89\x87\x8dp8\x5c\
\xeb\x00\x1b\xe8G\x0b\xb8\xc13\x0eb\x8d\xfa\xe1Xr\
\x1c\xf9\x1c\x8e\xa7\x1a\x1cd\xf9#X&\x10\xe2\xa8(\
c\xd6\xa8\xabTV\xe3\xf9\xd6\x97`\x8f\xb6\x82=\xda\
\xb8\xa7l\xd3\x01\x02\x1c\x1bK\xed\xbfb<p\xf8\xf3\
\x8c\x01s\x00\x0e/\xd5*|\x9c\xc39v\x0e\x84\x03\
\x14<~P}\xb7\xba\x8c\xcf\x8e\xd2\x82\xac\x99\x1c\x15\
\x11\xe9\x90\xd5\xdff\x11p\xfc\x9dbv\xc8bW\x93\
\x95A\x8c\xcc\xb7(8\x17B\xf1{\x87c\x11\xd91\
\x09\xce\xf0\xc2\xd0\x16\x1c\x02`\x98\x10\xa5H\x22\x16\xa6\
|\x83P\x09\xc1\xf46\x08\x00P_\xc3\x80\x0a\xec_\
\x98#\xbe\xf0'\xd7\xce\xce\x8eu@K\xbd@\xe5\x8c\
l\xf9v\xab%k\xa7\xb0M\xa9\xf0\x8c\x03\x01Gy\
\x90\xb7F\xbd\xde\x80\xdf\xef\xe3\xca*%\x81e\xca\xb1\
+\x02\x8e\x00&\x1c[\xd7\x1fy\x93\x01\xc7>W\xa9\
\xac\xc6\xf3\xed\xde\x0f\x1a\x1az.\x0f\xf6\xf6\xc1\xfai\
X\xccD6\xc8\x06\x96A\x8e<\x0fRf\x06\x8c\xa0\
\x06\xfa\x9d\xf5\xf3\x94\xa3\x9cwFs\xa2\x1c5F'\
\x06\xc2\x8d0\xdd\xc7T\xc6\xec\x0d\x96\x01c\x06\x07p\
\x0e\xed\xb3\xaeh\xc7|;\xde!\x0bu\x11\x22R\xa8\
\xf7i/\xadR\xe3\xd1\x06!\xa2|86,SF\
\x22\x18\x1f@\xef\x13f\x22\x8a\x12\x07\x1e\x82d\xf8\x9c\
\xea\xa9\xc46\x15\x875\x8cm\x8d\x84sH\x02\xcf+\
$vc}\x830\x0e\xf4\xac\xb4\x8cd\xa3\xd9\xcc\xcf\
4\x91C(S\xdbT\x87y\xc6\x11\x0e;[\x1c\x98\
q\xe0\x9fr\x88\xb3F\xbd>\x18Yo\x02\x07\xfe\xcf\
\xa9\xca\x0f\x1c\x9e\x15\x00G)S*\x088\xf6\x83\xc5\
\xb1\xaf\xbe\xef\x1aR*\x93S\xaeRY]Z\xa5\x0b\
\xec\xd1\xbe\x9e\x8b\xd8\x1e\xddb4\xba\xed\xb5\x01\x07\x81\
\x05\xeb~\xa6|\x15Y\x9a\x1d\xf0\x05\xfc\xc4\xa4#\x94\
\xa3\xdcT+^\xdb8\x9f\xf2\xca\xda-,\x1c\x09\x09\
\xebws\x86\x07\xea\xaci\xc5\x1c\xbf\xa1\x9cm\x03\x93\
\xe3\xb3\x10\x99\xdd#\xe1\xa2\x87hq#\xa8f\xc1\x17\
\xbf\x88I\x84\x9du\xa8G\x13\xc7U\xcb\xbbt\x11g\
7\x158p\xabi\x9a\xa2\xaa\xe4:\x97\xb0\xe5\x0a_\
\x00\xddS\x86\xc7u\x15WA\x04\xc1\x80\x02\x81f?\
\x89\x98\x91\x19\x8a`\xf1\x22\xf0\x9b\x1d\x09\xd8\x88\x82*\
\xde\x9cF\xb8\xf1\xa1\xa2\xe6\xf0\x22l\x8e\xd2\xc5\x08e\
\x06r\xd4\xe6)\xa9\x84\xccB\xac!UJqI\xc5\
 \x1c\x1e\xff2Re\x19\xe0\xc0\xff\xef<\xe3\xd8\xf1\
b\xc5kek_\x87\xb89\xab\xa9L\xb9Je\xb5\
E9>hj\x18D\x94\x03O;\xdft\x00\x0f\xe5\
\xb0u\xd6[\x90#\x7fo}\xc0\x0a\x1c\xa5\xe0\xe8\xdb\
M\x0e\xaf\xa3;ZNv@VX\xa7\xf2\x92\x15\x90\
:\xdd\x02i\x94b%J<T\xe1'\xedH\xab\x5c\
\xd7\x04\xf2n\x9c\xd5rv:\xa9\xe1!XT\x07)\
\x8aJ\xb1\x98\xc8\xb4\x89\xac\xaa\x18'\xc2J$\x16k\
iY\x98Xx\xd2\xd2\xf2\xb0\xe5\xec\xd1H\xe4\xb0\x88\
\xb0DS\x11\x82\x90\xe2,\x5c\xf9\xe3\xe35\xb8\xac*\
\xb0\xb4\x17~-H\x16^A-\x15\xd1\x80\x0b\x023\
\xa2D\xff\x8ar\xf6\xa7\xb7\xe73\x99_\x05\x05\x07\xd8\
`J%\xcc`\x03\xbd8*\x15o(\x14\xb2\xa7F\
\x81p\xf8J\x89T!\xb8\x01\xff;yqc9\xe0\
\xe0pc/(\x95\x17\x8flz\xcdH\x7f!\xa5\xd2\
\xd0\x5c0\xe4*\x95Uvz>hh\xbat\xa3\xef\
n\xcfn\x98\xca\x81{\xeb\xb7:\x01\x07[\x9f\xe2\xc1\
\xad\xf5\xc5\x81\xe5\xc6\xf9\x94Z\xd62\xf9\xbc\xa6\xcbA\
\xe6bZ+\xb2\xe8\xd7\xbf6\x8cQ\x83\x8e\xd7|\xd7\
\x08\x80\x95\xb1\x06Y\x5c\x94\xc5A\x0d\xa3$+(\x97\
\xa1 \xfb\xa5\xa0\x18yR\x81\x1b\xaeeM|\xc1\xb5\
\x8b\xcdR\xd1\xd6\xa0\xaa\x1e\x8e\x1d\x07\xc3\x02\xe1\x02\x82\
\x05a\xe7\x99\xab}O\x86[\x1e/%fff\xe7\
R\xf1x|q:\x1e\x9f\x1dO$&F\xbb\xbb\x8f\
\x0a2\xa2\x1f\x9a\x0a\xe0\xa0\x1c\x9f9\xab \xba!\xbc\
\xbc\xbc\xbc\x00\x00 \x00IDATc\x92A+\xa9\
251\x04\xeb\xe6h\xcaI$\xd9T+\x80_\xe0\
\xdc*\x907Of~\x1c\x12\xad\xb8!3\xdc\x908\
\xe0\xb0Y\x1c\x5c\x9b\x0av8\x82vo\x94w8\xc8\
\x7f\x5c\xe0k5\xaa\x18!\x8e#o\x96\xad\xdd\xb3\x1f\
j\xb1\xfb\xce\x144\xbbJeuF9\x9a\x9a:[\
[\x07/\x82=\x0a\x9dn\x089\xb0;\xba\xd7\x198\
\x8cb\x7f\xc0\x89pX\x80\x83+\xc8zm>\x87\x97\
g\x1c\x88p\xc0$M\xc0\x8dM\xa4\x17\xf4]+\xe7\
0\x8b+<\xe5\xd0\xee\xe3\x82\xec\x8f5c\xba\xb9m\
\xc4\x96\x058\x80R\x88\x92 \xe6L\xd1\xd9\x19;\x85\
$I\xe4\xfc\x86\xe1\x89\x0fo\x8d\xa4\xb3\xc9\xd9O3\
\xa3\x9f\x8c\xcc\xcc\xa5fg\xe3\x8b\xf1\x91\x91x<5\
\xbb\xb4\xf4xvvv\xe4\xd1\xa3\xcbu\xc7\xefW#\
\xf0\x90\x95\x18(\x15\x81\xc55dL*\x04\x02\x19\x82\
\xc0\xd9\x1c\x12\x1d]n\xbcO\x12\xcc\x94\x19\xe4\xcd\xa3\
\xd9d:\xac\xe4\x1a\xb7\x08<\xaa\x89\xc5a\x02G\xb8\
\xc6\xd1\x1au\x22\x1c\x10\xe2\xe0\x1c\x0eO~\xc2\xc1p\
\xc1\xe3\x88\x1b\x1e\x139\x0086nE\xc0Q\xf1\xe6\
kx\xf6\x17\xd4T\xae\x83R\xb9\xee*\x95Ug\x8f\
\xde\xfa\xa0\xe9\xca\xa5\xcb}w\xfb\x1a\x81rT\xac\xdf\
ah\x95\x9cmL\x8co\x18\xf5\x14\xf3\xad\xe2\x12\x8f\
\x1fP\xc5\xef\xe1\x80\xc3\x87\xbb\xdc\xf8\xc2\x0a\x9bRe\
\x11+\x88p \xe0\xa8\x08s\x8c\xc3\x1cv\xae\x1b.\
\x87\xce8\x07\x9b\xe6\x13\xe9\x8fvD\xe7{B\x22\xa9\
\xc4\xe2\x01`\xce\x8d#\x0c=D\xd3\xe6\x10Y\xdeJ\
\x8e%\x8e\xef\x1a\xde\xb9\x10\x9f\x99If\xa7S\x8b\xe3\
3\xd9\xe4R2\x99Bp\x11\xcf$\xd3\xd3\xe9\xc5\xc5\
\xe9\x81\xb9\xa5\xa5\xd9\xf8\xec\xdc\xc8\xcd\x81\x91\x99\xf8H\
\xcbpLQ\x13-*\xe0\x90$\xb3\xb2\x0c37\xe8\
}+\xe9P\x11\xbf EY\x9e\x14\xe1\xbcyGr\
\xf1'!\xd9\xc26\x04v7\x1c\xce_\x8c\xb5;\xa3\
A\x1bp\x94\x22\xa9X\xca\x0b\x15O\xbe\x1e\xc5\x5c\xbe\
Q\x94\x0b\x1c\x84ql\x5c\xf7\xd2K;\x0elz\xf3\
\x18n\x8c}\x03+\x95+C\x05\xd7\x5c\xa5\xb2\x1a\xa3\
\x1cW\x9a\x81r\xe0A`\x9b\x0e\xe4)\xc8\x1a\x9c\x83\
\xef\xa7\xaf*.\xb6\x0d\xe5(\xf1\xf0\xe5\xd8\x80-\xca\
QN\xc7r\x84x\xe0\x00\x87\xa3\x82\xce\xbaz\xd7\xb2\
\x0a\xa0z-N\x5c\xc3\x18\x1fB7h\xb0\x9c\xdc\x08\
\x0a.\xc8\xbe\xa7\xc8\x12[\x89\xa0\xe7oP\xe1z\xdd\
H$C\xa2yt\x05q\x87\xb9\xd4plv||\
f\xfcf*>2\x97I\xcf\xc43\xf1\xa5\xd9\x99T\
|\xee\xf1\xec\xdc\xec\xc2\xe3\xc5\xc5\xd4R<9\xb2\xb4\
\xb4\x94N\x8e'f\xc6\x87c\xc3\xb1\xc4\xfb*\xc1\x07\
\x1a\xef0=O|O\xb0\xf8\xa0\xac\xecB\x5cR\x13\
8 o>\x9fL\xfe\xd2bq\x98 R\x1d\xe6\xb7\
?\x86\xab\x1d6\xaa0\xc2\x114\xadQ\xaf\xa9T\x02\
9\xc0\xe1\xc9\x0f\x1c\x81\xe2<\xf5\x14F8\xc0\x1a\xdd\
J\x94\xca1\xdc\x18\x8b\x94J\x0fR*\x93\xaeRY\
\x8d\xf6h\xc3\x97\x0dM=7\xfaz\xef4\x92-\xb2\
\x84r\xe4\x00G1s1L\x1c)).\xce\xe9W\
a\xf6h\x80\xcf\x80Y)\x87\x058\xd0\xa9\xad\xa9\xa8\
\x08\x9bs\xf2\xc2\xdc\xc6\xfa2\xe2q\x84IM\x85t\
\xcf\xd3\x16X\xd6!\x1b\xdd\xae\x19\xab\x1f\x8dN\x14\xe7\
\x9eU\x89\x9b\xcc\xc5ba\xb2r\xfcf<>\x93\x90\
\x13\x09$F\x90>\x99\x9b\x1bH/&\x93\x89\xc4L\
\x22\xf1\x9b\xd9\xf1\xe1\x840<\xbb\x18\x9f\x9b\xb99\xb7\
\x98J\xcc.\xce%N--%\x86g\xe6Z\x14\x99\
\xa3\x1b\xb8M\x85\xbb\x8b\x09\x88\x15$\x1c0MR>\
y\xdc\x15]LB\xde<\xd7\xe1 \xcb\x98\xcc\x0e7\
k1\xb6<\xb7\x16kq8\xbc\xa4S\x85S*\x9e\
\xfc\x0dnO\x89p0\xe0(%Je\x0b\x02\x0e\xd6\
\x18;\xd4\xdc\xd0T0\xe4*\x95\xd5h\x8f\xb674\
]\xbb\xdc\xda\xd3C\x1bV\x1c\xb5\x8a\x87\xb39,h\
Rl\x1eK]%@(\x87\xcfa\x9d\x1bn\xc8\xe2\
8GM\xb8\x82\x83\x8dw\x8d\xc7\xd82^\xa9\x00\xc7\
\xc0c\x89\xcd\xdez\xe5\xfd\xdbPW\xf9\xe7 \x01\x0e\
\xbe\xd9d\x19\xf40\x22\xa0\xa2\x08lA\xeb\x9e\x9e\x1e\
\x98Y\x1a\x16\x10\x1c\xcc\x8cO\xcc\xcc$fR\x03\xd3\
\x8b\xf1\xd9Tjv\xa6ei8\xb64\x9eZ\x1c\x8d\
\xc5\x22\x89\xa5\x89\x99\xa5\xf1\x99Xb)q*\xb6\x14\
\x9f\xfe\xad\xa2\x88\x0c)$C\x9b\x98\xe8 \xab\xb2\x90\
w\xe8(\xfb\x18\xe1\x93\x81hf\xf1\xb6\xa2:\xf7\xdc\
[\x06\x8e\xc2\x9b\xb5\xe5&n\xf0\xe1/\xbeG\xc5h\
\x8c\xf5\xb2\xc2x\x80\xfd\xbf-\x9f\xfe\x0a\x14/\x83\x1c\
\xb836P\xban\xebK/\x1e\x81\x0dn\x87\x1a\x1b\
\x0f\x22\xa5\x02qs\xa4T\xdc\x8e\xfa\xd5i\x8f\x22\xca\
aVdw\xec\xc8\xad\xc8\xd2\xb8(\xfd\x05\xe4\xb0\xa2\
\xd84:\x8a-u\x15\xfcK\xeb'\x94\xc3kR\x0e\
\x92\xe6\xb0\x00G-\x02\x0e@\x8e\xef\x19\xd8\x11\xceY\
\xad\x02;\x11hI\x85Q\x0e\x98\xe6\x83\xb5\xca\xdfh\
\x22m\xb87S\x1c\xf9\x81\x83\xb5\xaf\x91\x80\x97\xa8\xd5\
\xf5'\x93\xa9\xd9\x85\xc2\xe1\xa5\x99\xa5D,\x16\x1b\x1f\
\x9fM!\xae\x91X\x9a]Z:%'\xd0{\x97\x96\
f\x13Jap\xb8\xd0\x13\xab[3\xac\x14\x1e\xaf\x8b\
\xdc\x8c'o\xdf\x1e\x0c)\x1c\xc5\x90\x05\xce\xdf0\xd0\
D\xb2%\xdam\xdf\x97\xf2\xd6O\xfb\x91R\xf9u\xd0\
\xa1\xe3\x9e\xacS1\x09G\xd8N8*M\xbea\xb3\
F\xbd$\xc4\xe17\xfaT\x96\xe5\x1b\x188<Oc\
\x1c8o\xbe\x97(\x95M8\xfd\x05q\xf33\x97@\
\xa9LM\xba\xb3\xbfV\xa3=z\xbd\xbd\xe1\xca\xb5\xcb\
}\x17{\xee\x91\xd9\xa3d\x9c\x8fU\xabx8\x9b\x83\
\xe7\x1b\x8cs\x04\x8a\xab\xd0[,-`F9X\xec\
\xdcRY\x09\x86\xa0\x07\xdc$\x1c55aJ:\xbe\
\x87)\x07\x8e\x8e\x96\x99\x0d\xa1\x00\x1c\xb8*\x1b\xa6\xe6\
(y\x12\xb5\xcb\xa0U\xbat\x95\xd5U\x96A\x0c+\
\xed\xc0\xb5Y\xc49\x14\xf5\xd3Lzdv\xee\xf1x\
D\x8e%f\xe2\xf1\xb9\xf8\xd2\x0c\x12&#\xa3\xa9\xc7\
\xbfy\xfc\xf8\xf1\x5c<>022\xf0\xf87-\xe3\
3;\x13\x8f\x7fwT\xd6\x0a\x0b\x11\x05IO'\x93\
\x99\xbe\xa0\x82\x05\xca2_\x89\xfc\xa9$8\xcf\x22%\
\xc3\xbf\x16\x93\x9fYS\x1cxn V*R8l\
\xfe\x0c\xc2y\xe6\x9b\x87\xac\x84\x83\x005\xf8\xd2\xa6R\
Y\x0e8\xc8Z\x04\x0f_'+r\x22\x1cE4\xc4\
\xb1\x1e\xc6\x9bCM\xe5\xa0\xd1\x18\xdb\xecN)^\x95\
\xe7_\xb7755\xb1\x10\xd8\x0b`\x8fn\x05\x93\x83\
\xecH(2\x0c\x0d\x138\x10L\x10\xbaQeP\x8e\
\xe2\x00e\x1c\x01K\x08\xcc\xc75\xd7\x9b\x8c#\x142\
(\x07t\xa9 \xe0@/\x8crT\x1b\xe3y\xcb\x8c\
\xf49(\x15|\x1b6\x0a+\x12.\xc8\xa6\x11\xe5\x88\
\x9e\x08\xd1\xed\x06d\xfa\xe7\xca\x8f\xa8j_d\xda\xa6\
Gg\x1f\xcf>\x1e\xd6\x86\x0b\x87S#\xd3\xd3\x8f\xc6\
\xb2\xf4d2\x19x\x95L&\xd3\xf1\xf8bf16\
\xb1\xb88\xba\xabP\x89'\xdb\xda\xd2\xe9\xb6d\xe6N\
P\x16\x19p\xc8\xc2\xb3\x1fY\xf9\xe4q;\x02\x8e\xd7\
5\xc1\xc1\xe20V#\x84\xcd\xd8h\xb9\xcd\xe1\xf0\xda\
\x1d\x0e\x9f\xcf\x08\x7fy\xcd\xc6XJ\x05K<\xf9\x80\
\x83\xef\xa8/*r\xb4Fi\xfak\xc7\xfa\x03\x15\xaf\
Q\xc2A\xac\xd1\xa9\x82!w\x9f\xca\xaa<\x7f\xd4y\
\xae\xa9\xe9\xfa\x8d\xbe\xbb\x83\xfb\xf0j\xa6WHz\xd4\
\x5c\xae\x120\xc3\x1b,\x00\xc6\xf8F\x80R\x0e\x02\x1f\
\xf6~\x15k\x96\xc3\x5c\xcd\x142)G%B\x8d-\
\x80\x1b[8w4\x1c~\x97\x9fA\xa13\xca\x81\x11\
\x03\x8a't\x9a\x8f\xf8\x08\xb4\xca\xafHA\x16O\xf0\
z\xb6+WkIf\xfa\xa7\x07Ff\x07\x06\x8e'\
f\x94O&\xc6\xd3\xd1h&\x13E\xa7}\xac\xab=\
;6\x96mOf3\xe9\x81T|$\x93T\xb5\xd8\
hr\xfc\x8b\xb3O\xb2cmc\x08:\x92\x99\xcf\x82\
\x98\xb9\xc8\xb9D\x83\xe9\x17i\xb9:\x8f*LLG\
3\x8b\xfd\x8a\xe3l0\x9a\x88\xe3\xa4J\xd8\x5c\x9aY\
n\xa68\x0c\xc6aq8\xd0\xeb\xd2\x80%\xfd\xb5L\
\x8a\x83\x00\x87\xb1g<\x8f5\xbaw\xef:\xacT\xca\
^;\xc6\x1ac\xafck\xd4\x9dR\xbcj+\xb2W\
p\xee\xfc.q9\xd6\xaf\xa7u\x15\x8a\x1a\x00\x17%\
\x1eKE\x16\xd0\x02#\x07\xb9\x83\x0d\x0e\x87~\x15h\
u\xf3\x9b\xf3|\x0c\xc5\x124)GmM\xcd\xdba\
\xfc\xc2S\x0en>\xafn\xb4\xd4\x13\xb8\xe0\xd6\xa8\x08\
\xca\xe5\x0c\xd2*\xef\xa9*[\x97\xf2L\xc8!j\x91\
\xfe\xccX:==z3\x0d\xf1\x8c\x9b\x8fGnN\
g\x92s\xf1lG4\xdb6\x8d@\xa3kl\x0c\xc1\
\xc8\xd8\x5c|\xf6fbvzv\xd6\x13\x89\xc7\x93c\
\xbf\xeej\xbf\x8d\x91cl\xec\x8d\x90\x01\x142\x01\x0a\
j\x93\xe6\x90\x10\xa7oL;;\xd2\x16M&\x7fe\
\xb38\x8c\x9a\x0a\xc9q\x18?\x0e.\xfd\xc5\xcd\x19\xb5\
:\x1c\xec\x87\x8d\x08\x87\xad\xa6\x92w\xd0\xb4\xbd\xa6R\
\xb4\x9c5\x8a;\xea\xcb\xb05\xba{\xf7\x99;`\x8d\
>hvC\x1c\xab\xb5\x22\xfb%P\x8e\xcb\x88r\x90\
\xdc9L;g\x05Y\xbf\x87\xa6\x0e\xd94\xf3\x00\xa3\
\x1c\x84q\xf8)\x8a\x04rc\xe7\x01\xecr\xf8\xbd\x96\
(G\x10'\x0e(p\x84\x80pl!\xb0QSa\
7Gq\x06,\x8c\xf3\xe6a\x92\xe7\xa0\xf5\xd8\xc8y\
\x0a \xdaChtk\x7fK\xd3u\xb3\x0fv\xc5\xb8\
!\x87Z\xc7\xa6\xd3\xe9\x81\x81\xd1\x81\xb6\xf4\xf4\xf4t\
<>1\x9a\x99\x9e\x8b\xa7\xa63\x03\xfdc]]\xe8\
\xb9+\x93\x1c\xcb\xa4\xd3\x8bK\x89\xd8\xd2\xec\xcc\x5cK\
p[<\x99\x89\xb6G\xdb\xfa\xdb\xda\x90`\xc9\x8c\xa8\
\x8aH1\x02\xe7F\x8d\xec\x97 \xe4_\xb1b\x02G\
\xf7\xc8\x18\x02\x8e\x1f\x87,\xc3\x8be\x038\xaam\x16\
GmNh\xd4[^nuFiA\xc5\x87!\x1b\
\xfe\x07\x02O\x07\x8e*\xeb\x1f\x149[\xa3\xe8\xd3l\
$\x84\x03\xa7\xbf\xb0R\xb9\x88\xadQ7\xc4\xb1j\xcf\
\xc5\xf6+W\x1a\xfaZ\x07a,\xc7\x86\x17\x88=\xba\
\x91\x0e\x01\x0bx\xe0\xc9SB\x07}\x01\xfd\x080[\
\x94P\x0e\xe2\x90\xda\xb6\xc8\xb2\x8al\xa0\xd4\xe7\xb5\xcf\
\x10\xe4(\x07s80\xe3p\xa0\x1cT\xb2\xe0\x0c\x18\
\xb6F\xc15\xd4\xcf\x9f'%Yc\xbd\x0a\x8e\x8eb\
\xa5\xf2\x0c6\x87vo\xac\x7f4\xdd5:2\x9d\xbe\
}{\xba\x7f` =\xf2\xa8\xa3+5\x8b\x9e\xe6\x06\
\x92\x082\xba\xb2]]\xc9\xe4X6\xf3\xc5Rjf\
)\x12\x8c-\xec,\x94\x1f\xfe\xb6-\xda\xdev\x1b\x01\
\xc7br`\xe9f\xb5b@\x85\xcc\x10\x047\xab\x18\
\x9b\xdcd\xc1au\x02V*\xf2\xc7\x03\xed\xd1\x0c\x0c\
\xff\xe2\x9dQ\xd9\x1c\xe2c\x05\x8ep%\xeb'\xe6\x16\
1\xe5X\xa3,:\xe3\x0b\xac\xc0\x1a\xc5\xa3\xbd\xac\x88\
\x92\xd7\xe2\x08\x04\xd6\xb1\x9a\xca\xeb\xb4\xbf\x0d\x09\x95\xe6\
\x07\xcdn\x88c\x15Wd\xcf]i\xbaD(\xc7v\
\xa0\x1c;h]\x85\x18\x1c\x1e\xf6\x90\x85w=Ry\
\xc2\x9e\xfc\x1e\xa3\xbaR\x02\x04\xc56\xcd\xc7\xef+\xb5\
R\x0e:\x8b\x9b\x00\x078\x1c5\xe1\xb7\xed\x94\x83\x5c\
,\xefV\x9b\xf3\xbd\x010\xc2\xf8\x06\xc2\x1c\x188\xa0\
 +\x7f\xd4\x15\x8d\xce_S\xa0i\x15\x8f\xfb{\x06\
\xd2\xa1\x08\xb7o\x7ft;\x9dAp\xd1\x8f\xcftz\
\xba?\x1a\x9d\x9eY\x5cHd\xb2\xf1Tz\xac\x0bi\
\x95\xccX\xb6m&1\x9b\x9a\xa9+,\x94\x87\xd5\xe1\
\xbaPlz\xbek:\x9dL\xc6[\xc6\x97>\xcd\xf4\
\x05\x05\xd2\xea&p\x1e\xa9\xbc\x12\xb7TRv\x8d\xde\
\xee\xc8f\xfe1\x88\x17Y\x0a6\xa1\x12\xc6E\x15C\
\xaa\xf0\xc5Xk\xf6\xcbA\xa9xA :\x86\xbf<\
Nm*x\xa8\x9bg\x19\xe0\xc0\xc3\xbf\xb0Ryq\
}\xc5\xa62F8\x0a\x1a\x9aONM6\xbb!\x8e\
\xd5[\x91\xbd\xd5\xdet\x05Z\xddz\xeb!>J(\
\x07\xac\x81%C\xa3\xb8\xdc\x97\x87p\x0e(\xac0\xca\
\x81\x90\xc3\xa8\xaep[\x12\xcc\x16\xd9\x007z\x14\x03\
\x87\x8f\x89\x95\xca\xb7kjHI\xe5mpH\xb7P\
\xceA\x90#\xccM\xf5\x81\xc5D\x90\x00\xc3\xe0\xa1\xeb\
\xe7\xd9\xcc/\x08\x8fF\xe7\xbb`\xbd\x0a\xb0\x0d\xfdY\
\x9c\xd1\xd0\x8d\x91'\x9f\xc6\xe7R#\x03\x084\xd0\x0b\
\x12+\x03\x8f\xa2\xf3\xd33\xf1\xe1\x89L&\x95ZL\
\x8e\x8d%\x11@d\xa6\x91J\x89\x8d\x17\x16\x16*7\
\x1f\xa5\x93\xf1\xc5L&\x19\x1f\x19]\x18>u3\x19\
\x8d\x8e\xdd\x0fQ\xa2\xe1(\x87l[ m\xc5\xd8\x91\
\xb1\xf9l\xe6\xe7AQ\xcc-\xa9H\x148t\xda4\
\xcc\xf7\xa9Pg\xd4kL\xfe2\xadQB\xec\x90N\
\x09\x98\xc3\xcd\xd1\x7f\x89\xbf$?p\x90w>\x0d8\
`\x11\x93A8\xf6#\xdc\xd8}\xa2~\xa8\xa1\xe1J\
\xc1\x90\x1b\xe2X\xcd\x15\xd9/\xaf\x9c\xbbr\xf1\xc6`\
/P\x8eW_8\xb2\x83\xb3G=\x148\xcc\xa1\xc4\
V\xcaa\xde\xf3x\xb8\xf5\xd3\x9c?\xcaB`dj\
q\x10\xfd\xaa\x87HE\xb6\xb6\x86\x1e(\xa9@\x9a\xc3\
X\xcf\x1e\xe6zBI=\x16\x03G\xb5\xc4J\xb1\xc4\
\xedP\xdej\x03\xad\x82\xa7\xf9\xe4N\x18^\xf6\xf1^\
{\xff\xf6\xe8\xc2\xcc\x5cr`d`\xe0\xd1\x08\x9c\x81\
\x81\x89\x89\xe9\xe4\xe2ljdn\xee\xc9\xf0L*\x9d\
\xedJ\x22j\x91\x19\x98\x9d\x95g\x17\x0a\x0bc\xa98\
\x120\x8b#\x0f\xdf\x1d\x8e)\xc2\xa9\x8f3\xf0\xa5\xa3\
?\x0c+\x06j\xc8\xcb\xd3\x0c\xc9^\x8c\x9dn\x8ff\
3\xaf+\xba\xc0\x0b\x15\xd9\xd85\xcd\x95U\xf8\x10\x07\
\xbf.6\x18\xb2E\xbfJi\x83\x9b\x7fE\xfdm9\
\xfd\xf4\xc5\xf9\x95\x0a\xa9\xc5n\x81}*\x07\x0f\x1a\xd6\
hA\x83\x1b\xe2X\xd5\x15\xd9\x0b\x98r\xe0\xe1\xa3\x1b\
\xf6l\x81\xf4(\x02\x8e\x92\x92\x80\xc98<\xe6L\x8e\
@I\x95\x89\x1c\xf0\x8e*\x22Z\xfct\x17\xa4e\x9e\
\x0f\xab\xab\x18b%D\x0f\x11*\x8cs`\xaf\x83S\
+\xdc\xf8\x1aP\xfbRX\x97\x98\xc9\x11\xd6#\xb4\xdf\
M\x96\x1fe;\xa2\xf3\x97B\x82.>c-64\
\x18\xbd=3\x92L\x8e.<y\xb2\xb0\xb0\xd0\xd2\x12\
\x1bOM,--\xe1A\x1c3\x10\x1dMg\xb2\x99\
l{&3\x91\xba\xbff\xeeg\x85\xc3\xa9\xb9\xd9\x89\
\x85\x16_\xa1g861\x82\xfe\x106B!\xbeS\
\x10|*HY`\x83\xf1\x22U\x18MvD\xb3\x1f\
\x22\x9des8\xc2\xd0\xbb\x0b$\x8bR\x0d\xd2\xb2\x92\
\xd3\x18\xeb5\xf8F\x88\xef\x89\xa5\x1dn\xdc\xe4/\xe6\
P\xadd\xd6h\x1e\xe0\xd8K\xadQX\x8b\xf0\xfa\xa1\
\xc6\x830\xdd\xfcRC\xf3\x95\x82\xa9!\xd7\x1a]\xe5\
\x15\xd9+\x06\xe5\xd8S\xb6\x05S\x0e:\xe0\x96\x9f\xe0\
\xc3Z\xd98\xc6Q\xcc\x19 \x1e\x8eq\xf0\xf3|\xbc\
\x9c=\x1a\xc4\xa8\xe1\xe5\x09\x07e\x1b5\x5c\xab\x9b\xd5\
\x1e\xd5\xb1V\xc1\xeb\x1d\xb1;\x0a\xa1\x0d\xbc\xb2H\xbb\
\x0c;d\x7f(\xa8tX\xb1\xb0R\xf4P\xe5\xdb\xd9\
\xb6t\xf2\xd1Blxx8\xd6\x12\x8b%\x123\xa9\
\xdf\xcc \xe0\x98M\xa5\xa0Oe:\x9bL\xa6\xa7\xd1\
g_\x9c\x8dO\xf8g\x17\x9e?\xd5R\xfb<\xd2+\
\xfe\xc4\xecb2\x93\x9d\x8f\xb6G;:\x10t\xcc\xbf\
\xa3<\x0b\xcf0\xbfCe\x1bR*\xd1\xcc\xaf\x82\xa2\
1\xed\x14w\xbb\xd0f>\x9e~YF\xf8\x94[j\
\xb1T\xa8\x04\x83\x00\x1cA\x1a\x1be\xa9\xd1\xa7\x87F\
sj\xb1y\x80#\x10\xd8\x0bm*x\x84\x0f\x10\x8e\
7\x1a\xcf\x5cmnnB\x84\xc3\xb5FWwE\xb6\
\xf3\xdc\x95\x93\x0d\x97\x81r`\x97\x83R\x0e\x10+\x06\
n\x14qQ\x0e\x16\x1a\xa5\xb8\x01F\x07\xdd\x9c\x90\x0b\
\x1c>~QB\x90\x02\x07%\x1co\xe3\xfc\x17A\x0e\
\xc28\xbeg+\xac\x18\xbd\xa1\xd0\xe4\x86G\x9cC~\
T$\x9b\xa6u\xed~\x1bz\xd4\xcf\xe2\xf5*\xd2\xb3\
\xc48\x94\xba\x01t\xf9\xdf\xbe91\xf2\xe8Q\xff\xc8\
\xe8\xb0G\x1b\xde\xb6\xb3\xeexb\x09\x06\xf8 \xea\x11\
\x8f~\x7ffq!8\x1b_<[\x97\x8a\xcf\xce\x80\
\xc7\x01\xe7\xf8o\xe6\x16G\x9e\xe0\x8cX\x07>\xf3\x17\
\xdeU\x9cpB\xce\xc5\x0b\xd1\x12{\xd7>\x89w\xcd\
g3?\xd6t\x89\xee\x82\xb3\xacF\x083\x87C'\
?\x8f\x1a\xcd(\xa9pK\x98\x82\xc6bz\x9f\x85r\
\xf8W\xd2\x16\xbbR\xe0\xc0J\x056M\xef8\xb0\x05\
\x08\xc7\xc1\xfd\x8do\xec\xbbw\xb1\x09j\xb1\xae5\xba\
\xcaOA\xfb\x95s')\xe5\xd8\xb0\xa7\x8cs9<\
\x9cV)\xc1\xf3z\xb0\xab\x11\xb0 \x07\x07\x1c\x0e\x13\
\x04\x03>\xaf\x8fy\x1c&p \xc2A\x9e\x99X\xe1\
\xcf\xbb4y\xaeCMR\xe7\x81C\x04\xe0\xa0\xbdn\
\x12\x84G\xd1\xa3\xfe\xafpAVx\x06\xb1\xa2\xec\x1c\
I\xa6\xe3\x10\xdfHC\x85\xe4\xc9\xcem1AQ\x8e\
#\xda1\xf3\xd3\x9b7\x7f\x9a\x18\x1dY\x9a\xcd\xde\x0d\
E\x22\x89\xe7N-\xcd\xcd\x1d/\x0cm[ZR\x0b\
\x0b\x87g&\x16\xfc\xc3\x99\xf9\x0e\x02\x1c\xf3\xf3\xf3\x17\
^\xd5V\xea\x87Z,\x0eu\x22\xde\xde\x91m\x0b\xab\
:\xdb\xe0@Z\xf1\x11d\x08\xb4\xae\xa2\xe3i\xc5\x04\
8\x8c\xc9\xce\xfc\xf2\xb6\x10_O\x09\xd2\x04\x07^\xf6\
m\x07\x0eO~\xe0(~:p\x04\x08p\xac?R\
q\xec\xd8\xeb\xfb\xf7\xef\x07k\x14j\xb1w\x9a]k\
t\x95\x9fo}\x89)\xc7e\x92\xe5XK\xba\xebK\
\xf7\x1a\xc0\x11\xa0\xf6(\xc5\x10\xa3Q%`o}\xc3\
\x1fk\xab\xc8z}\x1cn\xf8\x82\xd4\x1a\xad4\xa4\x0a\
\x03\x8e\x1a\xd2\xe8\x06\xbdn\xd5\xac\xb8\x82\x93\xa3d\x1e\
G\x98\x86F\xcd>7IV~\x07\x8f\xfe\x9d\xaa\xfc\
\x8cys\xf5\xfc\x04\x9e\xd4\x03\xae\xe8\xdc\xc0\xc0\x5c*\
\xc5f\x05\x8e>\xe9n\x19\x19\xf1\x0f\xcf\xc5\x93\x8b3\
\xe7C\x88\x84\xa4R\xa7\x0a7\x8f/--i\x85\x85\
\xda\xf1\xe1\xc4h\x12lQ\x80\x0e$W\xe6\xdf\x09\xab\
\xf9\xf2\xa1R~\x04\x91\x94\xba\xd9t\x07lb\x12$\
\xb6\xaa\x92\x8e=\xc6k\xea\x81pH:C\x0dg\xa5\
b\x03\x0e\x9f\xc98J\xed\xa1\xd1\x12\x8f\xf3l\xc0\x95\
9\x1c,5z\xe4\xdfl\x82!\xc5\x87\x80p\xf4\x00\
\xe1\x98t\xad\xd1U\x7fz\x80r\x5c\xba\xd1\xd7;x\
\xb6\xb1\x11\xbb\x1c[\xd71\xc6\xc1\xd7U\x8c\xa9\x1c\x84\
oX\x1d\x10\x8fe\x19d\xc0\xb48\xcc,G0\xe8\
c\xc1\xd1J\x83ol\xb1s\x8eMF\xb3\x9bNb\
P\xba\xa8C\x86\x03O\xf0\xc1\xd6!19t\xeda\
\x12:K\xb6k\xfa\xb3!\x87\xac. \xa4\x18\x88#\
\xc4\x18I\x0d\xa4\x81z$3c\xd9l\xf2\xe3O\x9e\
<\x99\x9d{R8\x0c\x139fgff\x7f\x93\x9a\
\x9bE\x1a\xa5V\xd5\x94\xc2\xe7\x9f\xf7-\xcd-f\x88\
NA\xd0\xd1\x95MO\xff\xcf\xd0\xb2_\x87\x8e\xf01\
\x07\x0cQ\x0cQZ\x1e\x8f\xcdG\xb3\xbf\x0c\xea,\xfc\
\x81\xd7<Q\xdc\x00/\x18\xb2\xa3\x12\xb3Gk\xcbs\
\x06\x06\x96\x9bM*|d\xd4j\x8dZ0\xfd+\x02\
G\x11(\x95\xad/\x01\xe1x\x13\x08\xc7!XQ\xdf\
\xdc\xd0\xd0\xfc\xa0\xf9\xbak\x8d\xba\x94\xe3\xdc\xb9\xd3W\
ZoP\xca\xb1e\xfd\x0e\xcc8\xf0\x1e\x1f\x03\x1b<\
f'\x9bQ\x82\xb5z\xa7|\x8b\xace\xf8(#\x1d\
\x188\x82f\xfe\xab\xd6\xf4Gys\x94\xd4 )r\
\xb0\xad*a]\xa4\x0b\xa6EZ\x92\x85U\x90Fx\
\x94\xd4+V\x06\x1f\xa2*\x8e\xc4S\xf1t|nn\
.\xbe\x98\x84\xa5HY\xf4\x89\xb2\xfd7\xe7\xe6&&\
&b\xe7\xd5\xba\xe1:E\x93\xb6\xc5Zffg\xc6\
\xeb\x0a\xd9\xd1f\xe1\xa3\xb1\xbd\x11\xcd\xce'g\xc6\xdf\
UV\x0eX\xe6\xf01A\xfbd\xba}>\xdb\xf5\xa7\
\x9ah`\x09\xde\x12\x19\xa6\xc0\xc1B\xe7a\x1a\xfe*\
\xb7\xf3\x0d\xeb\x9ai*T\x08p\x94ZB\xa3O\x9f\
\xfc\xe5y\xaa5\x8ak*/\x1f\x81\xf0\xd7\xfeC\xfb\
\x1bw\x9f)\x00\xc2Q\xd0\xf4\xbf\xb9\x17\xcej?\xdf\
\xbe\xd8\x8e\x90\xe3zwko\x0f\x8d\x8fn]\xb7q\
/_\x8e\xf5x\x02\x1e\x1e'Lk\xd4\xf2\xfb\xe9\xe0\
r\xf8ha\x05\xfd\x82\x07\xd1\x81b\x00\xc1\x0e\xd3\xe3\
\xe0`\xa3\xdaRM\xc0\xcd\xb1P\x91\xa5\xabU(t\
\xe0\x01\xa3:,C\xf9u6\xda\x1e\xfd\x1bM\x80\xd5\
*\xcf\xd0\xa9\x22(\x87\xc7S\xf1\xc5\xe9\xd4\xcclj\
n1\x99I\xa6\xd3\x8b\xe9\xc5\xf8\x5c<U\xb3\xc6W\
8>\x93\x98\x89\x8fL\x9c\x92\x87c\x87\x87\xe5D<\
53\xb3\x14I$\xd4\xe7\x0a\x0b\x8f'\xeeO\x03\xc6\
t\xcc\xa7S\x99\x91\xd8aee_\xce6\xc5P\x95\
G\x93\x88\xb2\xbc\xa7\xc9\x82l4\xe7\x19|C\x22!\
YC\xb0!\xc2A\xe2\xe6\x9c3\xca\xb7\xd3\xa3\x1f*\
\xa7T\xfc\x01\xbb\xc3\x11pt9\x18pxV\xe4p\
\xbc\xf4\xe2\x01\x93p\x9cinB\x84ch\xc8\xb5F\
\xdd\xf3\xfb\x88r\x9c<\xd7\x87(\xc7\xd5\xb3F\x96c\
\xa3\x058x~\x11\x08\xf0i\xd1\x1c\xe4\xb0\xba\x1c\xb4\
e\xc5K\x90\x83F9\xca-Q\x0e|X\x8e\xe3{\
\xc4\xe6\xa0\x8c\x03?\xf0r\xc0AZa\xa9\xcd\xa1}\
\x96m\x8fF\xbb\x22\x8a\x0e\x9b\xd1pIVZ\x11\xeb\
\x10\x15\xa5et\xe4\xd1\xe8\xc4\xec\xc8\x00\xba\x9dx\xf2\
\xe4\xd1\xc8\xf1\xe33\x13\x85\xf2\xc2\xbb\x9a\xef\xf8o\x00\
N\x16\x86\x07\x16g\x0a\x0b\xc7\xe7F\xe2\x8b\x8b\xf1x\
*5q|&\xb5P7120\x9dN\xb6\xf5\x8f\
N\xb4H\xaa3\x5cI\xce\x83\xc7\xf0\xf7\x06\xc0\xa0l\
\x1bIvD\xe7\xff\xde'\xc2\xfcb]b\x93\xd8\xc3\
\x12\xce\x91R\xdc\xa0\xe6(\xefpT\xb2\xf5\x12\x86\xc3\
\x11\xe2\x81\xc3_\x9a+T\x02\x8eB\xa5\xa4j\xe5\x16\
\xc7\xdeu\xeb^\x02\xc2\xf1\xda1D8`\x82O\xc1\
\x15L8\x0a\xdc\xcb\xc6=\xdf\xee\x05\xca\xd1y\xa3\xf5\
\xee\xe0\xbd\xc6\xed\x1b\xca\xd6\xef\xd8A\xea*\x1c\xcf\xb0\
P\x8e@\xa08`\x01\x0eS\xad\xd8&\x81\xb1\x14\x18\
\xf6\xfe\xe1\x84B\x5ci\x85\xba\x1c\x06\xe5\xa8\xb6\x86\xce\
1\x5cT\x87\xb9\xa5\xf4@6D\xd6]\xafl\x87\xc9\
;\xd13!\xb6wzez\x01_\xa6\x8a\x22\x8b\xe7\
\xcf#\x0c\x12`\xdbcp\xd7\xedO'\x86\xb5\x89\xc5\
\xe4\x86\xd8\xc4@&3\x9a\x98\x19\x99N\xce\xdd,|\
~|\xe2Q2\x93\xc9,\xc6\x93\xd3\x89\xc5l\xa6E\
\x15\xeav\x9e=\xbb\xeb\xf0\x0b\xf0\x09Da\xe5_\xd2\
\xdc'\xa7\xb5\x0ct!\xe0\xf8\x8b\x10\xe0\x88 \xda\x97\
^\x87\xe9\xacbZU\xa9\xcd\x1f\xe1\x00\xe1\xe75p\
\xc3\x118V\xbcg:_-\xb6\x04f\x8d\xae\x7fy\
\x0b\x8c\x0c<D\x09Gs\xf3\xd5)\xb7\xa1\xde=\xff\
\x0bL\x02;w\xe1\xf4\xc9\xbb0\xf0\x1c(\x07\x14V\
\x08pX\xe0\x82?~\x8fu\xc7\x9b\x87+\xacX\x81\
\xc3\x17\xe0\x18\x07\x15+\x0c9\xde\xb6\xd5V\x8c\xb8u\
5M\x82\xe9\xac\xacBw\xd5\xe3q_\x22\x9dl.\
\x0bw3\x88s\xf4\x84p(]\x84A?+n\xb0\
\x17eY%\x076\x9e(\xe2\xf7\xa3\x99\x8fn&\xb3\
\xd1};owuE\xa3\xfd?\x9d\x1dy\xfcx\xa4\
%\xb6\xf0\xc5mhx[Lf\xbf\xdf\x92\x8c^x\
AS\xf1rYU\x95L\x11\x22-[\x85\x95\xcc\xf5\
\x0c\xa4~\xa2<I#\xa5r\xe15\x85\x0b\x93\xdaw\
@\x1a?\x80\x1aE+\xe7W\xd3\xb3vzc'B\
\x90\x95b1hX\x80\xa3d\xe5\xc0\x91\xdf\xe2\xa0\xb5\
\xd8\xb2\xb5\x87\x0e\xbd~\x908\x1cM\x93\x05\x0dn-\
\xd6=@9nE/\x9c\xech\xb8q\xf9\xee\xdd{\
$\x05\xb6\x15\xd2\xa3%y)\x875\x87\xce\xd5V\x1c\
\x1aV\xa0\xd5\x8dx\xff\x00\x1c>\x8esT\x9a.\x07\
kWa\x17L\xb5\x01\x1c\x06r\x10\xc0\x10\x09z`\
\xdd\xa2\x5c\x86\xea\xe8{\xaaJ\x07\x08\x8aX\xb0\x88\x82\
\xf4,\xde\x03|\xb8*\xdeB\xdaa\x01A\xc6?D\
\xfa\xbb\xba\xda\xe7\xdb/_~\xf2\xa4\xfb~\xcb'\x0f\
[\xdb\x10p \xce\x11}oa,z\xe1g\xaa\x94\
\xfb\xf9\xe9:\x15\x91\x8c3\xe5\xb2h\xf0>\xf3\x83I\
\xed\x15}\xad\x89dG\xc7\xfc\xdf\x91\x8a\x0c\x99\x05@\
\xa6\x8d\xb0\xf4\x17\x8e\x8e\x92f7H\x9b\xf3\xae(\x08\
\x15\xdc\xa4\x82#\xb8\xe4\x07jN\xe1\xf0\x99\xceh\x80\
\x13*\xcb\x95T<OQ*\x98p\x1c\xa0\x84\xe3 \
\x22\x1c\xd7\x9a\x9a\x1b\x0a\x86\x1a\x5ck\xd4=\x84r\x5c\
8y\xfa4\xa5\x1c\xdb_-;\xf0\x0a\xa9\xc8ru\
\x95\xbc\xe4\x83q\x10>{n\xf5GY\xcb\x0aC\x0e\
\x5c\x94\x85'\x0e9\xc25\x9cZ\x093\xe40\x81\x83\
\xe9\x13Q7p\x03\x0a\xb2\x99l\xb6\xbdQc\xb8A\
\xa1C\xca+\x1a$G\x00\x11U\xe1\xd6\xfc\xfcPK\
{4\xfas\xe1nW{t\xfe\x9d\xa3G\xcf\xbe\xbf\
k\xe7\xd9\x96n\x04\x1c\xd1vPD\xefuwE/\
\x1cR\xed\x19U\x89.\xbc\xc6\xbb&m\xbd\xfd\xa2m\
=\x03|c\xa2r*5\x86\x94\xca/\x82\xa2\xc98\
L\xb6\xa1\x93\x18\x07#_5J\xb9\xed0\xa1\x02\x13\
\x18\x83\x9c3\x8a\x91#'m\xeeh\x8d\xc2\xc0\xc0\x95\
\x14U\xd0_/\x05\xc2q\xe0H\xc5k\xc7\x0e\x01n\
\xec\xbeWp\xa5\xb9ij\xd2\xad\xc5\xba\x87Q\x0e\x84\
\x1c\x1dM\xad\x97\x07\xef\x9ei\xc4\xfe(\xa1\x1c\xbc?\
\xea\xc1\xa1\xf2e\xf0\xc3y\x01u\x00H\x07+\xcb2\
\xcaA\xdb\xdd\xcay\x8b\xd4\xd2\xadB^\xe9a\xdd\x14\
*\xe8\x1ac\xfe\xa8\x84\xd7\xb7\xe9\xea\xf9\xfe$\xba\xa4\
qA\xd6z\xd8\xe3\xbe(\xf0\xebV\xb8\x95M\xa2\xe5\
\xf2F\xc0\x11\x9d\x1f:\xda\x15\xed\xf8%\x02\x0e\xc48\
\xde9\x8b\x0e\x02\x0f\x04\x1c\xdf\xef\x8av\xb5\xb7\xb7\xcf\
\xbf\xd7\xdd\x8e\x81\xc3X\x0agr\x0d\xcb\xae8\x12c\
%\xe0\xc5\xcd\x1d\xa5A/QRZ\xe20g\xf9?\
i\xe4\xfbB\x94\x83\xe3\x1b&\xe3 \x82\xadV\xb3\xc1\
\x06\xd8\xcaF\x8b\x8a\xe9o\xa0\x1f1\x22\x1c\x189\x02\
+Z\x8a\xb0Bo\xb4t\xe3\xd6\x97^\x84\xe1\xe6{\
\xf6\xef9t\xf0\xe0\x89zp8\x1e\x0c5\xbb\x84\xc3\
=\x94rt\x9d;w\xf2t\xef\x8d\xd6\xbb}g\x89\
?\xbau]i\xc0\x8a\x1b\xbc4\xf1\xfbs\x18\x87?\
\x9fX\xe1r\x8d\xcc\xe6\xa0\x94\xc3,\xae\x84k\xb8\xe6\
z\xb3\xa5\xde\x5c\x01\x89\xb9\x86\x04\x90!\xe1\xb2\x0a\x9e\
m\xae\x0c\x22\xe0\xc8\xdeRd\x1a\xf10\x8f\xd1\xbd\x22\
:\xedib=q\x12\xbd\xcee\xb97:\xffg\xc3\
c\xd1\xe8/\xc5^\x00\x8e\x0f\xee\x1fE\xb8\x81\x81\xe3\
\x87\xed\xed\x88\x83 \x12\xd2\xdd>\xff\x83=\xaa\xa9F\
\xb0\x0c1\xbe\x8a\x05\xa3D\xd1:\xab\xd8\x18\xb6!\x88\
\xb2:\x91\x8ev\xcc\xff\xa0F\xa5\x1f,\xe5\xf8\x1b\x98\
r\x90\xd0\xa8V^ic\x1c\xf8gG@\x83\x13*\
\xf0\xe4\xf7\xf3\xc0\xe1/\xb1\x0c0\xcf\x81\x0d~\x9dV\
\xfe>\x15 \x1c/\xbf\x5cQ\x06\x84c\xffAL8\
\x1a&\x0b\x86\xae\xbb\xc3\xcd\xdd\xc3\x17V0\xe5\xa8o\
l\xdc\xbe\xa7\x82\xb5\xba\xf1\xa5\x14\x0bL\xf8m\xb0\xe1\
\xf7\xfb=Nb\xc5\x87\x9f)z\x04\x01;\xb0B7\
\xac\x8e\xcaZ\xbb?j\xeeM%%\x15\x18\x1d(1\
\xb5\x02=n\x86\x5c\xd1>o\xeb\xcaf\xbb\xdeWD\
\xa2ax\xca!0\xe1\x22\xe4\xae\xb2\xe7\xdf)b\xa7\
\xf4.\x02\x8emc\xed\xed\xbf\x14\xef\xbe\xc3\x80c\xdb\
\xb6\xa3\x98qt\x19\xc0\xf1\xc1\x1e\xc68D\xe3\xd3c\
S\x05\xbf\xcd\xb6\xd3\x92O*1\xf9\x82\xa9\x0eE2\
QTw\x8d\x8c\xc1.)\xda\x91\xaf\x8b\xf6]Ld\
o,\xf9\x11\xd4\x94\xe7\x00G\x90\xfd\xe4p!6h\
\x1a\x1c\x147Jil/\xdf\xb6X+\xdf\xa8\x22\x03\
U\xf2\x01\xc7\xc6u\xeb^Z\x7f\xe0\x08\xa4\xcd\x0f1\
\xc21tu\xaa\xf9\x81{\xc1\xb8\x87Q\x8e\xb1&D\
9\xaew\xe3\x92l\xe3\x86\xb5\x07v\xb0\xdcy\x1e{\
\xd4\x0e\x1c\xf8=\xe4\xc3\xfd%\xb6^7\x9f\xcfo\x8c\
\x8b0\xfdQls\x94\xb3\xbal\xd8\x12\x04#\x1e\x07\
\x0e_3\xc6\xc1\x9c\x0d\xb0G\xc9\xae\x04]\xd9\xde?\
\x86\xb4J}\xc8N8\x04\x8bh\xb1c\x07\xe6\x0c\x92\
e\xa9\x01\x02\x8e\xbf\xdb\xf6\xc3\xf6\xe8/\xe5\xbb\x8cq\
l\xdbI\x81\xa3\xbd=J\x81\xe3\xc2\xcfT\xe2r\x12\
\xb2a\x00\x94\x81R\x8c?X\xf5\x10\x14b\xd9\xf7D\
\x8b\xb1\x7f\x1b$\xc3\x87\xf4\xdc-n\xe0\x8cV\x87Y\
h\xd4\xeeq\x84XE;\xc8;\xa3T\xa8\xc013\
\xa3\x96\xb9\x80\xb6\xaeX\x83lx\x96)\xc6\xee\xddH\
\xb6\xa9\xbc\x09\x19\x8eC\xfbw\xdf\xeb\xb9\x82\x84\xcad\
\xf3\xb5?t\xaf\x17\xf70\xcaq\xf7\xcb\x86\x0fN_\
\x01\xcaq\xf5lc\xe3\xab\x15\xeb\xb7\xae\xb3f\xc0\x9e\
n\x8f\xfaM8\xb15\xc9\xe2I\x98\x86?\x1a\x0c\x86\
\xbcfm%\x84\xe7\x9do\xb1\x95d\x09p`\xb7\xc3\
\xf4F\x05Q$\x85Wls\x88\xba,\x7f:\x96\xed\
\x8a^\xd2\x04\xbb\xc9a;\x92\xd5\xb6\x94\xb8k\x1f\xee\
\xc9\x02\x02\x8e\xe6S\x9d\xed\xd1\xbf\x95{\xc1\x1c\xfd\xe0\
\xfe\xb6\xb3G\x19pDM\xe0xU5\xbd\x0d\x1e\x97\
L_\x85y\xa5&pH\x10O\x13\x18\xc4\xc0\xf0\xaf\
\x8e\x8e\xe8\x9fjv[\x94[\x1a\xcb\xd0S\xb1\x1b\x1c\
\xe58;\x17\xc2\xe3{r\x9dQ\x82\x1b,\xc2\xc1<\
\xa7e\xda\xe9\x8b\xe9n\x8b\xbc\x0e\xc7\xba\xad8\xfcu\
\xecu\xacT0\xe1\x98z0\xd4\xec\x86\xbf\xdcc\x9e\
?\xeclhh:y\xedF\xeb`\xcf=\x10+[\
H\xf0|\xb9,\x87\xdf.Vx]Sj\x1d\xe8\xe3\
\xf7\x97\x9a\x95\x15/\x99\xe7C|\x8eJZ\x8f\xb5\xb8\
\x1c&\xeb \xd1Q\xb2S\x05\xc8\x86\x0e|\x03\xaf`\
\xd2\xf1*\xc8\xf6\xae\xec;\x82\xaa\xe7G\x0e\x0b\xdb\x10\
\xf9\x15\xb3\x940H\x82\x0a\x8c\xa3y\xdb\xf7\xa3\xd1\xbf\
\x150p\x9cc\xc0\xf1\xb0\xf5\xfb\xed0\xb8':\xff\
\x83\xee\x0b\x84qX\x19M\x9e\xafi\x10\x0fjm\xe0\
*\xb2\x08\xdb\xaeG\xa1\x18\xfb\x03\xb0er\x81\x03;\
\x1c\xd5\xb4\xa8\x02\x84\xc3N7\xe0\xd9K\xf8\x06\x1f\xfd\
\xc2\x07\xbf*5\x9c\xd1\xc0r\xed\xf4\xd6\xfd\xbf\xce\xc0\
A2\x1c\x07\x0e|\xe7\x05\x10*\x1b\x10\xe1\xb8x\x05\
\x84\xca\xd057\xfc\xe5\x1e\x8er\xb4vvv6\x5c\
\xe9\xb91x\xb7o7\x12+e\x07\xa0\xd7\xcd\x02\x1c\
\x81\xe5\xdcQ\x9eoXr\xe7\x01?1\xee,\x94\x83\
5\xd8\xd3\x04\xe9\x16\xfcTa\xedt3\xa7|S\xe4\
\x10q_=\x85\x0e \x1d\xbar\xbf\xad+\xdb\xd5\xbe\
\x8f\xacWqD\x0f\x81\xd3\x14\x02\xff\x1e\x11'\xb2p\
\x01\x04K\x95?\xdf\x860\xe2\x97\xa4\x1cK\x18\xc7N\
\x1e8>@\xc0q\xf2g\xaa`\xf9\x0cB^\xb0\x22\
\x93\xbd\x8cb\x0a;\xea\xaeG]\x088\xfe>\x08}\
y\xf8\x03l\xe1/VU!k\x1f\xad\xd1/\xf8y\
\x05\xcbC^R\x88\xf5\x06\xbdF\xf6\xcb\x10*\xa5\xb6\
\x86\xe6\x1c\xe0\xa8*)as8\xd8X\x95|B\xa5\
t\xe3\xba\x97\xd6#\xc2\xb1v\xcf\xa1=\x8764\xde\
\xbb\xda\xd0\xd4<\x89\x08\x87\x1b\xfer\x0f\x7f~\xefn\
g\xe7\xb5\xa6\xce\xcb\xad\xd8\x1fm\xdc\xb3i=)\xac\
\x94\xac\x80n\xe4X\xa6f{=\x86\x0f\x90*\x964\
G\x90\x95d\xa1\xac\xf2\xb6\x99\x01\xa3\xa4\xc3 \x1b\xb0\
5\x96\xec\xac7\x06rHT\xaa\xc0\xfb\xd4\xf3\xbd]\
\xd1L\xf4W!\x1a&\x15Wxp\x19\x14x\x01\x11\
\x11\xb2\x8a\x81\xa33\x1a\xfd\x9f\x22\x05\x8e\xa3G\xb7\x01\
pts\x8c\x03<\x0e\xd9j\xa3\x08\x86\x0dK\x8en\
I\xae\x9a\x8a\xc68ZK\x1a)\x95\xf9\xff/\x04\xdb\
`r\x96\xb8\x85%\x1a\xfe\x22\x83\xbf\x08lT\xf2\x15\
\x95 \x0er\xe0\xae\x1f\xd6P_\xea\xf3s'@\xf7\
fY\x08G1\xef\x8c\x16\x17\x9b\xcb;1\xe5X\xd6\
\xe1x\xb9\xe2\xd8\x9eC\xaf\xef\xd9\x7fp\xdf\xbd\xeb'\
\x9b\x87\x1eL\x0d\xb9is\xf7X)Gwo\xe7\xad\
\xce\xa6\xbb\xb0J\x96\x8a\x95u\xcb\x04\xcf1F\xf8\xf3\
p\x8e\x80\xc99\x02f\xc7J)\x0f\x1ct\x1e\x18.\
\xc7\xbe\x8d9G\xd8jr\xb0V72=P2\xc8\
\x86DK\xb2\xb8 \xab\xde\xf92\xda\x95\xedTdQ\
\xd7\xad\xfeh\x9ec\xad\xbd\xd0\xd7\xb2\xda\xcb\x80CF\
\xc0\x81\x10\xe2\xfe\xb6\xa3H\xaa\x9c\xb5H\x15l\x8e\x9a\
N\xabiq\x18\x9f\x8c\x19\x1e\x82\xe8\xccH\x04A\x85\
\xbcy\xc7\xe9\xbfVt\xbbL\x91\xc9\x06\x08\xfcd\xec\
\x99\x06\xd80\xa2\x1c\x88l\xa0\x17\x04\x1d\x98l0\xe0\
\xf0c\xbea\x80\x07\xb3F\xfd\xcb\xcd\x9d\xcb;R\x00\
\x00 \x00IDAT\xfd\xc2xA&\xb9\xe5oS\
\xc1\x84c\xfd\x912$T^?\xb4\xff\x8d{w\xae\
4\x0dMN\xba\x84\xc3=9.Gk\xef\xad[W\
\x1an\x5c\x1d\x84\xfc(\x12+\xeb_\xa2\xed\xf5\x9e|\
\xec\xc2\xc2;\xd0{J\x8c_]~\xa2\x0f\xcb\x18\x04\
y\xe4\xf0\x1a\xa9\xf3\xb7\x09\xe7\xc0\xd8\xb1\x85\x8c;\xa7\
\xc0A2\x1dH\xa5T\xb3\xd9_\x188$R\x94\x85\
\xc2\x8a\xf2\xf9X{{\xa6\xebU\x856\xcf\x8a+g\
\x1d\x1c\x92P\xa9B\x81\xa3\xab\xbd\xa3\x1d\xa4\xca6\xea\
q\xb4\x83\x9b9\x7f\x0e\x01\xc7\xc9\xfd\xaa\xb5\xdckB\
\x03qE\x09\x97\xc9\x7fd\x01Z\xea\xe7\xff\x5c\x93s\
|Q2\xe4\xdc\x18n\xce\xdab5\x9b\xc9\x81\x90\x03\
S\x0ec\xd0\xa8\xdf_\xca\x13\x0eK\x90\xd7\x118\x8c\
\xc1\x8f\x01\xcfr\xc0QJ\xbaT6\x1dC\xb8\xb1\xe7\
\x10\x10\x8e+\xcd\x93\x05CCC\xbf\xe7^)\xee\xb1\
\x9e3\xad\x83\xbd\x0d'\xafw\xdf\xe9\xe9\xad\x87a`\
\x88r\xe0\xcaJI\x1e\x97\xc3o\x8fsp\xef\xe1\x80\
#@\xbc;\x9f1\xba\x98@\x07d9*kkY\
\xab\xdb\x16<\xb5\xd8\x5c]O\x0cR\x9d\xb4\x98\x13\xca\
A\xe6pH\xcc\xe0\x90p\x87\xec\x87\xed\xd1L\xf63\
\x1a\x1e]\x91Z\xd1s\x98\x87L\xccQ\x0c\x1c\xbd\x88\
qt\xb4?\xdcvv\xdb6\xe2qt\xe1\xa9\xe6\x08\
8.\xcc\x9f\xfe'U\xa4\x1b\xaesh\x8b\xc0\x94\x8b\
\xf1\xa6\x9dq@\xde|[?X\x1c\xbf\x08\xe6\xe2\x06\
\x08\x14\x99\x9b\x84V\xabi\xe5\xd6\xbeX\x84\xb3\x08n\
\xbd\xe5\x10\xff2v\xd3\xd3\x92\x0ae\x1c\xf4?\xc8\x91\
o\xd8\x18\x075F\xf3\x13\x0e\x5cR\xf9\x0ed\xbf^\
\x87Rl\xc1\x95\xe6\xa1\x82\xa9\xa9\xa1I7m\xee\x1e\
\xdb\xf9V\xeb\x8d\xd6\xce\x93\xe7\x06\xeb\xfbzqe%\
7\xcc\x11X\x9esX\xd4\x8a\xc98\x8c\xdfk\x1a=\
\xf7\x92\x14X0X^\x0b\xc0\x01\xd0A\xc4JM\x05\
\x02\x8f\x0a\x22X\xaa\xcdVYL>H'\x07\xd6)\
\xd0]O\x8d\x0eY\xbe\xd4\x8e\xb4\xca?\x86X\xdf\xec\
W: U:\xde;\x8a\x80\xe3\x17`\x8e\x12\xe08\
\x8a\x81\xe32\x02\x8e\x0b\x048\xda\xe7;~\xacXY\
\x86\x98O\x93\x88<|\x98=\xbb\xda\xc36\xb08\xfe\
\xbbf\xe6\xbeD\xc3\xe0\x08\xf3\xe5X:\xf8\xcb\x92\xfd\
\xc2e(ZO1G\x8d\xfa|\x1c\xe5\xa0\xeb~\xfd\
y\xc6\xf7\x14\xf1\xa6h^\xe0(1\x09\xc7\x9b\x087\
\xf6\x1c\xda\x7fp_}\xf3\xff\xd5<954t\xcd\
\x1d5\xea\x9e\x5c\xcaq\xe3\xde\xdd\x0fNw\xde\xb8\x81\
\xc4J#\x16+\xc4\x1f\xcd\x1b\x02\xcbE\x0e\xe3\x1d\x1c\
p\x04J\xa9\x0e/\xe5\xedQ\xaf\x17\xe3Fm\xed\xdb\
\xfc\xe4\xe2-l5\x93\xb9\xcc\x0c\x02Qt\xd4(\x0e\
~\x91\xeb\x8d\xe4\xcf\x05\xad\x0f\x80\xe3=Y\xb6gG\
W\xeas\x18\x1e\xc7_m\xebl\x07\xe0\xf8\x80\x01\x07\
\x94c[.\x9b\x8c\x03\x80C\x15\x9d\xc1B\xb0\xd4p\
\x04\xc1\xa1\xce\x82\xc7\x8d^\x1eCJ\xe5\xc2\x7fUl\
*Ef\xc0a\xfc\xd3k\xed\xb0\x81\xa1#\x889G\
\xd02\xa3\xd8\xccq\xc0\x8f\x9f\xce\x97^\x068\xb8\xbd\
8\xc5\xf9\xd7\xb7\x01\xe1x\xf1e\xc8\x8c\xbe\x8e\x09\xc7\
\xc5\x93MS\x93CC\xcd.\xe1p\x8f\x03\xe5\xb8\xd1\
\xdd}\xeb\xe4\xe9\xbb\xdd\xad=\xbdg\x009*v\xac\
\xb3\xb6\xac\x04r;V\xac>\x87\xc7F9`D\x04\
{8d\x85\x95R\x88J{\xbd\x95\x047\x10\xe58\
`r\x0e\xdb\xf8Q\xc29$\x09\xfaV\xa8\xc9\xa1\xe3\
\xb5Lt\xfc\x86\xae\x9c\xf8a\xb4},\x0b\x05Y\x12\
\xed\x10\x9e\x82\x19\xba#\xe3\xb8;\x0f\xc0\x81\x18\x87|\
\x17<\x8d\xf6{\xd4\xe3\xe8\xbe\xdc\xd6\x85\x07\x14\xcf\x9f\
\xec\xfe`\xfe\xf4\x9f\xaa\x1cT\x089$\x83\x04\xc0\x9c\
\xaa\xb4\xac\xcf\xfeS\xc8\x9b\xffyH\x16\xac*\x85N\
8\x97\x8d\xc6XL8\xcam\x83FC\x80\x1b\xe4\x89\
\x13*\xa5f\xfe\xcbC\x07\xcd/\xb7J\x053\x0d\xba\
\xbb3\xff\x1c\x0eL8^\x86\xae\xd8=\x88s\x1c\xdc\
w\xb5\xe9d\xf3\x83\xa9\xa1\xa9!\xb7\xbd\xcd=\x0e\xe7\
\xde\x8d{7\x1a:\xce\xb5\xd2\x91\xe7\xdb\xd7n\xa1\xe3\
G\xf3N\xe1\xc8\x09\x9f{\xacY\x0e\x138|\x06t\
\xe0!\xa4\xe5\x087*\xa9T1'\xfa@\x98\x03\xf2\
\x1c\x15\x5c\xbf\x1b\xec`\x06\xce!q\x05L\x91\xa8\x16\
]T#\x1fF\xa3c\xd9\x82\x10\x81\x8dg$\x1d\x02\
\x07\x1cM<p|~\x8aH\x95\xee\x1b\x1fR\xc6q\
\xb2\xfb\xdc|\xd4\xc28r\xd5I.\xdb\x10,\xa3\x85\
\x94\xa3\xd4\xe2 \xfbTd\xf8W\xc8\x9cR11S\
)\xb7\x1b\x1c\x90\xdf\xc0\xc0a\x048r\x80\x83\xb6\x17\
\xe6\xedQ1\x0d\x0e\x06\x1cy,\x0e\x8c\x1b/\xed8\
R\x86pc\xcf\xeb\x87\x0eA)\xb6\xe9\x018\xa3\x05\
.\xe1p\x8f\xc3\xf9\x83\x1b\xf7Z\xee\x9e\xec\xe8\xbcq\
\xa7\x07\xe6\x8f:\x89\x15\x07\xd0\xc8\xe5\x1c~\xcb\x1aY\
\x037\xe0M\x22W\xbc\xe8\xaa\xa85\x18Gm\x0d\xe1\
\x1c@8`\x0du\x05\x9b[\x5cM\xfb6H\xa0\x92\
k\x08\xc39\x0e\xacU\x94\x9e(\xd2*\x7f\xa7\x08\xba\
\xfe\xcc\x15\x15\x038\xc0\x1cm\x00\xe0\xf8\x0f2\xf58\
N\x9d%9\x8e\x1b\x9d\x98qD1\xe3\x88\xfeX\x11\
\x9e\xf9\x93s\xc0\xa1=\xbc\xdd\xde\xd1\xd1\xf1_4\xe2\
\x8dBjU6aC\xa6\x19\x0eB8\xcas\xf8\x06\
\xae\xa8\x00n\xf8r\x80\x03\xff\x90Y\x1b\xa2??\xe3\
0\xc3\x1b%\xcb\xd5b\x03\xd0\xdd\xb6\x037\xb7\xed\xc1\
\xd9\xaf\x82+W\xa6\x1e\x0c\x0dM]s\x09\x87{\x1c\
\xcf\x1fw\xdf\xbb\xf1^\xc7\xe9\x9e\xee\xbe\x8b\xbd\xf7\xb6\
#\xe4\xd8B\xa6\x08\xae\xac\xd5\xcd\x06\x22\x149\xfc\xe4\
\xd9GG\x09\x12\xba\x81p\xa3r=C\x8f\x1a\xb3\xb4\
\x02\xd8\xb1\x85\xab\xad\x18F\x07e\x1c\xac\x9dT\xc0\xe3\
G!R\xf5y{\x94\x16d\x9f\x15:tKU\xe5\
/\xb7}\xc81\x0e\xd6\xab\x02\xc0q\x12zU\x008\
:\xfeAy\x0aF\x08N)Rc~\x10\xb18N\
\x1eS$A\xc6k\x1f\xe9\xe2G5l\xebS\xa9\xc5\
\x84\xc3Z\x88\xf5\x82R\x09Z\x09\x87#pxVP\
P)^>4\x0aB\xe5E\x88~\xed\x815L\xfb\
\xce\x5c\xa3B\xe5\xa2K8\xdc\xe3L9\xba\xef\xdd\xbb\
{e\xbe\xe9F\xfd\xe0\xf5\x1eD9\x1a\xd7\x1exi\
\xdd\xc6<\xe9\xd1\xa7\x04\xd0\x0d\x97\x03\x92\x06\x01\xb2\xa0\
\x90TU0\x0d_O\x94J\xedz\xf0GM\xc1\xb2\
\x05\xaa\xb2\x1555\xfc80\xb2FU\xa2\x83G\xb9\
\x03&\xc7\xab?\x04\xadR\x1fz\x06\xe0\xc8\x99\xfb\x03\
\xc9\xd1\xbf<j\x00G\x14\x03\xc7\xfbL\xaa`\xe08\
m\x01\x0eAx*\xcd\xc8\x1d\x80*\x8bw\xbb\x88\xc5\
A\x05\x8aL\x9cQ\xb28\x96\xab\xc5\xd6hV\x83\x03\
WS\x00:`;\x8d\xd7\xe7\x04\x1c\x81\x12\x03\xd4\x03\
y\xf9\x06_PY&4\xba\x17\xafD\xd8\x02\x95X\
 \x1c\xbb\xefM6]\x99\x9cl\x9e\x9ar\x07\xf8\xb8\
g\x19\xca\xd1z\xebd\xc7\xf5\xee;\x83\xb7@\xacl\
/\xc3\x94\xa3$\xef\x5c\x8e\x9c\x067\xfa.\xce\xe5\xf0\
\x93\xdfm/\x1d\xcb\xe1e\x13\xff\xd7W\xd6r\x8c\xe3\
m\x1c!\x0d\x93\xb1\xe7\x5c\xf2\x1c\x03\x88\x8e\x0b\xb24\
s\xce:\xc7\x88\xb5(\xff\x04\x80\xe3\x92F<\x0e]\
\x10\x84\x15t\xa19TU~\xb0\x8d\x94c\x09p\xec\
\xe4<\x8e\xa8\xc18\xfe\x9b\x92\x17+\x1c\xa1\xc4\xb6\xb5\
\xf6\xec\x87\xed4\xc5a\x90\x0dY\x0a\xb3\xb7L\xdcP\
\xb4\x9c\x0dLX\xa7\x90\xd5\xf4NB\x05\xc22\xf8\x7f\
\x868\xa3\x9e\xa70\x8e@q~o\xb4$\x80\x09\xc7\
\x91\xb2\xb5X\xa8\x1cj\xdcw\xb5\x19\x84\xca\xd4\x94\xeb\
p\xb8'\xef\xf9\xa3{\xf7\xba\xefv\xfe\xe8tk}\
k/\x15+\xf6Y`\x81\x5c\xad\xc2#\x07\x0f\x22\xf0\
\xf7\xfc\x016B\x10\x03\x87\xb7\x9c\x83\x8d\xf5\xb5Jm\
\xad\xb2\x1e\xdb\x1c\xb5t\x81\xfd\x96\x1a\x88s\xf0\xe5\x15\
\xdcZ\x8f\xab\x95P4\x91\xb8ny\xc0\x0f\xe5\x9f\xb3\
\xd1\xae\xcc;\xb2\xccs\x09a\xf9&4\x9ez\xe8\x8c\
q\xec\xbcE\x19G\x94H\x15\x5cU\xe1\x18\xc7\x97\x88\
q\xd0&7\xee\xeb\x08NI0s\x86\x90\x058\xba\
\xbf\x7f\xb2\xa3\xa3\xe3\xbfi\x12\x8c\x00\xa1\xb38dn\
\x0d\x93\xe1p\xe4\xe8\x94`9\xad\xa8\xf8\xb8B\xac\xd7\
\x84\x0d\xae\x0a\x9e\xaf\x12[T\x12\xa0\xab\xb4\xaa\x8a\x97\
s8\xc8\xb6\xd8\x97\x89\xc1\xf1:\x08\x95\xebMD\xa8\
\xb8\xa1Q\xf7\xe4?\xbf\xd7}\xef\xa3[M\xf3\xefu\
_\x1d\xc4\x95\x95\xc6\xb5\xebI\x97\xac3\xe5p@\x0e\
\xce1\xc5\x80\x13`\xe3\xce\x09n0\xe0\x00\xe8P\xd6\
+X\xaa`\x9d\xf26W]1\x80\xa3\x9a\x06:\x08\
\xe5\x90\xb0\x161\xbaM\xb1X\xd1\xeewE\xdb\x93\xd9\
\xdd\x1a~WD\x17\xedM$9\x18\x92\xa3g0p\
\xfc\xe0\x14\x02\x8e\xbf\xcf\x05\x8ev\xbcez\xbe\xa3\xbe\
\xc9\xd1\xe30c\xa4\xc6\xd0\x0d\xfe\xaee\x5c\xd0\xe0;\
\xa7;\xe6\xcf\xbd\xad\x92\x1d\xd3\xa2)S\xe0\xd4\x10\xe0\
@\xffp\xa5</nX\xb7Ls\xc0a\xfe\xfc\x97\
!\x1c\xa4\x98\x12X\xbe-\x16\x97T\xd6\x93\xde6,\
T\x0a\x1ap\x84\xc3-\xa9\xb8g\xb9\xf3mD9n\
u\x9e\xeb\xe8\xe9nEb\xe5-\x87\xca\x8a\x0d8\x1c\
\x90\xc3^\x925\xc7rxq\xbfge\xe5+\xa6V\
QhI\xb6\x96\x22\xc7\x16\x1e:H\x939\x0c\x0f\x84\
5\xcc\xa4M\x85\xcd\x13\x07\xe0\x10\x04\x09\x17d\x93\xd9\
\x82\x10\x7f\x0d\xd3\xdb\x08{G$\xb2\x1c\xff\xc0\xdd\xb1\
?\x00s\xf4\xdf\x12s4\xfa\x19\x92*G\x018\xba\
\x11\xe38m2\x0e\xe5)\x96\x86mx\xa1ev\x90\
z\xb8\xf7\x03\xa4T\xfe\x8f \xc6\x0d\x01\x01G\xd8\x04\
\x8e0G8\xec\x05\x95r\xdcK\xec\xc5\xa5X~\xc9\
\xb4U\xa8\xe4mQ!\x00\xb1\x86\x0b\x8d\xd2\xf5\xbf\x81\
|\x0e\xc7\xba\x97\x8e\x1c;\xf6\xfa\xebD\xa8\xd477\
\x0d\x15\x0c\xfd\xd9\xd0\x90;\xf8\xcb=\xcbR\x8e{g\
\x07;\xaf\x9d\xber\xe3F\xdf\xa5\xde{\x8d\xb4\xb2\xc2\
\xefu\xb3f9L\x9b\xc3\xefP\xac\xb5nJ\xc0\xb8\
aR\x0e\xecqT\x92\x82l\x0d\xe6\x1d\xdc\x8e\xa6\xf0\
\xf7\x10rT3\xca\xa1W\xd3V\x15B\xf0\xf1\x98O\
br\x08\xca\xaf\xb2\xd1\x0c\x14d\xa1U\xdd\xd2:\x8f\
\xe1\x82\x9e\x88\x1ey\x0a\xe3\xd8v+\xda\xf1'\xf2o\
a\xa49\x06\x0eC\xaa\x00r \xe0xg\xbe\xe3\xe7\
9\xe5X\xc1\x19Crf\xa9#\x88\xd3\xee!<\xee\
\x98\xff\x1fAc\xa0\xa0,c\xe0\x90%3\xc3\x81\xc0\
R+\xcf\xf57\xc8\xd2\xb6||\xc3\x9c\xc1\x91?\xc2\
Q\xc5\xc2\x1bH\xa9\xb0\xce\xfa*'\xdc\xc0\x0e\xc7\x96\
\xb5D\xa8\xec\xdfwf\xaa\xa1y\x92\x10\x0e\xb7-\xd6\
=\xcbQ\x8e\xc6\xb3\xdd\xbd\xd7\x1aN_Cb\xe5\x16\
\x11+\x07\xb6Z\xc5JI\x1e\xca\xe1\xb7\xb9\x1cV\xe0\
\xc0\xfb\xdc\x08p\xbc\xc2\xb4\xca\xfaJ\xa0\x1c\x95\xb55\
\xa4\xdb\xedm\xba\xc4\xfe{\xd6\x8d\x09`r\xd06Y\
RL\xc1k\x1c\xa9\xdb\xa1k\x9fwE\xb3\x99\xae\xf3\
*\xdfX\x1f\xb1_\xdf\x08D\x22\xf9\x08\x82\xa0 \xe0\
\xf8\x7f\xc0\xe3 \x8c#\x1a\xad?E\xcb\xb1\xdd\xb7`\
Tq;\x92*\x088\xe6\xad\xc0!,\x9f\xdb\xb0\xcd\
*\x14\x94\xab_\x9e\xec\xe88\xfd\x9f5\x12\x225\x81\
\x033\x0e\xd9\x08\x8d\xe6\xf4\xc3\x02\xe5`\xb8\xe1u\xe2\
\x1b\x1e\x16\xfe\xca\x0b\x1b\x16\xc2a\xbc\xe1\xe8\x8cB;\
\xfd\xcbo\x02n\xec\xc1\xcdm\xcd\xcdC\x80\x1bS\xd7\
]\xc2\xe1\x9ee\xcf\xb7\xee\x9d\xfd\xe8Vg\xd3\xc9\xc1\
\xee\xd6\x9e[W\xc1\x1f-\xa3+!\x19n\xe4\x19\xe2\
\x93\x8b\x1c\xb8y\xc2\x98w\xee\xa5\xc0\xc1A\x078\x1c\
\xb4\xb2RC&s\xb05\xf6o\x1b\x1b\x13h\x16L\
\xaa\x96\x18\xdf\x90\xa8\x97@\x92\xa2\xea\xfb\xdf\x07\xad\xf2\
sM\xe7j\xa5\x11;tD\xf2\x97eu\x0c\x1c?\
\xd8I=\x0e@\x8a\xab\xc7\x0d\xe0\x18\x03\xe0hG\x8c\
\xa3\x89\x01\x87\xc9k,M\xf4L\x1f\xe5,o!\xdf\
\xb1,\x0c~p\xbac\xfe\x07\x9al\xae\x925\xa2\x1c\
\xac1\x16\xfd\x9bks\xf6!\xc0\xf6\xa5 \x1d\xc2\x91\
\xe3\x8b2\xbe\x91w\xeb\xa3\x01\x09\x966\x15\xe7\xa2\x0a\
\x10\x8e\xd2\x8d\x88p\x1c\xdb\x83q\xa3\xf1D}s\xc3\
\x104\xb7M5?p\x09\x87{\x96?\xfb\x11\xe5\xe8\
\xec<\xd7\x80\xc4J/\x16+{ ynR\x0e{\
\x90\xd4\xef\x80\x1c\xe6k\x5cY\xf1\x07J\xc9\x82uD\
\xbay\x97\xa3\xd2\xcc\x80\xd5\x12\xc00\xd3`\x84r\xb0\
\x86\x15\xa9\x9a\x9f\x98\xc5\x18\x87\x84\x1d\x8a\x9f \xad\x92\
\xb9\x14\xc2\x90\xa1\xb3k\x97a\x05\xf5C\x22y\xc0\x03\
\x0f=VM\xe0\x18\xc4\xc0\x01\x8cc\x1b\x05\x8e.\x1e\
88\xcb$?\xdf0V\xb9H\xc6\x5cQAPv\
\xdd\x02\x8b\xe3?\xfa\xd8\xce\x04V\x86\x85F\x15\x90+\
F\xd8\xbc\xdc\x9a\xe0\xf0\x92\x91_A\x9f/\x8fP!\
\xfdmy\xa2\xe6%f\xc7k\xb1\xc5\x1a-qln\
\x03\xa5\x02\x84\x03p\xe3\xd0\xc1\x13H\xa8\x0c\x11\xa1r\
\xed[\xee\x85\xe1\x9e\xe5\xcf\x1f\x9c=\xfbQgg\xc3\
\xb9K\xdd7\x88X\xd9\xbev\xfd\xd6u{\xcd\xfe\xfa\
\x80S\xfc\xcb2\x82\x8a\x02\x8a1\xcc\xceOq\xc3\x8b\
\x87g\x9a\xa5\x95W\x10\xe7\xa8T0\xe9`\xb8A\x99\
G\x98\x1f{N\x0e\xdb\x92hn \xa0\xf3\xf8pA\
\xf6\x87\x82\xacS\xdc\xb0\x8e\xe1\xa2\xd7\xba\x90\x1f9\x04\
\xf5S\x04\x1c\xbb\x008\x04\x00\x8e\x8e\xe8\xe7\x16\xe0\xe8\
\xe8\xea\x9a\xef\xf8\xbca~\xfe/\x14K\xbf\xbc}\xb8\
:#\x19p\xabSg\xc3@:jq\xfc\x97\x90\x88\
\xcdQ\x995\xa9\xc8$Dj\xb6\xd3\xdb\x0d\x8eP9\
\xeblsL~\x05\x8c\x11(\xfc\x90@\xa7\xc9\xe6\xb4\
\xbf\xad8\x9fR)\xc1\x84\x032\x1c\xc7\xbe\xbb\xe7\xbb\
\x088\xa0\xa224E\x09\x87{]\xb8\xe7i\xe7\x8f\
1\xe5hjj\xado\xbd{\xab\x1e\xc4\xca&\xf0G\
\xcd}K%yf\x82AF\x94\xaf\xa9\xd01\x98\x1e\
\x93ox1\xe3\x80\xba\x01\x83\x0ee}%\x09\x90\x12\
{\xb4\xb6\x86@\x08c\x1dd?\x11\xb9\xae\xa4\xb0\x0d\
9\xb0\xda\xd0\xb5\xfbcP\x90=\xa1\xe9\x96y\x5c\x84\
g\x08+H\x86\x0b9\x8c\xe33\x1bpd\x08p\xfc\
R\xb1\x88\x12\xf6\xa5\x22\xd6\xf2\xab\xc4o\xab5\xbeW\
\xe5\x0eX\x1c'\xffZ!\xb0A\x81\x03\xbd\xc6\xb5\x15\
\xe6\x8c\xd6\xe4,`\x0a\x91\x98\xb9%\xc1a\x02G \
\xe01\xe7\x05.\xdb\xddV\xccw\xa9\x807\xeaT\x8a\
\xdd\x8bk\xb1o\x1eC\xe7\xd0!\x10*\xcdS\x84p\
\x5cr\x09\x87{\x9ez\xfeh\xfb\xd9\xd6[\x9d\x0dW\
\xae\xd5_\xed#10\x98\x06Vjn\xaf\xe7\x16L\
\xe7\xf19L\x97\x83\x07\x0e/f\x1b!\x82\x1b\xaf\xf0\
\x09R\x85u\xbc\x99\xac\x03\xb0\x83\x9b\xcdA(G\xd8\
\xa2W\x08\xe7P\xc5\xdb\xd9h2\xd3\xa3\xe5\xf4\xbe:\
\x98\xa1\x11\x87A\x1a\x0480\xe3Ps\x81c\x0c\x01\
\xc7\xd8|Gw\x03\x95*\x11\x02I\x02\x06\x0cc\xe2\
\x17\xb1-\x08\xe1\xe062\xd1\xa21\x02\x8b\xc8]H\
q\xfc\x95&S\xdc L#,\x87U\x99:\x1c@\
\xb1*\xad}mdg[\xb9\x8doX\x0c\x0eK\xf2\
\xcb\xe3\x04\x1c\xe6\x1a\x95@\xfe\xe1\xe6\xe8\x03YI\xe5\
\xc8\xb1=\xc7\x8e\xed\xd9\xdf\xb8\xef\xcc\x14\xc1\x0d7l\
\xee\x9e\x15\x96d\xdf\xbaw\xb7\xb3\xa1\xe9\xca \xab\xac\
\x80X\xe1\xa6\x08\xe6\x07\x8e\xd2R\xbf\xb5\xfb\x0d\xb7{\
\x93\x8a\x0aa\x1c\xd4\x1f\xe5\xd2\x1c\x88s\xac\xaf\xad5\
\xa0\xa3\x96\xc3\x0eVZ\xa9&\xa4C\xe2\xc3\x96\xc4\xea\
\x00xP~\x0b&\xc7\x87\xaa,XsY\x0c9x\
\x85\x22Dr3\xe2\x1cp\x00\xe3\xe8\x8aF\xebw\x9a\
\xc0\xd1\x06\xc0\xd1\xd1\xd1\xfd\x1e0\x0e!\xc2\x0f\xe4\x88\
\x98~(\xbf\x1a\x81s6\x8c\x12\x8br\xf4\xd6;H\
\xa9\xfc\x87\xa0I80n0\xb6\x11&\xda\xcc\xb6\xb6\
\x0d\xfaSB\xb9:\xc5\xc7GF\xb9\x04\x87\xf3\xa4Q\
\xbc\xb6\xdeZO\xc9u8JJ\x18n\xbcX\x81p\
c\xed\xa1\xedPQ\x99\x9a,\x98\x04\xdcp\xb7\xc5\xba\
gE%\xd9\x0d\x84rt\xde\xc0b\xe5-,V\xf8\
)\x82v\xe0\xe0\xfdQ\xbf\xed}\x01\x7f)4X\x98\
b\x85\xac\x16\xb2\xc49 Bjp\x8eZ\x86\x1bt\
O\x93\xd96J\xc7\x80s\xa4\x03_\xff\xda\xe7c\xd1\
l2\xb3A\xd1m~\xa5@w\xab\xc1\x15\x1e\xc9\xaf\
W\x04e\x10\x01\xc7q\x0a\x1c\xef0s\x14zU\xba\
{\xc7\xd2\xed\xd1\xaed\x94\x01\x87`O\x82p\xcb\xdc\
\x8cq>\x02]\xac\x22\x88\x86p\xd1\xce\xbcw\x81\xe6\
\xcd9\xc2\x81\x90C\xc5\xc0\xa1b\xbe\xc1\x97T\x80o\
\xe0zJ\x0enX\x0d\x0e\xec8\xf9\x9d\xa7\xf7\xe4\x0e\
\x0c\x5c\xce\x1a%M*/\x1e9\xb6\xf6\xd8\xda=\x87\
\xde\x00\xa1299955\xe5\xae\xa7w\xcf\x0a\xcf\
\x1f\xbeJ(\xc7\xc5\xfa\xab\xad\xac\xb2\xf2\x12\x9f\x1f\x0d\
8\x86\xc0<\xb8\xa1\xcdo\x0bx\x94\xe2\xc9=\x06l\
\x186\x07\x1f\xe7\xa8e\x0do\xb5\xb4\x1e[k\x22\x07\
\x8f\x1a\xa4vi%\x1d\xba\xf2~[;\xd2*?7\
L\x0e\xb6o\x8d\x91\x0e\xfc\x12\x11\x226{\x94UZ\
0p\xbcWG\xa4J\x17\x94Q\xaeb\xe0\xd8\xd6\xd2\
\xfd\x10\x01G\xb2\xbd=M\x81C\xe37;Q\xe1\xc3\
\xc6\x05\xd2/'\xf0\x09t\xb36\xab\xf6}y\xb2c\
\xfe\x5c\x85j\x08\x15\x99\x10\x0e\xd5H~\xa1\x7f\xab\xb5\
\xa0\x02\xdb\x97rp\xc3\x9b+T\x02~\x22Q\xf2\x80\
G\x91\xbd\x10\x9b\xa7\xa4R\xbaq#\x0c(~\xf3X\
Y\xd9\x9e=\x07O\xdc\x9b\xfa+\xc0\x8d\xa1)w`\
\xa0{V|\x8e\xbd\xd5z\xab\xa1\xe9\x5cC\xeb\x99;\
\x83\xb7\xfa\xde\xe2*+\xf9\x17\xc9\xe2\x81\xa3t6\x04\
\xf7\xde\xd2\x8d^\x8a\x1bL\xacx\x0d\xc6\xf1\x8a\x19!\
\xd5j9\xadR[cr\x8e\xb0Y\x5ca#}-\
r\x05\x1e\xb9\x7f\xdb\x85\x80\xe3\x1f5r\xd5\xealS\
\x81`,;\xc9\xd3\x07Ok\xb6\xb8\xaa\xf2\x93\xba\xde\
l\xf4\x17j\xeb\x98\x058\xba{\xbb\xa6g\xa6\xa3\xc9\
d\xf6j'1G\xe9g\xd2\x09nD\x8c\xe0\x06\xf7\
\x059\xde\xc1lR\xa5\xee\xee;\xd1\x8e\xf9?\x0bq\
\xb8\x11\x06\xbeA\x08G\x8d\x8a\xff\xb9\x0aop\xe0\x81\
\xe6!{`\x94om3\x0c\x0e:\xbb\xa7\xd8\xa9\xaa\
\xe2\x08\x1c\xceS86\xae\x83\xc1\xe6{\x8e\x95\x1d\xdb\
sh\xdf\xbe\x82\xbf\x9a\x22|\xc3\x0d\x9b\xbbg\xe5%\
\xd9\x9a{w\x1b>8w\xb2\xb7\xdb\xa8\xac\x94\xed\x80\
0G\xc9\xb2+\xa8\xfd\x149\xb81\xe8\xa5`\x8c\x1a\
\xc0A\xfcQ\xec\x91\xf2b\x05c\x87\x1d:j\x8d\x96\
\x95\x1a\xa3\xb2BGX\x84\xadS9\xb4\x1bc\xd1\xcc\
b\x1b\xed\x90\xd5\xad\xb5\x15\x9d\xa3\x1e\x96,\xa9I?\
\x94\x8f\xa2\xf3\x1f\xd5\xf5g\x11\xe3@\xc01\x96\xe5\x18\
\xc7\xdd\xec\xdc\xf1\x89lz&}\xa7s>\xfa\x99e\
\xcay\xc4\xf4R\xd8\xbcQ\xe3I\xb0R\x0e];\x8b\
S\x1c\xff\xaf\x8f\xe6E\x81j\xc0\xb3J\x08\x87J\x80\
\xc3\x9a3g\x93{\xf8\x00\x07\x1f\x18e\x05\x95\x80'\
\xafN\xe1\xf7K?\x1d8\x10n \xa1r\xec\xb5c\
\xc7\xf6\xc0\x5c\xf3\xa1\x07\x94p\xb8as\xf7\xac\xf8\xfc\
\xaf\xfaG\x9dWN\x9e\xbe2x\xefj_\xef%\xd8\
\x96\xf0j\xc5V\xbe\xb2\xe2\xb8\xfa\xd1D\x0e\xbf\x09\x1c\
d\xce(\x03\x8f\x90\xd5 e\xb4\xa3\xb6\xb2\xb2Vq\
 \x1dF\x80\x14\x03\x07}\xa4\x96%Y2\xf5\x0a\x14\
d\xdb\xda\xb3\x8b\xc9}\x9an\xe4Iu\x0e,\xcc\xcb\
Y\xb0E\xc1\xe8Gh\x1fg\xe7?\x8a`\xe0\xf8\xb8\
\x0d\x01G\x07$G)pd\x06\xd4\xf1L:\xf6\xe8\
w\x088\xee\xab\x02\x9fC\x8dP.#\x08V\xd40\
\xb7\xbd\x19!R\xad\x1e[\x1c\xff^\x93$N\xaa\xa8\
5\xd8\xe2\xa8\xa1\xb8\xa1\x84\xac\x83\x02\x9d:b}9\
|#@\xfd\x0d\xe7\xd1\xe6%\x9c5\xcaz\xdcrz\
T<dW,,D(\xc3\xb8\xb1a\xf7\xbd)\x84\
\x1b\x05\x93@8\xae\xbb\xa5X\xf7\xac\xdc\x1f\x0d\xb6\xdc\
B\xc0\xd1\xd1p\x03\xc4\x0aTV6\xac=\x80++\
\x81\x1c\xca\xc1;\xa2\x16\xb1\x82n\x8d%L^\xd3\x1f\
5l\x0e\xbe(k\xa6H\x99\xcfAM\xd2\x8a\x1a\x93\
u\x00t\xc84\xab\xcd\xb1\x0e5\xd2\xdf\x15]L\x16\
\x04)\x1d\xd09\xc4\xe0T\x8a`+\x80\x98\x8cc!\
\x13}\x22>\x02\xe0\xf8\x22\xdd\x96\xccv|v\x9cV\
UZ\xeef\x07\xea\xc63\xd3u\xa3\x13\x9d\xf3]g\
e\x01\xaa\xb1\x96\xca\x8a`Vpx\xdc\xb0\xb6\xd4\xab\
\xf2\xe0;'aK\xbdJ\xc3\x1b\x18\xfejT\xb9\x06\
\xdd\xc0\xc1\xc0\xa1\x85\xb8\xb8\xa8QO\xb1\x06F}l\
\xb8\x89I8\xfc\xcb\x12\x8e\xa2\x15\x10\x0e\x8f\xa7$\xb0\
\x11\xef\x98\xae\x00\xdc8\xb6g\xf7\xbe\x82\xffs\x12\x08\
\x07\xc2\x0dw\xb2\xb9{\x9e\xe5|K\x1d\xfc\xe0$B\
\x8ek\xdd\xf5}L\xac\xac\xe7\x9b\xdd\x02\xf9\x92\x1c\xa5\
\x86Z\x81\xb77\xd2\x05n^\x9fE\xb1\x94\x87r;\
ey\xceaVd\xd9l\x0e\x15H\x87JH\x07\xee\
G\xa7\x9cC\x17%Y\xf9]W4\x99\xfc\x1b\x8d\x9a\
\x19\xac\xddM`\x19\x0b\x0a \x5c\x9d\xc5\x82\x1cJ\x22\
\x99i\x11F2\xd1\xbfW\xbe\x18hKwu\xb0\x1c\
\xc7\xc3\x96O3#\xc3K\x99~y\x02\x01G\xf2\xac\
LC\xa8\x82\x15.,\x98aoU\xc1\xe9\xafm\xbd\
\xef\xe0\x96zJ5\x10h\xc8\xe0o \xe8@\x98\xa1\
\x12\x8b\x83#\x1c\xb8\xb3-\xc7\xe0\xf0\x9al\x83\x9b\x03\
\x0b4\xc3\xefL5J<FI\xa5\xcah\xa8\xcf\xd5\
)\x1e6g\xf4\xe5-\xc7\x8e!\xca\xb1\xa7qw}\
\xf3\xd4\x03l\x8d\x0e\x0d]tK\xb1\xeey\x96\xf3\xbf\
\x9f\xed\xbcp\xf2\xf4\xe9\x93=\xf7\xae\xd2i`{*\
\xec\xd3\xc0\x9c#`tF\x84\x87\xecn\xdb\xb8\x91\x22\
\x87\xc5\xe5\x80\xae\x95\xad\xd0@na\x1c\xa6\xcfQk\
dHY\x9c\xc3\xb4H\xc9\x8363I!I\xaa=\
\x1c\x8bv-&\xd7\xe2\x82\xac`Kw\x0a\xa6;*\
X\x03\x1e\xacL+\x1fO\xcd\xca\x91Q\x0c\x1c#\xb7\
\xd3\x99\x8e\xab8\xc7\xb1\x0d\x03\xc7hl)\xf9H\xbe\
\xb9\xd0\x8c\x80C\xe5W\xb5\xd9q#\xdf\x91\x05I\xbb\
w\xeb\x83\x8e\xe8\xfc\xff\x08R\x89\x02/\xaa\x1a&\x5c\
\x83\xf2\x8d\x9a\xf2\x90\xd1\x10K\xdb\xe8\xb9\xe5\xd2\xb0_\
\xda\xeb`p\xe0\x00G\x9e\xfe6n\x07SU\x00\x01\
L1\xf90'\xe0\x00gt\xc7\x8b\x087 5\xba\
\xe1\xc4\x89\xa9\xa9\x07\x05\x98p\xb8\xd9/\xf7<\xe3\xf9\
\xa3\xd0G\xed\x88r\xfc\xe8J\xeb=\x16\x03\xdbs\x00\
\xb7\xc9\x06\x1c\x17B\xda\x80\xa3\xd4xk\xa3A9x\
\xf0 g\xab\x19>\xe7K\xb2\xa6\xcdQK\xfadI\
<\xaa\x86\xecW\xa5\x1e\x01\xcc\xe9\x84W\x10\xafz\xff\
v;\xd2*\xff\x10\xd2\xb9&\x12\xdd:\x1f\xc3\xac\xaf\
\x08f\xf8\x82\x98\x1e\x91\xc8q\xb5\xb0.\x95\x89\xfe\x89\
\xfadd`:\x8b\x81cW\x1d\x00\xc7\xdd\xccBb\
i\xf1w\xc7g\x16\x10\xe3hQD\x9e\xbbX\xddP\
'\xa6!\xd0\xa1=\xca\x8dNh\xa9\xffk\x8d\x12\x0e\
\x95\xc2\x06\x90\x0dt\xab\xe0\xc0,\x01\x0e\xeaoxa\
-}\x9e\xbc\xa8%1\xea\xcf\x8b\x1a%\x5cw[q\
\xb1\xad[\xd6.T\xd6!\xa1rd\xd3\xeb\x00\x1c{\
\xf6\xed{0\xf5\x00\x0b\x95\xa9\xa9fw\xb2\xb9{\x9e\
\xf1\xfc\xde\xce\xce\xd3\x88r\xfc\xa8\x13WV\xe840\
\xbeM6o\x06\x8c!\x07\xd1\xe3\x88r@i\xc5\x88\
\x9d\xc3\xe6d\x16?\xb7\xc9\x95Z.}^k/\xcb\
\xd6\xa8\x08@dbt\xa8\xc4& ]b\xe8bT\
\x1fuu$\x93\xbf\x0a\x99\xbe$\xc3\x0e\xc1\x5c$/\
\x88V7\xc2t5\xc7\xeb\x0a}u#\xd9\xf6_ \
\xa922\x1d\xed\xa8?u\xf6\xd4p\xcbp\xac\xa5\xe5\
nzx<\x16\x7f8<3\xde\x19\x8d/\xa8\x82\x0d\
5$+V\xd8\xd3\x1b$&*\xa8\xc2\xe0{\xa7a\
\xbe9\xa1\x1a\x0480\xddP\x89L\x81\x97\xca\x10\x9d\
gn,^\xca7\xb9\x07c\xb7\x9f\xebT^\x168\
\x0242\x9a\x0f7\x80p\x94b\x83\xe3\x08&\x1c{\
v\x9f8S\xf0\xa0\xbe\x80\x00\xc7\x90[\x8au\xcf\xb3\
\x9e\x97o`\xcaq\xfa\xe2\xbd\xfa\xbe\xde[\xf7\xb6\x1b\
\x01\xd2\x801\x180w\xc7\x0a\x87\x1c\xdc\x80s\x8c\x1b\
\xd6\xa2,f\x1d[\x09r\x94\x1b\xa4\xa3\x92\xa3\x1d\x5c\
\xbf\x1b\xe9\xe4@\x17\x18\x09h\xcb`+\xe2.\x0f:\
\xd9G\xbb<\x16\x1d[\xbc\xad\xe0a\x17:\xc1\x09\x9d\
\xf3B\xcd\xba\x87\xbdh\x8a3\xeb\x13\x8f\xc7\x95\xbaG\
\xd9v$U\xa6\x07\xa63cOZ\x16\xbe\x18\xfd\xf8\
\xe6\xe8\x93\x96\xfeQ!\x11\x9b\xfbY\xdd\xd2\xc2\xed\xf8\
\xec\xec\xfb*\x9b\xa2N(\x0b\x08&+`\x886\xb6\
\x81?B9\xda\xfb\x0eR*\x7f\xe2#\x22\x0b!\x06\
~!\xb0\xa1\xa0'\x152\x1c\xd0\x9aRNk)\xa1\
\x9cz\x8a\xd3\xc8\xaf|\xb3\x89s\x08\x07!\x1d\xc5\x8e\
C8<\xcc\xe00*\xb1'\x1e\x14< \xa5\xd8\xa9\
!w\x0c\x87{\x9e]\xacDnE\x81r\x5c\xb9\x0c\
b\xe5\x22\x16+[,\x03H9\xe4\xf0\xf3\xa3\xc0x\
Z]\xea\xc3\x94\xa3\x94\x8b\x81\xc15A\x8c\x0e\x1b\xe5\
\x00\xcc\xb0X\xa4V\xd2\x81n\xa1\x9bT\x82\xf8\x03\x90\
\x0eZc\x81\x9c\xc4\xfd\xdb\xd1\xf6\xc5\xe4!\x8d4\x8b\
\xe0\xabZ\x17\xcd\xde{vqs:\xc3$#\x088\
\xe6\x12\xa7\x8e#\xe0\xf8\x8561\x9d\x1e\x88\x0f\x8cN\
L\x8c\x8e.\xa0\x97'\xa3-\xa7\x12\xb1Y?\x02\x8e\
G\xa9\x19\x04\x1c\xc6\xa7\x12\x05hW\xcb\x95'V\xba\
A\xbaV\x88\xc5\xd1\xf1\x7f\x87\x88\xc1A\x81\x03\xe3\x86\
\xc2\xbcQ\x0d7\xb5\x11\xc6\x11\xc4-\xb1^n\x17\x82\
\xd7Q\xa7x\x88\xd5aMl8\xb6\xd3\xe3\xa5\x08y\
\x97\xd3\xe3\xa8\xf9\xcb`o\x94\x1d;\xb4\xef\xcc\x83\xc9\
\x07\xf0\x8cpc\xca-\xc5\xba\xe7\xab\x88\x95\x96/\xa9\
X9sg\xf0\xda\x9d\xb7\xcc\x9a\xac\xd3\xae\x04'\xe4\
\x08\x94\xfa\xd0\x8b\x17\x9ehI\x96\xa7\x1d^\xc48\x80\
sT\xbeR\xee\x5c\x5c\xb1\xc4H\xf1\xf5\x85\xb1\x82\xb8\
\x8aP\x99\x08S\x93T;\x8f\x0b\xb2?\x0f\x22\xb4\x90\
\xc8\x18tA\xb2\x0e\xe32\x95\x09\x17\xd0\x22o\xa8\x13\
\xb3\x89\x18\x06\x0e\xe5I\xba\x7f\x22>=\xfad\xe1\xc9\
\x02\x02\x8e\x89\x89qei|8QX\xb7\x94\x18I\
\xcdNDd\xc1\x88\x84\x02*0&\xe3\xec\x89b{\
\x03n\x95\xab\x9d\x17::\xce\x1dQ\x88F\xa9\x91\x89\
\xbbQC\xdc\x0dB8`\xa94~\xf1\x06\xc9\xe4\x9e\
<yQ\x0a\xdb\x01\xf6\xe3\xb7\x17T\xaa\xec\xc0aT\
a\xab\x8a\xf3o`\x82\xc8(\xe2\x1b\xaf\x95\xedA|\
\x03pc\xf2\x01N\x8d\xba\xce\xa8{\xbe\xc2\xf9\xb6|\
\xf74\x88\x95\x1f\x11\xb1r&G\xac\xd8\xe2\x1c\xdc`\
\x0e\xfe\x11\x12\x0cR\xe2\x90z\x19\xed\x08\xd2\x00\xa9\x97\
8\xa4\xf6\xb2\xac1\x16\x8c\xc7\x0d\xe2tH\xa4\xa3\x94\
\x04/\x8d\xa9\x9d\xaa\xda:\x16M/\xfe:d\x04\xbd\
E\xdb\xe3?7\x0c\xd4\xd2\xcf\x82#\xe7\x0b\xa9\xa5S\
\xc3\x8f\xb2\x99_hO\xa6'f\xe7FFo.\xb4\
\xc4\x10\xe7X\xb8\x99\x10ff\x04\xa5p\x17\x06\x8eq\
Q\xa6\x93\xbd\xb0u\xc1}\x8d\x5c\xec\x90\x8c\x9c\x97\x84\
-\x8e\xd3\xf3\x7f\x16\xc4D\x83\xdc\xd4\x90\xe7\x1a\x05\x1d\
\xe0\x1d\x1a\x01\x0e\x9eo\xf8\xbc\xcb\xfb\xa2t.\x8a\xb3\
L\xf1\xd0\x8d\x08lDqI\xfe\xcdm\x01\xc0\x8d\xf5\
 T\xca\xc0\xe08\xf1\x00\xe3\x06\x0e\x7f\xb9\x1b\x11\xdc\
\xf3\x95\xce\xb7b\x0d\x1dX\xac\xdc\x00\xb1r\x09\x8b\x95\
\x0a\x18\xcd\x11X~#d\x8eZ)-\xb5\xd7d\xf1\
L\x1f[\x864\xa7\xb8Rc\xe9\x96\xc5uKVV\
Q9\xd8@\x1cC\xebn\x8bf\x16\xfb\x15t\xa5\x1a\
\xbd#\x04Dt\x0e;\xa8C\x01\xaf\x22\xb8\xbf\x1e\xdf\
\x0a\xca\x17s\xa9\xd9\xc4\xa3\xcc\xc8\xef\xb4/\x06&f\
\xe3#\x13\xa3#\x13-\x13\x0b-\x13\xe3\x89\xa5\xd4\x84\
\xaf\xca3\xbc\x14\x9b\x98\x9d\xbd\x89\xa4\x0a\xb5.\x84|\
\xf5W\x89y\x1b\xf0A\x188\x88\xc5qz\xfeo\xfd\
2\xf5Ek\x08h\xa8\x8a\x0a\xb0\x81k*0\xb2\xa7\
\x1c\x86o\x90\x93\xcf\xde\xc0\xf9\x0d\xeb<\xf9e\x07\x06\
\x06<%\xcb\x0d\x19\x05\x83\x03**;^~\xf95\
08^\xdf}bw=\xc6\x8d\x07SS\x93\xee\x80\
b\xf7|e\xb1r\xe3\xc2it:\xaeu\x9f\xb9:\
x\xad\xcf\x14+y\xb6P\xf3\xc8\x11\xe0\xa1\x03\x9b\xa3\
\x16\x97#D\xdf\xdaJ,\xd2Jk]\xd6T+\x06\
\xe3\xa0o\x00r\xd4\x90f\x0f\xc9\xc4\x0e\xed~\x7f{\
\xfbb\xfa\x0dM\xe7aC\xe4\xd8\x07\xa3\x192\x11+\
\xaa\x0c\xc0\x81\xae\xdd\x88(\x22\xe0X\x1cH\xf4gn\
.(\x188\xa6G\x06\xa6G\x11h\xc0\x99\x89/\x84\
\x82Jbi\xd7\xd2\xcc\xec\xec\xfb\x0aQ!\x92\x15\x8c\
rT\x0a\xdf9/c\x8b\xe3t\xb4\xe3?\x05\xc1\x9c\
\xa9\x81\xc4\xa8\xa2\x22\x92\xa1\xd0\x03\xf6\xa8\x82\xe9\x06F\
\x0eo\xd0k\x89o\xe4\xf1E\x1d`\xc3^s\xb5\xf6\
\xa98\x03\x87\xa7d/Tb_~\x13p\xe3\xbb\xfb\
OP\xa1\x82\xf8\xc6\xe4\xe4\xa5;\xae3\xea\x9e\xaf(\
V\x8e\xdf\xc5\x94\xe3\xf4\xdd{\xf5\xad\x97\xae\xd5\xd3\x0d\
M\xf9l\x0e~,\x87?`Q+\x1b\xd7A\x97l\
)\xefq\x04\xcbY\x80\xb4|k\xa53\xe9\xa81\x8b\
+\x8cs\x80PQ\xc38\xaa\xcd\xb5\x9a*\xfao\xbb\
\xa2\x8b\x8b\xff\x1c\x04\xd3\x92\x05F%J/\x88\xc0P\
BrD\x88(~\xbf\x1a\x89\xc8\xfe*\x0f\x82\x0c\xed\
\xb9\xaa5JD\xf4/\xc4\xe3\x03\x0b\xfd\xc9X\x8b\xf2\
\xc9\xc0\xc4\xe3\xf4\xf4t<9\x90\x1a\x1d\x1f\x8f%\x12\
\xa9\xf80\xc2\x98\xc4\x92\x88\x81C\xb5\xea\x13\xd1fj\
p\xa0\xc1\x1d\xe5F\xe7\x85\xd3\x1d?X\xaf\xc8\x9cJ\
a:\x05\xa1F\xad\xa2\x80R\x01\xe0p\x18\xdbc\xf3\
Em\x8c\xc3\xc9\xdf`\xa8\x100\xfcRO\x9eJ,\
\x02\x97\xbd\x1b\xb7n%\x06\xc7\xb1\xef\x1e\xdaw\xe2\xcc\
d\x01R)\x0f\x007.\xf6\xb8\x99Q\xf7|e\xb1\
\xd2B\xc4\xca\xb9\xd6{W\xfbnA\x80t;\xd8\x1c\
\xcbm\xb0\xf7\x9b\x87\x95e\xc1#\xdd\xb8\xd1(\x11\xd0\
\xc2\x8a1\x81\x94\x9cWl>\x87\xc2\x19\x1d\x5c\x8eT\
\xae\x81\xf49\xd4U\x88c@\xb3`\xcaelrh\
\x5c\xa1CB\xbc\x02\xaen\xd5\x1fBH\xa2\x14\x16\xfa\
\x85\x88\xec),,\x16\x22\xbe\xc2\xe7\xd0=\xf4\xae5\
\x85E\xb2R\xd8\x12\x9f\x1b\x98\xb8\x9d\x1e\x1eV\x17F\
F\x07\x92\xe9t:\x99\x1c\x88\xa7n&b\xe3ss\
\x11AQ\x133\xf2\xf8\xec\xeclD1-\x0d\xd1\x0e\
\x19xz\x8f,`ub\xe2\x07\xfa\xce\x84\xc1\xf7N\
\x9e\x9e\xff\x8f~\xd2\x0fKB_\x8a\xa2R\xdc\xa8\x05\
\xc1RN\xc6\x04\x1a\xb6h>\x9d\x82\xf3^&p\x94\
\x94,\xb7\x11\x818\x1c\xb4\xd9>\x90\xcf\xe0\xd8\x88q\
\x03\x9d\xef\x22\xa1r\xe6\x01:S\x05\x98s\x5c\xfc\xd7\
\xee\xaf\xbf{\xbe\xf2\xf9\xe3\xd6\x0bPY\xe9\xe8\x04\xb1\
\xd2\x095\xd9\x0dx\xa8\x8f9\x03,\x90\x1f;J\xcd\
\xbd\xb1\xa5\xa5&pX\x02\x1d\xe5\xe5\xe6\xfc\xe2\xf2<\
F\x87i\x90\x92\xebNV\xc3\xa4\xd1\x03\x9b\xa4\xb8g\
E\xbb\x7f+\x9a\x89OW+\x12\xae\xc7\xca\x0a\x92\x22\
Bps9\xe2\x1c\xfe\xc2B-\x82n\xd7\x14\x86\x22\
Z\xe1\x9a\xa2BM)ZST\xb4&\xe4\x7f\xae\xb8\
hMq\xa9\xa7\xb0enn`tz`8\x22\xc7\
R#\x03\x086\xc6\x92\xc9Lrq\x22\x96\x18\x9f\x9b\
\x88\x1c/\x94\x97\x10p\xa4R)\xdd\x13\xd2\x84\x88s\
fC\x10\x8c\xceW\xe6\x8a\x82\x9e\x92\x04\xed\xad\xdew\
\xd0\x0f\x10,\x0e3,\x0a\xd0a\x9c\x9a\xca \x06\x0e\
p8|^[\xec\xcbg\xa5\x1b+\xb47\x8a\xf8Y\
\xa3%\xc5y\x1d\x0eL8\xfe\x0d$8^\x7f\xfd \
6F\xeb\x0b\xa6\x10\xe1(\x98\xbc\xeev\xd3\xbb\xe7k\
\x9c?\x8a\xdd\x05\xe08\x8d\xc5\xca\xddNV\x93]\xb7\
\xb7$\xbfX\xf1\xe4p\x0elx\x98\xec\x9bKs\x10\
\xe4\xa8$O\x9c`\xe1g\x82\x99OD\xae\xe0Rl\
\x0d\x81\x0e\xb9\x86\xb8\x09\xda\xfbw\xdb\xb3\xf1\xc5}!\
I\x81\x94V\xb0\xd0/E\xd4\xc2\xc2\xcdjD]\xb3\
\xb9\xd0/+k6\x17=\xe7\xd7\xfck\xd6\x14Uy\
<k\x8a\x8b\x8a6o\x06\xf4\x80\xd7\x85\xb1\xd4\xdc\xc8\
H|vXV\x87G\x07\x008\x10r \xda\x91J\
$f\xe3\x13\xc3\xb1\xc2SKKBbv.\xa5\x16\
Vm\x0e\xa9\x8a\xa6i*\xbf\xb4M\xc0\x99\x0e\x9c\x05\
\xc3\x96\xa8dQ*\xa1{\xb7\xde9\x1d=\xfd\xefC\
\xb8\x91\x1e\x17d\x15\x5cOd+\x8d\x00\x00 \x00I\
DAT\x8a\xc5\xa7\x16n\xca\x830a\x14\x08\x87\x8f\
\xaf\xa6\xd8\xed\x0dRO\xf1?\x03p\x14/\xe7\x8c\x1a\
C8\x80p|w\xcf\xa1\x13'\xea\x11n<\x98\x9a\
\xbc\x0a\xfdm\xd7\x7f\xdf\xfd\xe5w\xcf\xd78\x7f\xf8I\
\xc3i&VZ{o\x9dyk\xf7\xf6Wa\xa8O\
\x9ey\xc5\x8e\x9c\xc3G\x97@\xe6\xf4\xd8\xd3\xe2J\xb9\
\xb93\xa1\xbc\xdc\xbaX\x963HkI\x96\x83\xfa\x04\
\xc0: I\xaa\x92\x02\xad\x22\xb7\x8eE\xe3\xf1\x7f\x0e\
iU~%\x82D\x08b\x19\xca\xf3\x9b\x9f\x0b\x0a\xda\
s\x08,\x82\xbe5`\x01l^\xe3\xf1l\xc6\xb5J\
\x0fL\xa5\xd8\x5c\x1a|\xaeh\xcd\x9a\xc2\x04\x02\x8e\xd1\
\xd4xL\xd1b#\x88q$\xd3\xc9L&5\x90\x5c\
\x1c\x19\x9f\x8d\xa7\x96\x12\x85\xb1\xa5\x9b1\x00\x0e\xa5\xd0\
\xb3\x06>CU\x95GS5MQI\xbb\x8bQE\
\x11h\xf7\xab$\xb1.X\xc42\x94\x1b\x9d\xe7Nw\
\xfce\xa5B\xb2_\x94o\xd4p\x84C\x09\x06i\x8a\
\xc3\xa0\x1b\xa5\xb9\xf3E\x03\xb8o\xf0)|\xc3\xce8\
\x8c=\xd3\xce\x09\x8e\xbd\x90\xe08\xf2&\xe8\x1408\
@\xa8LB\x9f\xca\x83\xc9\xebW\xdd_}\xf7|\xad\
s\x96\x8a\x95f\x5cY\xe9\xc5b\xa5\x02\xa79r\x17\
\xd8[F\xfa\xe4\x96e\x19xX\x12\xa4\xde\x10\x11+\
\x95\xf6fY\x8bG\x8a\xab\x96\xb5L\xaeP\xc5\x12\xa6\
.\x07\xb8\x07J\xf7\x87\xd1tjT{\xbeps\x91\
\x8cX\xc6s\x1eE[\x83\x18\x85\xdf\x83\x80\xa2j\x0d\
\xc29\x7f\x11z]U\x1ez\xae\xa4\xea\xb9\xa0\xea{\
\xbehs\x91*\x17!\x05\x83\x81cd\x221\x1e\x0e\
\x8ec\xe0\x18\x03\xca\x81\xce\xc8\xf8D|vf\xbcp\
|\xe9\xe6x\x22\x15O\x89\x85@Q\x00r\x9eCW\
\xe8\x1a\x04Q\xb2\x82\xbe\x01\xa3)\xc5b\x8d\xaa\xa4\x0b\
V\x13\xb1\xc5\xf1o\xfd4\xc3\xa1`\x8b\x83S*\xb5\
\x8a\x16\x04\xe4 \xb8\xe1\x9c\xde\xc0\xb8\x11\xc8)\xc3z\
\xf2.R\xb1\x86\xbf\x9c\x8dQ\xec\x8c\x92J\xecw\x0f\
\x1d\xda}\xe6\x0c\xf0\x8dI\x1c\x1b-\xb88\xe8F8\
\xdc\xf3\xf5\xce\x1f\xb4\xf4\x9a\x95\x95\xbb\x9d\x83L\xac\x94\
.SY\xe1\xd4J\xe9\xb2\xd0at\xbdQ\xce\x91\x07\
98\x97\xc3\x84\x8e0\x91,a\x92\x04\xd3\xee\xff\xa4\
},5W]XR\xb5\xd9\xa7\x056\x17!%\xb2\
\xa6j\xf3\x9a\xcd\x9b\xab\xfc~$K\x9e\x0f\xa9\xc1\xcd\
%\x9eRU\x08\x22\x0cA\x0a\xc6\xe7\x0f*bD\xf1\
\xa1k\x16\x01\xc7\xec\xc8hl\xe6\xdd\xe7\x008\x005\
R\xd3\x99\xb1Lz\x021\x8e\xd9\x99\x99\xcd3\x13\x89\
\x9b\xe3\x088\x8ez\xd6 \x14\x0a\x04\xfdk\xd0uY\
\x05\xf0\x81\xb5\x03p\x09\x19\xeb\x15\x95\xd8\x1b\xa4\x91\x0d\
g\xcb%\xedl\xef{\x08v\xff\xc2O\x9cQ\x8a\x1a\
\x06\xe5\x00\xa9R\xee5q\xc3\xd1\x15\xb5\xe6\xbeH\x8f\
J\xa0\xd8!/j\x02\x87ud ! \xb9\x91Q\
\x88\x9a\x7f\xe7\xd8\x9b\xc7\x0e\x1d:x\xe6L=&\x1c\
\xa4\x1a{\xd1\x8dp\xb8\xe7k\xfb\xa3\x9f\xbcgVV\
z;\xeb\xdf\xda\xdd\xb8\xe1\x85\xbc5Y>@\x9a\x83\
\x1c>G\x9f\x03`\xc3Kp#g\x12\xa9\xa5\xe7\x8d\
\x84\xa5pH\xdb(k\xca$|.k\x87\x7f\xdb\x85\
\x80\xe3g\x85%\x9bK6\x17\x95TUmF\x07\xb1\
\x8c\xaa\x22\x8f\xa6\x04}AM\x16e\x05\xa9\x0b\xb8\xbc\
U\xd0\x18\x98\x22`\x87S\x8d\xa5\xe6&\x10\xe3H\xfd\
\xac\x10\x80c\x0c\x9d\x91tf,\x99\x1e\xb9\x09R%\
\x15\x9b\x1b\x1d\x9e\x99\x99[\x9c;\xba\xe6\xf9\x92\xe7\xfc\
\x8a\x82\x80\xa3\xc8\x13,]S\x8c`iM\xd5sE\
\xfeR\x04B<\xd9\xc0\xa8A\xa4I\xa8\x1b,\x8e\x0b\
\xffY3\x82\xe6<\xe1\x00\xdc\xa8\x0ca\xc6\xe1\xcdm\
\x86\x0dpt\x83\x17*%%O\xd7)\x1e\xd3\xe0(\
f\xca\xc5\xb6\x9a\x1e\xf7\xb6\x81\xc1\xf1\xfa\xa1\xfd'0\
n \xcc\xc0\x03|\xae\xbbYs\xf7|\xed\xf3\xed\x96\
\xd6s\xacg\x05\x89\x15\xe8\x93\xdd\xf0*\x8e\x9e\x97x\
\xf2,\xa2\xb6\xa9\x15\x7f\x0epxy\xe8`Ke)\
tXgtp{\x13jp\xf4\x81@\x07C\x8e0\
\xbdD\xe5Ph\xe1\xfb]\x8fS\x0f\x0bK\x8a0h\
\xf8\x82\x1e\xbfOQ5MS\xa8\x01Ab\xa3x\xa4\
\xb1`dH\xe1F\x89\xa5\xe2\xa3\xa3\x13\xb3\xf1\x9f\x15\
.\x8c\x8c\x22\xae1\x96\xc9\xa0\x9b\xb1\xe4\xf4\xe8h<\
5\x13\x7f\x9c\x1c\x8d\xcc\xa6\xe2\x088\x10u\xf1\xa8\x11\
es\xd1\x9a5\x9a\xe2G\x9c\xc6\x03\xecc\xcdsU\
\xcf=_\x82.~\x85\xc2\x06\x89\x88\x92\xb1\x80J\xeb\
\x87\xe7Nw\xfcyH\xa1\xad\xf4\xbcJ\x01\xdc\xa8U\
\xca}!\x962wLo\x94\xd2\xf4\x86\xdf\x06\x1c\xc5\
+48\x0c\xe0\xb0\x11\x0e\x037\xb0\xc1Q?\x89\x81\
crjjr\xf2\xba\x9b5w\xcf\xbf\x84?\xdar\
\xd1\x14+\x83\x9d=o9\xd8\x1c\xcb\xe69(\xed\xf0\
q\x8c\xc3\xda\xec\xc6%:l\xa8AZ\xed\x0d\xe4 \
9\xcb\x1a\xdc\x1fFK\x14\xd03\xa6*\x9a\xaf0\xf6\
\xe8\x87\xe9\xb9\x89\xc2\xc2\xcd~ \x18\xaa\xac\xe0\xfa\x0a\
u\x1f lAV$\x91{2\x0d\x88\xe3&\xb7X\
*=21:\x9a\xfe\xa7\xc2\x16\xc48\xa6\xc72c\
]]\xc0;\xd2\x08LRs\xc9dfT\xbe9\x97\
N\xcf\x1dU\xb4\x90*\x8a\x0a\x92A!A),\xda\
\x5c\x04\xf0Q\x82\xe7p\x01Z\x05B\x0c\xa6\xe8\x90/\
U\xd6\xc4\xc1\xce\x0b';\xfe\x9d\xc7D\x0dU\xc1:\
\xa5\x16\xd3\x8dZH\x8db\xd4\x08:ok#|\x83\
\x9f\xec\xba\xdc\x84Qz\xaar**v\xc2\x81pc\
\xebK,\xc1qh\xf7\x99\x13\x05D\xa4\x00n\x5cr\
\xc7\x05\xba\xe7_\xe4\xec\xfe\xc4\x88\x81\xd5\xb7\xf6v^\
%6\x07\xa49<\x9ee\xd4\x0a\x8f\x1e\x81\x1c\xce\xc1\
ze\x83\xe6Z\xd9\xf2\x5c\xf4\xa8\xac\xb5\xb4\xca\x9a1\
m\xf4\xb6A\xfde\xcdS\x5cR(N\xfc03\x97\
\xaay>\x08\x86%\xae\x8e\x92\x95M\xb2\xc18\x04\x89\
\xb31Yb\x1c\x01Al.9211:\xfd\xb0\
0\xf6x$\x95\x9a\x1eC\xb0\x01\xd01\x8d\x80c.\
\xdd5\x96\x19\x11\xc6\xe3\xe9\xf4\xc86\x1c9\x97U\x0d\
\x84\x8fR\xb5\xb9J\x13\x95\xcd\x082B>l2 \
\xec\xa8\xda\xec\xd1\x88N!\xb5\xd7\x9a\xd0\xd9\xde\xf7N\
FO\xffw\x1f\x07\x1b\x16\xc6\xa1T.\xdb\x9c\xc2\xea\
\xb0\xfe\x15\xc6\xbe\x0c\xdc\xc8q8\xac\x1f\x82u\x0a\xd4\
S\x80o\xbcq\x82\xcc\xe0\x98\xc2Q\xf3\x8b\x97\xdc\xe8\
\x97{\xfe\x85\xfc\xd1\xd6\x93fe\xe5V'\x16+8\
z\x9egq\xfd2\x89\x0e+\xe7\xf0q\x81\x0e/S\
+\xdc`\x9fZc\xbe\x0f\xe5\x1cJ-\xe1\x1c\x10\xbd\
\xacQ\x18\xe7\xf0\x15V\x95\x14>\xd7\x92\xce\xcc\xcd=\
\x84\x84\xa6@\x86\xa1c\xf0`\xb9\x0a\xb2=\x9e\x05=\
e\x99M\xe8\x88\x88\xca\xc2br`bbb\xeea\
\xe1pjd$\x8e\x80\xa3\x0bS\x8e6\x00\x8ed\xfb\
Xv:\x92\x88\xa7\x93\xa9]x\xd7<)\xe5@\x86\
\x1d\xe0\xe3\xb9\xcd\x9b\x83\x1a\xbaT\x03ds+\xc2\x0e\
\xe2w\xd0>X\x0d[\x1c?\xf8\xaf\x1a\x9e\x11\xc8\x9b\
\x1b\x084*\x15\xadV\x09\xf9|A_~_4\x10\
 c\x18\xfd+-\xc3\xda\x09G\x91\x03\xe10\xfd\x0d\
\x96\xfc\x02\xa125\x89{\xdb\xdc\xa6X\xf7\xfc\x8b\x89\
\x95Oz;N\x9e<\xf9\xa3\x1f\x11\xb1r\x89\xd5d\
\xf7>\xa5\xdd\xcd\xd1$\xe5\x8c\x0enY\x13i\x5c\xf1\
\xd2\xe2\x8a\xa3\xcb\xa1\xd4b\xceAz\xd1\x15\x95\xc5\xc1\
\x10p\xa0+\xb7xs\xe1\xa9\x81\xcc\xf4\xdc\xe5 \xd7\
p/\x13\xf0\x90\x0d\xe4 C\xc7\x15\xbc3^\xd1\x14\
\xa0\x1c\xaa\xe6YH\x8f\xdd\x9e\x98\xb89\xbb\x00\xc01\
\x90Lc\xe0\xe8\x1a\xebJ.\xdc\x8c\xc7\xc7\xda\xbb\xb2\
\xd3u\x00\x1c\xa3u\xf0\x89\x15\xd5\xe8}\xc5\xf9.O\
P\xd6\x0a\xab6\xfb|\x9b\xc9\xa0\xad5E\x9b\xfdF\
fCQZo}p\xb2\xe3\xcf\x82\x083\x10p\xa8\
\x1c\xd3P\xb4J\xf4\xba\xb2\x12O\x09\xf4\xe5\x9f.Z\
\x1a\xb0\xa7\xcc\x1d\xc0#w\x854[\xecf\xbe\x83\xff\
\xf3\xd2u[_z\xf1\xc5\xef|\x17\x13\x0e\x9c\xfcz\
P?9\xf4\xc0uF\xdd\xf3/,V\xbeh:\x0d\
\xc8A\xc5\xca\x9d\xf7q\xf4|\xeb\xba@I\x89g\xf9\
\xb3<\xe7 \xcfA\xa6WBf]\x16\xa7\xc1\x18|\
X\x06\x91\x92\xcb\x8e4{\xe0(\x95\xaa\x86\xaa\xd6\x14\
\x17\x17\xaa\x13\x99\xb6\xd4H\x8d\x22\xab|\xf6\x1b\x18\x87\
@l\x07E\x03\xd7C\xf1T\x05eQ\x0em\xde\xbc\
9$F\x94\xa2\xe7\x0b[\xe2\xc9\xff\x9f\xbd\xb7\x01j\
\xeb<\xf3\xbeg;\xed\xe3f\xda\xe7\x1cI\x13\xc5\x8a\
0:\xfeH\x8c\xab\xc41\x8ebER\x82e\x1a\xc7\
\xae\xedzI\x9e\x8cq\x9a\xd8N\xbcK4i3\x9d\
\xccfF\xd4\x9bv\xf4\xb6\xd3\xf7q\xb6\xe9\xaa*\xca\
 \xad\x1cK\xd8\xa2,B\x0c\x86\xc1 \xf1\x12I\x16\
\x22\x1e\x8a\xd5\x18\x02\x04\x81c(hq\x08lL\x12\
\xb7!x\xe8\xee\xbe\xf7u\xdf\xe7HG\x9f`\xc7I\
l\xcf\xb9Hm\x8cm\xc0\x1d\xce\x8f\xff\xf5\xbf\xbeB\
\xe3Hr4\xe8\x108\xae|\xe2'\xe0\x88D>\xf9\
\xf8\xad\x0f\x86\xfe\x86\xc0\xf1\xc9s\x97\x108\xc6\x9e&\
%\xd6\xcd\xbc\xb9yx\xbfw\x960\x22\xa8\x00S\x94\
\x08\x16\xf4\x89\xe4*5\xeb\x8f\x96\xe8\x9f\x1e\xf5\x99\x0d\
g~+*IfY\xec\xe7\xaf'?\x14\xab\xe1\xff\
\x07\x84\x8e\xac\xbe(\x14V\x984pd\x13\x1d\xe2\x1c\
\x82\x83\xf4td\x08\x8e=\x9b\x1076l\xc7\x93m\
\xe5?\xac\xc4\x9d_ 807\xfa\x05\xc1!\xc4\x8d\
KVFa\xa7\x0f;\xb3\xd2\x14\xc6\xd3n\xf7>\x95\
\x92\xac(\x979\xf3\x96\xd5!U\xf3nC\xe2!{\
\x22:\x8a\x12\xab}8v\xc0s\xc7k\xbb$\x8b-\
\xc4*9%\xa1\xa9E\xff\xdf>\x1d\x1b\xd6$\xba\xaf\
\xd8\x8ca\xf3\x03Z\xb5\x1e*\xb6*\x15\x83\x88!R\
\xe9h\xf5\x9dZ\x95J\xaeRi7+Ur\xfa\xd2\
\x07WBc\xb3\xb3\x1f\x1eQ_\x1a\x1b\x1a\xf8d2\
\x01\x8e\xd9\xd9\x0f\x86\x22\x9d\x91\xc8\xdf.=\xf7\xf9'\
\x08\x1c\xda\xcd$K\xe1K\x0e\xfc\xc1\x90\x0cQ\xd0r\
F\xae\xc3\xe4PA9\x07\x0f\xc3j\xa2}v\x04\xdc\
_(x\xc3)\xf8\x9f\x80\xb2\x14\xad^_\xac/\xd6\
\xa8\xc9\x06\xf8\x1c\x0eG\xca)^\xb9<G\xdbWf\
3y\xca\xed\xa5Ln@\xc7\xe8v\xec\x8b\x92\xce/\
n{\x0f8\x1cB\xaf\xb9\x107.\xfe\xeeO\xe13\
\x06\xa3\xa1\xd9\xd8\x03K\xcf\xc3\xb8\x81\xf4\xe1\x07\xb7m\
)L%\x872\xab\xd5\x91\xa5\xa5\x83<#\x9b\xd2Z\
\xc1\x12\x9a#\xa3\x8d\x94':\x087\x92\xf8@\xe9\x8b\
\x84BO\x89\x8c\xbet\xe5oC\x7f\x9dV\xf0\x15\x87\
^\xacFO8C\xab\xf4w\x96(\x1114w\xea\
Ur\x91N\xae\xd5\xc8\xd0\xd3\xa4\xd2h\x10>\x90\xe2\
\xb82\x10G\xe0xL\xf3\xf1\xd0\xc0P\x12\x1c\xfe\xc5\
O?\x18\x9aD9\xcb\x7f-l\xfe\xeb'\x7f\x1b{\
E\xcf\xce\xf2?\x80\xb1qg\xe2J\x0anzW\xeb\
\xf5b\x95N\x0c\x8aC\xa1\xd5\xaa\xf1\xc2/}U\xc0\
b8]\xb3]\xafM\x0d=h\x0d\x04\x0e\x94\xa9(\
\xd4`rdC\x06w\xda\x8a\xe1\xd7`\x95Kb\x83\
\xe2\x0b\x0e\xb98\xe3\x0f\xb1\x85\xd8\x03\xb0\xbb\x07w~\
5\x12n\xac\x00k\xf4r\xd3\x9f\x85/v!n\x5c\
|\xbb\xa1\xc3c\x04rx;\xceu\xf4\xf79\xfa\x8f\
\xb3s\xb2i:C\x99gp\x85?\xba\x92\x18\xfe$\
\xbcP\xb0\xa2\x03\xb7t$fW8v`\x93\x94\xb3\
9\x12\xe8\xe0\xdc\x0e$*\x14R0\x17\xe8W\xc6\xfe\
v\xe5\xafs\x1a\xf6\xe9V+\xd0\x83\x0d\xc8\xd8\x8c\xd4\
\x05\xd2\x1aZ\x9dN\x8e\x88\xa1V\xc1cT\xa8Lt\
[\x028\xae\x86\xe2\xe3\xb3\x97J4\x0d\x03\x08\x1c\x11\
.\xfc\xb30\xf36\xd9\xd9\xf9_\xe3\xda\xcf\xae~2\
\xf4\x98\xba$y2\x9a?\x08K\xac\xd0\xcd%\x1aF\
\xc1\xa8\xa0\xb7\x14z\xce \x8f\xd2v\xf9<\x863\xff\
\xc0$?]\xd8\xbeQ\x81\xa9\xa1\x05n\x14\xa9\x15Y\
\xba7\x94\x5c\x11\x8a\xf7\x7fkN\xb9\x91\x96\xa7$\x05\
\x07\xf9\xbdLp\xe0\x8eQ\xcc\x8d\xfd\xd0\xf9\xd5H\x1a\
FqIe\xc5\x85V\xa1\x14+\xc4\x8d\x8co5\xe0\
\x05\xa4\xc6\xe6&6Y\xf9\xd1\xb1\x8d\xa4\x81T\x9e\x93\
\x1c\x89\x9f\x99\x9c\x9a\xa30Up\x14\xf1\xca\xb2)\x8d\
\xa4\x15\x09\xd1\xa1\xc5\xf9\x8a\x96\xb3:p\xba\xc2\xc8\x10\
7(\xbadv\xf2\x93\xcf\xc7\xca\xb4%\x1aM\xc9\x9d\
z\x1a\xc9\x8b\x12\xa5T\xc5h\xf5*J\xa7\xd3\x17\x01\
1tJ\xd2\xa1\xcdk\xd2V\xd0\x07Q\xaa\x12\x8f\x7f\
vI\x0b\xe0\x18\x00\xbd\xd1\x09\xdc\xf8\xaf\xf8\x87c\x08\
\x1c\x11\x04\x8e!\xfd\xec\xd5\xc9+/\xa8\xd4zn2\
%e\x04\x96;\x94\x82H\xa1\x87\xda\xb3Z\xadQh\
\x12\x16\xc7\xe97E\xa9jC\x0b\x03\xb6z|\xbaN\
\x933E\x01~\x88\x98%\xbaE\xb3o\xd9Hr#\
I\x8e\x94\xe5\xc4x\xa9\xf9\x8eC\xbb\xcb\xcbq\xc7\xe8\
\x0a<\xdc\xb6\xe22\xcaT\x04gT\x88\x1b\x1c\x5c\xe7\
\xb9q\xf4\x5cU\xdb\x09G+IV\xd6n)L\xd5\
\x1cy\x9bH\xf9\xe4`\x1f\x97M|\x9f#\xa5\xc2\x92\
R]!\xe8\xd0\x036Xr$\xbf\x89kK\xd4R\
\x0ae+4\xb3\x18\xfa\xdb\x07C\xc3\x1a\xbd\x0c1C\
C\xab\xe4%\x9b\x95*J\xaeQP\x14\xa5\x93\x8b)\
\x89J'Q\xa1\xac\x86\x01\x84\xa8Dz%\xfaY\xa5\
,\xa1\x8f@\xaa\x12\x9f\xbd\xa4Q7\x0c\x84\x06\xb8D\
%\xf2_o\x7f<\xf69JU:;O_\xd1\xce\
^\xfd\xdb\x952Z\xa5\xd2@3j\xc9\x9d\xa9\xd0H\
\xc2c3\xf4\xa2Q\xa2\xc2B9\x80C\xfdx\x8f\xcb\
l0\xffF\x91\x80\x86\xbeX\x8b^\xf4\xf8\x05\x1c\x1c\
unp(\x99\xa5\xbb\xber\x81\x83$*\x1c8\xf6\
\xf0{J\xf7\xb0\x95X(\xc4\x96?N&TP\x5c\
\xc0W\xa6\x9b\x84\xde/!np\xdc\xd1\xc0\x8e\xc9:\
;\xce5\xf6\xb7\xce\xf7\x1f<\xf6(\xdb@\x9a3[\
I\xbb\x9a\xc0wH\x13\x83\xe3\x05\x9b\x0a\xf9\xe4\xe0\x1d\
\x5cI\xdfd\x5cQ\x01\xb6\x00zn\xb1\xee\xe0}\x0f\
/A\x92\x02\xe5*4})\xfe\xb7+\x1fL\xab\x8b\
h\xa9\x0e\xc9\x0c\x1d\xa5\xd1KtrJ.\x96\xc8)\
\x1d\x92$b\x85\x5cEQ2E\x89\x02\x11@\xa5\xbf\
S/V\xa9D\xda{\x98\x86\xcf?\x18\x1a@\xe0(\
\xa2@qp\x82#\x12\x09\x8d\x8f\x8f\x11p\xf87/\
\x22\xc5QF#\xa5\xc2P*0?\xb5Z\xde\x0cl\
\x19G\x0d\xf8A+RI$r\x19\xf8\xa1\x9a\xaa\xa0\
\xdd|\xfa\xff=\xa0\xe1J\xb0\xc5\x84\x1e,8\x10:\
r\x9b\xa2iU\xd8\xec\xf4XRp\x88Db\xfeE\
\x159;\x12\x0b\x05\x95\xdd\xe5\xbb\x9f`\x8dQ<M\
\x0f\xc7\xdb\xc2\x82\xe0\x10\xe2F\xc7\xff\xfaS\x1f\x94d\
\x8dg\x02$Y\xa9\xfc\x11\x22\xc7]\x07R\xa6\xdd2\
5\x07\x93\x83\x1c\x9c\xe8\xc0\x9b\x8c\x15\xe9\x09\x8b&\xb9\
\xa3#Q\x99\xad\xc0\x8d`\xda\x0a\x96\x1c\xbcd\xa5D\
OQ\xd8\xe4\xf8\xfe\xf8\xe4\xd5\xbf\xfeQ\xaf\xd7\xa1g\
[\xa3C2CGI\xd0O\x94J\xa9\x96\xa0\xb7\xa9\
K\xf4\xe8\xc9Qh\xef\x043\x02%\x1d\x9b\xd13\xac\
\xbd\xf3\x01M\xc3\xe7C\x08\x1c\x8b\x1f\x97\xd2\xe0q`\
\xc5\xd1\x19qOF\xfcc\xe3cW\x22\x00\x8e\xc8c\
\x00\x8ej\x9a\xa1\xe4\x089:\x95H.\x16\xe9I\xcd\
\x95\x9d\x83M$+\x88bH\xfdPR\x06\x1a\xe1k\
\x83\x16\xf3\xe9\x1f\x13\x8b\x03WR\xb4\x98\x19\x80\x0e\xbc\
\xb7H\x93\xe80O\xe3\x06\xdbe\x9e\xbf\xc9<\xa7\xde\
H\xce\xb1p\x7f\x99\xdf\xfaE\x8c\xd1\xfd\x89\xd16\x92\
\xa8 n\xach\x15\xa6\xe9\x85\xb8\xf1\xfe\xe8\x91n;\
\xf6G\x0d\xa3x\xc0\x1e'+;\xef\x85dE\x99G\
r\x88\x98|\xd9\x0a\xa2\x06h\x8e\xe4\xb1&\xd6\x22%\
\x17\x983LR\x5c_\x81o\xdf\x15\x15)U\x0aF\
\x05\x17\x0ei\xed\xa2\x7f\xf2\xaf\xe3Z\x11\x83\x9em\x0c\
\x0cJ*W\x88T*\xb9\xbe\xa4H\xa1\xd6\xe0V\x0e\
}\xc9\x03\xa4\x8d\xeb\x01\xae\xa4\xaai\xf8th(\x8e\
\xc0q\x1c\x81#>\x80\x8b*\x93\x96\xc9I\xbf\x1f)\
\x8e\xab\x9d@\x8e\xff\x8a.^\xfd\xe4\xea\xa3\x0c#\x95\
\xeb\x18F.\x861:\x0a}\xfaz\xfe)XvM\
\x88B\x06}`R5\x12\x1c\xafM\x05=f\xe3\xef\
%\xc9\xbe\x0d=\xae\xa5\xe0\x1f\xe1\x1f\xa6.\xcc\xdad\
\x9etE\xf3\xce\xa6\xe4\x06\x87<\x97\xc3\x01\x95\xd8\x0d\
\xecH,68\xc80=\x8e?\xaf\x08\xfc\x9d\xf0e\
.\xc4\x97\xe0\x8f\x921\xd93\x0e\xb8\xb3\xd27?z\
\xf0\x187'\x9b+Ya\xb2\x94V\x98\xf4\x05\x1d\xe9\
\x82\x83\xa4+I\xd1\xc1\xf6\xa0s9\x8b\x1ei\x0e\xfe\
\x90\x18\xfc\xa0 \xee\xa8\xaaa`r\xe8\xaf\xd5\xb4\x18\
1C\xa5R*$b\x91\xa6D\xaf\xd1h\xc1{H\
\xcc\xae\xa6E\x89\xfe\xfd\xcf\xc0\xe3X\xfc0J7\xc4\
\x098&m\x96\x88{6\x1e\x9f\x1d\xf3cptV\
~x\xd5\xef\x8f\xaaq\x9a\xa2F\x89\x11z\x9e\xe1C\
\xe8\xd4\x1a\x18\xd5Ol\xf6\x02\xc9!F\xea\x07i\x1c\
\x94\xcd\xa8\x1f\x8f\x07\xccf\xf3K\x0c\x0b\x0e\x5cH!\
y\x8a\x1e\xe3\xb0HQ\x98\xdd\x16\xe5m\x08\x5cV\xe7\
\x06\x00b\x19\xe0\x90\xcb\xf7$\x0d\x8e\xdd\x5c\x07\x07{\
\x0f\xe1\xcfU\xc2\x9eQ!\xbe$\x7f\xf4$i\x03C\
\xc9J\xedh8\xdc\x8d\x93\x95\x87\xb6e$+\x99\xc7\
\xa8s\x89\x0e\x0c\x0e\xf2S\x01y\xe1\x06\xed\x01\x1d\x9a\
\x8c\xea\x8a\x1e{\xa4(Y\xc1\xc2\xbf\x98S\x1cj\xd0\
\x17\x88\x1c\x8f\x8dM\x86\xfe\x1a\xa5U*F\xa1T@\
\x8b\x95\x96\x05\x05kB\xa4\xbc\xc6UU\xf5/\x7fv\
u >viv\x82\x80\x03\x09\x0e\xb7\x05\xfdo\xe1\
\xbd\x81\xd91['p\xe3\xf4\xc8\xe2U\xdb\xe4)5\
E\x8bK6#=#W3\x94D.\x92\xc0X\x9b\
\xbcH\xcb&)\xf8\x7f\x1a\xc40\x94\xcf\xe8\x11\xa9\xd4\
\xd3S.\xb3\xe1\xff>\xa5I\xd6R\xb0\xb9Q\x84\xfe\
\x05\x18\x8a\x9a\xc2\xcc&s\xd2\xf4\xc5\x11wY%X\
v\xe9W&7\xe4i\xdd\xe6Xp\xac\xdb\xfe\xe4\xa1\
'\x0f\xed\xde\xb9\x8fMT\xc8\x0a\x8e\xcb+\xfe\xdc\xda\
$\x9c\x8a\x15\xe2K\xf1G\xcfu\xd7\xe3\xca\x0aIV\
\x1c\x01\x9c\xac\xac~j95\xd9\x0c\xa3\x83\xe1\xdfy\
+L)\xcb\x92t\xa5(\xd1\xd2Q\x9c:\xfbV\xac\
-\x06\xa3\xa3\x98u\x1b\xe1\x91,\xc2\xe0\x90\xd0\xda\x05\
\xbf\x7f\xe8\x8f\x8cJM\xca\xb4<!\xc0\x9d_d\xab\
 e\xbcV\x0c\xed\xfb\x9f]\x8d\x8f\xcf>\xfd\xd94\
\xdd\x80\xdd\xd0\x88\xdb\x0d\xd9\xca\xc2,R\x1c6\x8b\xa7\
\xd3\xd3\xd9\x89\xc0\xe1\x9f<\xa5\xd70\xfa;7\x8bh\
\x99F\x8f>\x9c\x12\xc1C\x82\x84\x87\x84\x81\x94E\x8b\
gQP\xa6\x82\xb3&5fE\xed\x94\xdd|\xfa\xef\
\x196K\xc1\x8d\x1bx\xaf*\x98\x1c\xc0\x0dua\x16\
[\x14\xdb\x1bKl\x08\xcc\xe4\x86.+8\xd2\x13\x15\
\xbcdt\xd7\x0e\x98\x8a-?\x8c\xc0Q\xc5*\x0e\x98\
\x8a\xbd\xe0\xa8\x14\xbe\xc4\x85\xf8R\xe2\xef\xba;\x92\xc9\
J\x7f\xdf\xfcY\x9c\xac\xdc\xbb6e\xc0~9S\xf6\
\xfc\xed>ll\xe2DGbG\x07\xbf\x1b,A\x8e\
\x22.]\x01\xe1\xc1\xb5ok\xf5\x12\x15V\x1c\xccb\
hrh\xec.\xb5\x96[&\x9e=\xca6\xb3\xfb\xb9\
x\xe0\x98P\xfc\x15\xc01>4\xe9\x9etC\xf8\xe3\
\xe3c\xb3\xe3!\x1b\x80\xe3\xf4\x0c\x06\x87\x06\x9fc\xd0\
K\x14%zZ&V+)\xe8XE9\x92J\xa7\
!]\x1c\x08\x1d:\xf0F\xe5Xp\xbc\xd6\x16\xf7\x98\
\x8d\xffBa\xadAz7\x80\x18z\x96\x1bE\x9a,\
\x99\x0a\x19\xa2\xe7aC\xb9<o#\x0f7\xe4\xa9\xad\
_\x1bv=\x09C*?\xacd\xb7\x05\xc2\xf9%h\
6\x0f\x9f\x15\x9cQ!\xbe$\x7f\xf4\xdc\x9f\xce\x1a\xf1\
60\x94\xac\xb4\x8d69\x1a\x0f\x92d%\x1f9\xd0\
c\x90\xdf\xe8\xe0\x1e\x9d\x945\x1d\xac\xd3Q\x90j\x92\
\xa6\xa0C\x8f\x1fG\x92\xab(d\xd0\xabA3\x0d\xf1\
\xc9\xd0\xd0\x84\x82\xeb\x0c\xd3\xe6 \x07(\x0e\xb8\xca\x82\
\xd7\x1d\xeb\x118\x06\xc6\xff\xf4\xdc\x07#\x08\x1c\x8bc\
\x00\x0e\x1b\xe2\xc6\xc0\xd0\xd8\xf8\xec\xf8\x80\xcd\x83\x04G\
\xe7\xcc\xe2\x15\xff\xe4;\xe4n4\xd6-\x0a\x9d^/\
\x95\xea\xf0X\x9bD\xa2b\xc8&Qm\x89\x9a\xa6$\
\x8c\x8e\x82OK\xf1\xf8\xdbA\xb3\xd9\x04\x16\x87^\xcf\
\xa6)Ilh08\x0aSn\xa7\x90m_\xc0\x0d\
\xe5\xb26\x04.\x0f\x1c\xe2T\x87c\xfb.\xf0F\x9f\
\xa8\xe2\x81c\xc5\x8a\x15\x1f\xb5\x06\x84=\xa3B|Y\
\xf1\xbf\xba\xff\xd4\x94LV\xfa\x1cx5\x07\x22\xc7\xfa\
5\xe9\xab9\xb2\xd6d\xf3m1\x86t%u\x1bi\
\x01\x7fO\x07[\x9b\x05\x7f\x80MY\xc8\xf7o-\xfb\
\x22\xc6\x8a\x83:25\xe9\xbf2\x07S\xec\xec\xda\x9c\
Txh\xcbX'\x93\xfd\x11\x17T\x01\x1c\xc1\xe8\x9f\
>\xbb\xfa\x0e\xdd06\xfb^\xc8o\xb3\x85B!\xc4\
\x8d\xb1\xf1\xf18R\x1cf\x84\x8e\xae\xc5\xa1\x01\xff)\
MI\xb2aC\xbb\xb9\x84Q\x15\xa8\xa5\x14\xf4\x90P\
\x22\x8d^\xaf\x01Z02\x95\x88Q\xa9\xc0\x0aUW\
\xbd\x1d0\x1b~~?\xb68\x8a\xb9:\xac\x86\xc5\x86\
FST\xc0\xcf\xd5\x12\xbd\xa2y\x93\x14q\xfe\xc8\xc6\
\x0d\x11\x0f\x1cx(v\xd7\x8e\x1d\x87\xca+\xab*\x0f\
s\xd3m\xc0\x8d\x13\xe1\xef\x08_\xdeB|y\x92\xa3\
\x1b\xcf\xac\xb0\x95\x95\xc0<\xbe\xed\xf60\xae\xc9\xca\xf3\
\x94ds\x0e\xae\xa4\x9c\xa6&\xc7\xde\x92\xf9J\x117\
\xf8\xa6I\xec\xe9H]g\xcc\xb2\x03\x1eL9\x80C\
E\xbfVk\x9b\xbc\x12/\xd3\x10\xc5\xc1\xa1\x83\xbb\xd7\
Z\x92\xc4HYB{\x94h&\x86\xae\x04\xef\xe9\xfe\
\xc46M\x1f\x19\x8a\x87\xfc\x03(\xe2\xf1\xf8\xd8P\xbc\
va\xc0\xe6\xb6x\x108f\xba\x87\xc6\x06\x12\xe0\xe0\
\x0a(\x08X\xd0\xd3\xa1C\x8aC\xa3\xd7(5\xda\x12\
\xbd\x0e\x16\xa0\xab\x18lq4N\xd9\xcd\xc6\xbf\x17\x11\
\xb5\x01\xec(J\xaa\x0d\x88\xf4\xee\x0dl13\xcb\x9f\
\x9f\xbf\x0e\xc1A\xa6\xe9w\x1c\xfa!\xe2\xc6\xe1\xe4T\
\xec\x8a\x8f\xea\x85!\x15!\xbe\xc4\xf8V\xf7\xb9Q\x9c\
\xac\x9c\xe9;W\xd91\x1a\x9e\xef:\xc8m \x95\xe7\
_\xcb\xb1\xe4\xe5\x04E\x01v9\xf8\xd3\xf6E\xbc|\
%!9\xf86)\xf9F\x8e\x9eQ\x0dt\x91#\xc9\
Q\xba\x10\x88\x84\x06\x86\x19\xc2\x0dn\x96\xbd\x04\xf3\xa3\
\x84[S\x0a6\xe6f\x0e\x1b%\x08\x1c\x03C\xf1\xe3\
\xdd\x11\xdf4}p,\x1e\x8a r\xc4\xc7\xe3CC\
S\xed\xc7\xa6\x03\x16\x0b\x80\xe3\xf4\xbb\x1d)\xe0\x80q\
~\xc2 \xa4 \xd4:y\xa1B\xadQ\x17\x22p(\
h\xa5\x08\x01\x0c\xc0\xa5^\xdd\x16\xf3\x98\x0c\xff*\xc5\
v\x0c\x91\x1b\xe8O'\xb0A,\x8e\xa4\xd9\xc3e)\
,8D\xcb\xcdR\xe4\xcbu8\xe4\xd8\x1a\xdd\xb0k\
\xc7!\x10\x1c\x87\xd9\x03Ld\x9a\xfe\x82S\xe8\x19\x15\
\xe2\xcb\x8cs\x1d\x0d\x19\xc9\x0a\xb19\x94\xcb\x04G\x92\
\x1di\xe0H\xb6\x85\x15\xa4\x1c\x98\x85\xca\xac\x86\xfb>\
]\x9c\x5c\xd8QD\xe6\xc4\xb0\xd5\xa1\xd1\xa9p'\x87\
&\x1aC\x0f\xfe\x88\x88\x9bd)!\xd4(#\xd2\xa3\
\x84%\x08/\x7f\x01\xc5\x11\x8d\x8f\xc57vG\x02\x00\
\x8e)_\xa7'\x14\x8a\xbf\x17\xbf\x12\xef\xdd\x18\xad\xf2\
\x11pt\xbe\xdb80\x16J\x80CK\xde\x11[\xba\
\xd1\x16\xe95p\xf0I\x892$\x85T!\xa7`\x89\
1\xb18L\xe6\x9a_\x89\x00\x1aPIA\x7f\xac\x08\
2\x14\xf64=\x22\x0d\xff\xb8.Rl\x89.\xdbe\
\x17a\xc5\x99\xabFs\x1f\xa1\xc6\xb5\xd8\x0d\xdb\xe12\
\xfd\x0f\xc1\xe1\xc0\xb5X\xdc2z\xf9\xb2\xe3\x84\xd0\xc2\
!\xc4\x97*9:\xba\xbb=g\x8c\x90\xact\xe3d\
\x05\xf6\x08>\x0a'\x9aRk\xb2\xcae\xed\x05\xcb\xc4\
\x06\x97\xaf\xa4\xcc\xda\x17%\xcfS\x17\xf3\xc7XHS\
\x04\xd6\x1c0\xef*\xa1d\xd4\xa3S\xee\xc9\xd0\x9c\x9a\
\xb7\x00\x83\x1c?\x22\xab\xc2\xd8\xd2G\xaa\xf1\x81\xc01\
4\xb0wb28\xcd\xbc<>`\xef\xf4\x8c\xcc\xc5\
\x07\x06b\xc3\xf7D\xa3U.\x0b\x0e\xcfLc(\x1e\
zG\xcd\xa1GK\x16\xf3\x94p&\xacB\x0a\x89\x12\
\xd29j9#\xa6T\x22lqLO\xf9L\xe6\x9f\
\xdf\xaf\xc6\x93\xb08M)b\x1bb174\x05\xa9\
Y\x0a\xe9\xddP^k\xabh\xfeLeO\xe2o\xc9\
\x95x\xaf9L\xa9\x1c\xda[Y\xc5\x1d`B\x82c\
\xc5\xe5\xcb\xf5a\xc1\x19\x15\xe2K\x96\x1cm\x90\xac \
\xc9q\xa6\x0f\xb7\x81\x91d\x05\xcf\xc9\xe6u9\xb2\xe7\
+\xd9v\xd7\x80I\x9az\xd2\xbe \xad\xc0\x92\xb6\xb0\
\x03\x1eI\x11|\xbf\xc5&\x87+\x12\x8a?\xa8N]\
\x9cCz,\x082H\xb9E\x9b\x10\x1c\x08\x1c!\x9b\
m_C(>\xb2\xe5\xfdq\x9f\xdd\xe3\x19y6:\
\xdd\xfe\xc0\xe6\xe3\x04\x1cv\x04\x0esW\xd5\xfcdp\
X\xaf\xe5\xa6\xe7\xd3\xf6\x95\x8b\xb0\xdeA\x1fT\x0de\
a\x95\x1a\x1b\xb6USv\x93\xe1\xef\xc5l!\x05\xa5\
)\x18\x19Xr`p(\x98\xc2lY\xcar\xb6\x8a\
.\x87\x1b\xa9\xab8\xe4\xec\xc1G\xd8\xfb\xb5\xf3\x87U\
U\xdc\xde/\xbc\xdd\xfc\xb2SX\xdf#\xc4\x97-9\
\xden\xe3\x92\x956~\xb2\xf2\xbd\xb4d%\x1b8\xb2\
i\x0e\xa52\xc3\xea(L,3V\xe0\x0b\x91\xfc\xbe\
\x8e\xa4\xda\xc0\xffC/\xc5 <\xf4xT^\xa2\xa2\
K\xa6\xad(W\x19\x16i\xd3\x03\xd6\x1c\x97h\x93\xe5\
\x16@\x071:\xd4\xd1\xc9\xce\x9a\x17\x1b\x86\xe2\xefj\
\xde\x7f\xcfe\xf7XF^\xc3\x87\x9b\x00\x1cM\x16;\
z\x83\xc7\xf0nU\xe7\x99\x1fs\xdc\xe1\xdb'\xf8]\
\xe3!;J\xa7\xd1\xeaE*JB\x89\xa1iC\xbd\
\xb5+f1\x19~)\xc5\xee\x86\x067n\xe85\x5c\
\xaa\x02'\x1fy\xee\xc6\xf5\x0d\xb4\xc1\xba\xaf|\xe0\xe0\
\x1db\x92\xb3\xe3\xf4\x1bv=yh\x7fRp\x90M\
\x1c\x97\x05gT\x88/?\xba\x07\xda\xba\x9dg\x0c$\
Y\xa9\xea\x0f\xcc\x93=\x82w\x1dX\xbfd\xb2\x92\xad\
,\xab\xcc\x229\xd2<Ru\xc2)\xd5\xa4\xde_\xe1\
\x18\x82B\xa1\xc2\xd7\x09\xa4\xfah\xccb\xf3\x8f\x90n\
\xcd\xd4I8|\x09)\xc1\x0dNth\x118l\x00\
\x8e\x81\xe0\x9b\x8a#A\x97\xdd\xec\x19y\xed\xe1\xd7^\
{\x01\x83\xc3j\xb7[\x108\xcc\x08\x1c\xa7\x7f\x9c\xb0\
L\xd2C-\x15c\xc5\xa1\x17\xc1^\x10J\x09\xe0P\
<\xd1\xdf\xe21\xd5\xfcJ\x02\x8aH\xc3\x22\x83{\x81\
k\xb1\x9c\xe0Ho\xf9\x12-\x97\x1b*\xb2\xf0+w\
\xa2\xc2\x1bba\xf7\x05\x22\xc5\xb1\xeb\xd0\xce\xc79\x87\
\x03\xd0\xf1\xd1\xe5\x8fN8\x04gT\x88/_r\xf4\
\x84\xff3\x99\xact\x8c6\x91i\xb7\x9d\xf7>\x95\xb1\
\xd4'\xafE\x9a#[QrVGA\xb6\xd2,\xaf\
\x97\xb4(\x91\xba\x80\xef\xa8&\xe0\x10\xab{\xe7\xec\x16\
\xffY\xbd&e7p\x12\x1d\x5c\x8aQ\xc2\xb5\x88i\
\xb5\x0a\x00\xc7\xbe\x09\x9b\xef]E4\x80\xc0Q\xf3\xce\
k(^x\xe1\xf8\xb1\xe8t\xab\x1d[\x1c\x08\x1c\x9e\
\xd3u\x15\xda,\xd0\xc0\xc3\xb9R\x89D,\x11k`\
\xfc\x8dd*\xfab\xf5\xe1~\xab\xc9\xfc\x93-\xeab\
.M)J\xd1\x1b\x05\x0a\x06\x9fLQ\x8a\x96\x9ah\
\xcb\x95\x9a\xa8\xd2\xab+\xf9.B\xe2\xde\xaf\x0d\x07\xb6\
#\xc5\x01=\x1cUIn\x5c^Q\x7fVpF\x85\
\xf8\x0a$\xc7|\xe0?[\x13\xc9Jm\x8f\xc3\x8e\xa7\
\xddvf\xd8\x1c\xd7x8\x81I\xed@/H\xbd\xf8\
\xc6\xd5f\x8b\x8a2E\x07|G\xd7\xe1\xa2\x82\x8az\
`\xda\x17\xb1\x05W+\x92\x8a\xa3\x82\xb7,\x8c\xbb\xcb\
\x92\xec\x0dC\x8f}\xd4\xdfY\xf3\xc4\x84\xdbzQ\x1d\
\x0dX\xed&\x0b\x80\xe3\x05\xf4\x82\xc0\x11\xc4\xe0\xb0$\
\xc0\x915\xf4\x22\x1d\x0c\xb61$_\x82\xa97}\xb1\
F_5j7\x19~@i\xf4\xc4\x15\xd5'\x14\x87\
ZS\x007\xa6\x01\x1c\xca\x14\x9af\xed\xdc\xc8\xcd\x0d\
\x15\x956\x1e\x9b\x07\x1c{\xd6\xe0\xc5\xe6O\xee\xd8\x01\
\x82\xa3\xaa\xaa\x11\xb2\x14\xf8\xef\xf2\xe5\x8fZ\x05gT\
\x88\xaf\x22\xbe9\xe0\x09\xfc\xa7\x03WV\xec$Y\x09\
`\x9b\x03\x9fh\x12\x89DK\xd6V\xf8\xf9\x0a\x7f\xa1\
w\xda\xf0\xca&\xde\xbd&\x9eO\x9a%WA\x8f%\
yh\xe5*Z?\x11D\xb9\xca)&9:\x9br\
q1\xc9\x90\x84\x08ap\xaa\xd2m\x0b\x028\x5cv\
\x0fR\x1c\xd5Hp p\x1c\x9bF\xa9\x8a\x1d\x14\xc7\
\xc5i\x04\x8e2}\x0er\x88trJ\x22U\x14I\
td'\xa1\xbe\x18,\x8e\xb3\x16\x93\xf9\x9747\x08\
\x9btFAn\xa0\x00n\xc0\x11z\xde\x16\xf3\x0cp\
\x88sS#\x8d\x1b\xe2\xfc\xc7\xebIE\x05\x86\xdb\x0e\
\xed\xabD\xe0\x80r\xcaG+\x80\x1b\x97/8\x1b\x85\
\xafi!\xbe\x1a\xc9a\xea{\xdb\xd0\x8c\x93\x95s8\
Y9Kl\x8e\x87\xb6mb\x96\x92\x19\xfc.R\xf4\
\x9f2u\xadw2]Q\xb0\x83o\x0aE&:\xa0\
\x93\xb4\x00wC$\x9dR5\x96\x1c:\x19\x13\x8d\xb9\
\xdd\xb6~09\x8a\xc9\xae\xbe\x5cB!QK\x8d\xda\
\x225/N\xd8\x82\xef\xaa\xc1\xe3\xf0XN\xbdP]\
\x8d\x15\xc7\xb1J\x16\x1c\x06\x0c\x8e\xe73\xc1\x81G\xfb\
\xd5x\xfd1\xa5a\xd3%\x056k\xf7\xf6\x9f\x04\x8b\
\x83\xe2x\xc1B\x03>mb\xf7B\x96\xc2\x9a\x1b\xcc\
\xb5e)\xb0\x09\x04\x22\x1d\x1c\xe2\xdc-\x1c\xc4\x18\x85\
\x93\x8f;\x7f\x88\x12\x95\xc6\x15+>\x82\xd5\xe6\x90\xa9\
8\x04gT\x88\xafHr\x04\xcc\xa6\x9e>X\x5c\xdc\
l&\xc9\x8a\xa3\xe3G\x89u`i\x92#\xeb\x0aR\
\xf6\x89\xc1\x8d\x0b\x00\x0deV\x8b\xb4\xb0\xa0\x90\x1c{\
K\xed\x08C\xe8P\x17\x11\xaf\x80\x97\xad\xa8I\xff\x93\
Jv|\xcen\xb1\xc5\xf4jvY_1_oT\
\xa4TY8k\x13\xc0\xf1\xcc\x84\x0f\x81#\x1a\xb4\xba\
,\xf6S\xa07\xaa\xb1\xe28i'\xe5\xd8\x8bU\xf3\
\x9d?~(\xed\xfd\xe0!\x19=l7\x05^0\xc4\
\xa0\xd5\xc9qr\xc2\x80\xc5a\xfa\xc96F\x934E\
Y\xb9A\xbc^\x05A\xa8\x92k\xdd\x10\xe5\xd9\xa3\xc1\
c\x06\xc5Q\x83R\xa92V\xf9\xc8s\x14V\x94\xdc\
\x05&\x94\xa9\xec\xc3\x0e\xc7\x0a\x9c\xa9@\xef\xd7\x05\xc1\
\x19\x15\xe2\xab\x8a\xc6y\xaf\xa9\xa7\x09\xfb\xa3PY\x99\
\x83\x9a,\xb69\xbe\x97\xd1\xcd\xa1\xccy\xe0\x8d\xf7G\
\x94\x859\xa2`S\xca\xd8lBr\xc0\x9djx\x14\
\xd5Ith\xc8\xc9\x03\x15]2b\xb5\xd8\x02{\x19\
\x18b\x81\x13&d\xb1xz\xba\xc2\x0b\xc51\x9b\xa7\
\xe6\xa7\x13>\xd7\x9b\x0a\x04\x8e\x80\x1b\x81\x03Qc\xeb\
\x03\xaf=z\xecp\x10\x14\x87\x1d\x81cb\xb2\xb3\xee\
!=\xef\xc8<7)\xaf\xd7\x92\x82\x8eJ\xadg\xb8\
LE\xafW\xeb\xab\xce\xdaM\xe6\x1fPIO\x14z\
E\xb94\x05E!\x91\x1a\xcak[a\xaeJD\x96\
\xd6\xf3\xd4\xbe\xaf\xf4\xa9\xd8\x0d8Q\x01\xc1Q\xd9H\
\xb8\xd1\x88\xf4\xc6e\x87\xe0\x8c\x0a\xf1U\xc5\x1d\x01\x93\
\xc1\xdb\xe3<cl\x86d\xe5\x1c$+\xb8&\x8b[\
\xcf\xf7\x88\xae%\x94\xac\xe6\xc8\x16\xe4\xcd\x05\x85\x8a4\
\x9b4\xb9\xd28\xa19\xd0c)\xc2\x97\x96t\xb4\xa6\
\xbd\x05\xe5*\xef\x88I\xd7\x15F\x86\x1e\xab\x0f\x16\x1f\
\xa9\x1b\xd2\x91\xf2`\xa2\x08\x1c\xcf4\x84]o\x22\xc5\
\x11\xf4E\xec\xedHn\x94\x96\x028&Z\xec\x10\x16\
\xcf\xc5\x097\x07\x8e\x0a-\xef\xf6+\x16\x17Dh\x14\
\x15\xe1\x8cE\xa5\x003T]\xd2x\xc2\xe25\xff+\
\x9d\x10\x1c\x18\x1bj\xb8/\x0dg\xa6\x15\x0a\xb8\xd1\xc6\
\xca1y\xfe\xbd]<lP\xaa<\xe4\x10\xe7r8\
`\xb8m-^4\x0aM\xa3(V\xc0q\xfa\x15\x8d\
p\x9c\xfeB\x93\xe0\x8c\x0a\xf1\x95\xc5\xff\x8ex\x0d\x8e\
\x1eS\xb3\xd1x\xc6\xd0v\xae\xb26\x16f7\x90\xae\
~j\xdb\x1a\xe5r\x0cR\xbe\xecP\xe6\x15\x1d\x85\x05\
\xdcn\xc1\x94[\x91j\xb6\xae\xa9!\xab-4zF\
\x8a\x9f\x12\x15\xd5;hw\xdb\xfa\x15\x1ans\x0e\x9b\
S\xe0g\xbd8\x8b]\xaa8\xe6C\xe0\x88\xda\x5c\xbf\
\xd7\x008P\xaaR]\xbd\x95\x05G\xcc\xc5\x81\xc3\x16\
\xa9\xe3.9\x925\x80,6\xb4z\x1d\xe6E!I\
\x96t:5\xb4\xa51\xe5\xfd'kL5/Q$\
\xa7*\x22\x9f.\xa8\x0d5{`\xba\x90\x98\xa2\xd8\x12\
M\xa2\x03\xbf\xaa\xcb\xaa6x\xcc\xa0\xb2O\xba%\xf5\
F\xa2\xd3\x5cN\x16\x9b\xc3\xc9G\x04\x8e{Y\xc1q\
\xe2\xa3\x15\x8c\xef\x90\x81\x00\x00 \x00IDAT\x7f\
\xfehE\x15\x16\x1c\x823*\xc4W)9\xcc^C\
\xb8\x07\x5c\x0e\x9c\xac@\x03i\xd5\x8f\xf0\x84\xfdS\xdb\
6e\xa8\x8a\xa5\x06W\xd8t%\x1b<6\xe1\x9e\x0e\
Nv\xa4\xb0C\x8d\x95?i\xdf\x86*\xa7\x8e\xc2\xe0\
\xa0\xabg|\x16[\xf0!\x06\xb7\x94\x16\xeb\x13\xfc\xd0\
\x93\x03\x05\xf0CE\xb2T[A\xc0\xf1\xd3\x09\x9b\xf5\
\x22\x80\xc3\xca\x81\xa3\xf4\x85G\x8fEc>\x9f\xcd\xe6\
C\xa9\xcaaw\x02\x1c\x18A\xc5\x5c\xa6B:HT\
\x90\xa9\xa8t(\xe4X_0\x87WX=`q\x14\
\x15q\x9d\x1b\x1a\xee\xb3&\xe0P^\xcb\xa1\xa5\xa4\xb5\
\x91+M\xe1\x81C\x99\xea\x8c\xee)\xdc\xb4e\xfd\x06\
2\xa4B\xa6T\xf0\xcd\xb6\xcb\x7f\xfe\xf3e\xc1\x19\x15\
\xe2+\x8e\xefFL&C\xa0\xa9\xb9\x19\xb7\x81\x9d\xab\
\x1a\x0d8\xb9\xd6\xf3\xb5\xeb\x0b\xb3f$y+-J\
%';\x94Y4\x07vI\x0b2+,\x84\x1d\xe4\
[\xbaF#\xc7\xdf\x89U2\xed\xb4\xd5\xe2\xf6\x0dS\
\xdc\xecl\x11^P\xcan\xee \x02\x04\x8c\x8f\x84\xfa\
`\x8e\x85=`\x8eZ\xdfT\x1f\x0b\xb6XqU\x05\
\x83c\xe3\xb1h\x8b\x0f\x85\xddc\xbex\xce\xdd\xf9\xe3\
\xa78\xd5\x82\x11\xc4!IA\xee\xc2i\x8a\x94\x08\x1c\
b\xa4<\x10+\xd4\x9a\xaa\xb3.\x93\x09,\x0e\xae\xdf\
\x8b\xf36\xb8\xfbK\xb9\xc6R\xd0?A\x94\x8d\x1aI\
tPK\xcd\xaa\xec\xe1\xddn\xc33*\xeb\xd7m8\
\x90t8\xaaN\xc0\x86\xd1\x13 8\x04gT\x88\xaf\
6\xbe\xdd\xd7\x89\xc8\xd1\xe4@\xe0\x80\xa3\x90\x95\x1d=\
\xe1\xf9\x1e2'\xfb\xd0\xda-\x85\xd7\xa69\x089x\
\x19Kz\xe2\xb2)\xb1 ,Kk\x87\x9ak\xc7d\
\xf0#\xa5\xa3\xd5\xedA09\xd0\xa3\x5c\x8cw\xf5\x15\
s7\x90\xb8\x8d:\xdc\xda0V|\x10pD\xed\x18\
\x1cu.\x8f\xbd}\xebV\x02\x8eG\xa3-.\x9c\xa9\
\x98.\xb6[\xcc?>\xa0g%\x07{\xe7\x80\x84R\
Ej*\x1a\xfc\xd4#\xe5\x01\x9b6\xcafZ,^\
\xd3\x1f\xe8D\x9f(\x01\x87:q\xf2\x91\xc9\xa57\xf2\
\xa5(8tKpcO\xba\xe0X\xb3~=NT\
\x107\x88\xc3\xd1z\xf9\xa3\xcb\x17\xfe\xdc\x08\xdc\x10\x9c\
Q!\xbe\xda\xf8\xc6\xbc\x09E\xd8\x04\x92\xc3\xd9\x81\x93\
\x95\xf9\xfeG\xc8\xd0J\xb6\xdd\x1c$\x97\xcf\xddC\x9a\
\x10\x1d\xa4:\x9b\xa1;\x0a\x0a\xb8V\xd2tp`t\
@(t\xf8\x99\x92\x89\xb1\xc9qV\xaf\xe0\xa6ga\
\x90\x16DG\x22s\xd1\x93\xa3jD@h\xd5\xc7|\
\x16\xcb3\xe7\xec\xd6\xdf\xaa\x8fY\xad\x18\x1cXql\
}xo\x14\x9b\xa3P\x8e=\x8c\xc1\xc1\xf9\xa1\x5c\xa0\
\xf7\xab\xd1\xa9\x88\xb3\xa1P\xe1\xa13L1Qy\x7f\
]\x8d\xb7\xe6W2\x8d\xba(YH\xe1\xdd{T\xc0\
\x22\xd6\xa5\xb3\x14\x8a\xd4]Uy\xf3\x94\x0ckt\x0f\
\xbf\x14\xbb\x07qc\xddv\xe8\xfd\x82\xa6\xd1\xca\xc3\x95\
U\xad\x17\x108.W}t\xe1B}X8\x88 \
\xc4W,9z<Hrx\xed\x06 G\x00'+\
\x0eG\xd5q\xdc\xcdq`\xdb&e&8\xf2j\x8e\
\x84G\x9aDGv\xc34\xb9]PQ\xa0f_\xc0\
+\x85o\xeb(W\xd1Q(W)\x9dq\xb9\xdd\xc1\
'EE\x1av\xf7\x8f\x1e\xc3\x83[5\xc8\xad\xff\xac\
`\xbd\x0f\xe6X\x00\xc0\xe1\xb2\xfeV\xc3\x82\xa3\xfa\xde\
R\x0e\x1c.\xe0\x86\xc5\x84\xc1\xb1A\xa3\xcf\x0c\x05H\
\x00J\xaeA\xca\x03\xe4\x81\x12{\x1aL\xfb\xa0\xb5\xc6\
\xf4\x93\xf5\xa2\xa4\xb9\xa1V\xf3\xb9A,\x8e\xfcb#\
\x9d\x18\xf9\xb9\x91Mq\xc8I\xa2\xc2\xf5\x8c\x1e*?\
\x0c\x82\x03q\xe3\xa3\xcb+\x1a/\x5c\xb8 8\xa3B\
|\xe5\xf1\xad\xb0\x09\xc8\xe1\x00\x83\xd4\xf06JVb\
ao\xf8\x08n=\x07\x83Ty-.\x07W_\xe1\
\xa1#\x0b8\xc0\xe8\xd8T\x90f\x92\xaayn\x07\x03\
\xcb0t*\xa9~\xda\xeav\xfb\xda%\x9a\x94!\xfc\
\xe4\x92R\xac?\xd8\xe4\x05{\x1c>\x0bJU|\x08\
\x1c\x8f\xb2\x8a\xe3\xc1\xd2\xd2\xb2\xd2R\x04\x8e\x13\x04\x1c\
\x1e\x00G\xdd\x01={\xc2\x91\xe8\x16<\xd5_$R\
\xa1g\x94b\xf4j\x1d\x06\x87\x02\x17^\xf5U\x83.\
\xaf\xe9\xffP\x0au\xc2\x14U\xa4\x862K\xa3\xe8\x0d\
\xe0\xc6\x9e\x14\xc5\x81\xb9\x01\x0e\x07$*Hp<\x01\
\x9b\xcd\xb1\xe0\xb8\xd0\xb8\x02\x09\x0e\xc1\x19\x15\xe2\xab\x8f\
\xfeN \x87\xd3\xdb\xdcL\x92\x95\xda>\x87\xe7$I\
V\x1e\xccbs\xf0\xc9\xa1\xe4\xbd\xa4\xb5\x8beF6\
\xc9\x91\xbc\xfb\x06\xc8HTh\xf1q\x15J\xa5\x18n\
A\xb9\xca\xbb\x0a\x94&$\xf6\x03'\xb6\xff\xe8\xc9\xd2\
`r\x8a\xb1\x18\xe5,z\x06WU\xa2\xa08z\x11\
8,\xae\xf6R\x00GY\xe9\xc3\x8f>\xdeBZ\xce\
Aqx\xea\xb6\xc3\x86r\x9c\xfbp\xe7QP\xa6\x02\
\xc6\x0a\x852\x95B\xf2\x5c\xab\xb1\xe0(\x9biq\xd4\
\xd4\xfc;\x8d\xeb>\xd0\xb7\xa1N\xe3Fa\xe6RQ\
]^g\x83\xed\x16\xa5\x96\x12\x1c{x\x8a\x83\x0c\xc5\
r\x82\x03\x81\xe30\x94T\xea/\x5c\xbe|\xe12\xe2\
G\x93\xe3\xbb\xc2W\xb1\x10_y|3lF\xe00\
:M\xbcd\xc5\xd3\x05\xe4\xd8y\xd7C\xdb2\x07e\
\xa1\x894\x93\x15\xe9\x10IeF\xb6|\xa5@\xc1\x17\
\x1d\xf8u5ku\xc819\xa4\xe2\xeaA\x94\xab\xb4\
\x14\xf3j\xa1\xc9\xbb,E\xdc\x89\x85\xc4\x95\x05\xe6Q\
\x04\x8e\xdf\x008\xb6\xf4\x06\xad.\xbb\xab}\xebV\xc4\
\x0d\x04\x8e\x8d\xd1\xb3\x09\xc5a\xf7\xfcx\xbb:)7\
@m\xa0\xf7K\x9c\x0d\x15JI\x18)\x9c\xb1g\xf0\
G\x03\x8b\xc3Y\xf3\x7f\x7fE\xe3\x8e/\xb5\x9a\xcf\x0d\
\xee\x0eB^s\x83\xca\x01\x0e\xea\x1a\xf6\x06\x92De\
\xcd\x96\xfb6\x1c\x80\x0bL\x09\xc1Q\x8fr\x94\xfa?\
w\xd5_p\x08\xa7b\x85\xf8:\xe2;Xr\x18\x9c\
0`\x8f++\xa3a\xe7|7\xe9\x03;\xb0mM\
\x16\xcd\xa1\x5cBqp\xbf\xc4\xd4\x10\xe5T\x1d\x9c\xe6\
`\xab,\x0a\xfch\xaa\x0b\x14j\x9c\xab\xa0o\xcb\xda\
\x11\x94\xabX\x7f\xc6\xf6{C\x99\x83\x1cy\x06o#\
\x81\x8c\x04\x03Xp\x84\x01\x1c-V\xab\xdd\xde^\xfa\
\xbd2\x1e8p\x03\xd8a{g\xdd.5{\xfb\x15\
\xd7TH\x15X\xa4\x12\xab(\xa9B\xafV\xe9tH\
p(\xb0\xd9\xc2\xb4\xcfYkL\xff\xb0^T\xa0&\
\xa1H\x07\x07\x93\xcf\x15\xc5c(\xd7\x94\xa7\xe4Zq\
\xbe\x89\x1cD\xc0\x0e\xc7~\x5c\x8bE\x82\xa3\xbe\xbe\x1e\
\x09\x8e\xfaz\xe1T\xac\x10_K\xdc\x110\x80\xe40\
xa\x1b\x98\xa7\x03\xd7d=\xe1\x06<\xee\xf6\xe0S\
\xdb\xb6(\xb3\x90C\xb9\xa4\xe2`\x7f?w\xc2\xa2P\
2\xbc\xe70\xe1\x1d\xe0\xe7\x13%\x0d\x08\x1c2\x5c\x90\
\x0d\x9f\x12\x13\x93C\x93X\xf3\x99z\x96\x85\xcdW\xf4\
Lo\x80\x80\xe3\xcd\x82\x87OZ\xad\x96\x5c\xe0\x98\xa9\
\xd0\xe8\xb9\x9b\x0c\xec;F\xbcP\x91\xa3\xf5\x8c\x0a\x1e\
u9\xcaM\x0a\xd4\x0a\xfd\xc4\x9c\xab\xa6\xe6\x9f\xa4\x8a\
4s\x83w\x8e>g\xf5\x95\xca\x8a\x0b\xd2\xc5\x81q\
\x82OO-\x0f\x1c(Qa\xa7b\x0f\xed\xd8\xbf\x1b\
\xd7b[18\x1a\xbb\x1cM\x0e\xe1\x02\x93\x10_O\
|\x17z9\x089\x9a\xcf4\xe1\x06\xd2\xb0\xa9\xef \
\xd9\xcd\xb1\xf6\xfe5Y\x0cR\xe5r\x14\x87\x92\x07\x0e\
\x11\xc7\x0c\xbc`\x8f\x81\x99Y\xf4\x93BQ\xa8\xc8\x08\
D\x0e\xa5J'\xa1(\x195\x1c\xb3\xb9\xed3j\x05\
;\xc8B\xee\x12\xf0\x87iY\xaf\x14\x03D\x94\x00\xc7\
\xa6\x8d-uV\x8f\xebq\x0c\x0em\xd9k\x00\x0eD\
\x0e\xb7\xdf\x86\xc0a\x9b(\xd6\xb07_\x8b\x8a\xb8\x9d\
\xc3\x0a\xfch3\xd0}\x86\x1ej\x19\xa3Q#p0\
e\xd31{M\xcd\xbf\xd1\xa9Z\x83pC\x81w\x90\
(s\xf6\x88f\xd3\x19\xec+\xd2|\xbd\xa3\xf2\xb4\xaa\
\x8a\x1c\x0f\xc5\x92\x0bL\xd04\xba\x13\x04\xc7\xe1\x15\x88\
\x1a\x8e\xfa\x93\x95\x88\x1e\xad\xc2\xa9X!\xbe\x9e\xf8v\
\xdfiL\x0e\x93\x97$+\xe7\xaaF\x9b\x1c\xa6\xb3/\
\x1f#\x1d\xa4\xf7o\xcaSG\xc9\xe8\xebHU\x1c\x09\
n\xf0zJ\x19\xc4\x0e\x05\x03\xe0P\xc0\xd3W\x90\x05\
\x1d\x0a\x9c\xaa\xa8\xe8\xea9\x9f\xdb\xde\xb2K\x92\xd8\x8b\
\xaea\xa7T9\xcbC\xcf\x83\x88\xe8\xd1\x80\xc7\x02U\
\x957\xb7\xf4\xc6Z\xac`\x8e\x028*\xca\xaa{\x87\
\x07]\xf6\xd0\xc0\xd0\xe2\xd4\xe0)[\xfc\xc8Z\x82\x1e\
M\xa2\xcb\x1d\xfd])\xf4Y(4\x0aX\x1a\xa8R\
\xa9\xc1\xd4P\x8b\x1e\x9e\xab\xb3\xd4\xfc\xfc\x0dY\x86%\
\xaa\x00\xf6\x0182\xb8\x81{\xd7(*\x173\x96J\
Z\xb2\xdeTQ\x823\xba\x0e;\x1c(Q)\xaf\xac\
<\x8c\x04G\x93\x03\x09\x0e\x94\xb0\x08\xce\xa8\x10_[\
|k\xde\x00a\xf4\x9a\x109\xbcm8Yq\x9a\xdb\
^![}\xd6e)\xad\xa4\xf4.\x88\x98\xfcc\xb3\
i\x19K\xfa\xf9\xa6\x0c\xbd\x81~\x10\xe1g\x8f\xd6\x83\
\xc9\xe1{\x91R\xb3\xfd\xe8\xc9\xfd\xa4\x1a=\xfe\x0f\xac\
\x0f\x22D08,,8\x8eO\xcdM\xb9Yph\
\xcbV?\x8c\xc0a\x9bZl\xa0\xa6k\xdf\x89\xcfN\
\xbc\xaaf\xaf)q\xefR\xa3\x86GX&\x87J0\
d\x13\x22bh\xe0.\x8e\x9a\x1f\xdf-IW\x1b\x89\
M\x89LV\xb9\x91n\x85\xe6\xc4F\xb6)7\xb9<\
\x1d\x1e\xd8\x19]\xb7a\x17+8\x1eG\xe0\xe8jB\
z\xa3\xfer\xd5\x85\x0b\xf5\xc2\x05&!\xbe\xbe\x18=\
m\x02p\x18L\x90\xac\x84\xbb\xcfU\xd6\xa2d\xc5\xdc\
\x8d\xc9q\xef\x81m\xb9v\x90\xcaS\xe9\x91\xa7\xab\x94\
\x0f\x8e\x8cs\xb3\x99\x92C\xc1@\xfe\xaf\xa2\x99\xf6\xa0\
\x0d\xba\xce\x15d\x98%\xe1t\x14q\x92A\xcf\x93\x1f\
\x92\x8d\x81y\xcbK\x00\x8e\xf5\xc7\xa7j\xa7\x88\xe2\xa8\
\xa8@\x8ac\xe7p\xbf/\x14\xdd\xacVE\x17\xa6g\
?\x8d\xedR\xe0\xf7\xa1OpH\xc3H)\x09\x08\x0e\
\xb5\x18'\x12\x85\xb8\x88\xc2h\xa6[P\xa6\xf2\xa6\x8c\
\xe1s\x03\x12\xac\xc4^w%Y\x9e\x91o\x90-_\
PKWc\xd1\xab\x9c\xc3\x81\xa7\xdbv\x96\x1f\xae:\
\x5cy\x12a\x03\x04GSS\xf8\x1b\xc2W\xaf\x10_\
[|s\xd2`2\x83\xe8\x00\x9b\xc3\xd8\x83k\xb2a\
\x83\xa7\xe18\xdb\x07\xb6E)\xcf\xc1\x83\xec\xfd\xd6i\
ma\xcaL\x84\xa4L\xc1\x15d\x02D,\xa5t\x14\
M\xf7\x0e\xda\xdc\xee\xf3[D\x1a\xb6\xac\xc1\xdb\x17\x96\
X\xe1\xa1'\x05\x17\x8d\xb87`\xb1cp\xdc\xdd\x1b\
\x9b\x0bz\x5c\xede\x0f\xa1L\xa5\xa2l+\x80#^\
J\xab\x0a\x1b\x16\xa2\xb3W\xeb6(\x92KN\x89\xcf\
!RA\xf5\x97\x94sTR\x09\xf9X\xa2\xb2\x19\x00\
\xc7\xefh\x92\x9d(\x92Z\x83\xdd\xb1\x8a\xfe\x19r*\
\xcfL\x8a\x0e\x91!/D\x96c\x8d\xee\x81\x9e\xd1D\
Ie\xe7\xce'\xaa*\xcfu9\xea\x9b\xea\xebO \
\xc1\xe1X!|\xf1\x0a\xf15\xc6w:17py\
\xa5\xd9D\x92\x15\xfb\x99\xf0\xfb\x1b\x8fm\xc4\xe4\xc8\xb5\
\xd6G\xa9L\xf9*\x97d%\x07\xc3'G\x8e~\xb0\
tr\xe0\x8a\xac\x8a\xd6\xce\xf8\xdcn\xeb\xeb\x14\xa1F\
\x1a=\x12\xd2\x830\x80z8hs\xbd\xd4\xee\xb3\xfe\
~\xe5\xc3\xc4\xe3({\xa8\xa2\x82\x80c\xd06\xa7Q\
i>\xfcS\xf4H<r\xfe\x80\x22\xb9o\x0cg-\
\x0a\xf8`R\x94\xa0\xc8e\xf0\xa03\xb8gCA\x95\
\xf7[-5?y\x83&\x9f\x19\xe1\x06\xab6\xc0\xe0\
@\xff\x08IF\x97(_n\x88\x97R\x1cbUV\
p(y{G\xf7@\xa2\xb2\x9e+\xa9 p\x80\xe0\
\xc0%\x95\xa6\xaa\x15\x17\x84R\xac\x10_o\xdc\x11>\
\x8ds\x15D\x8ed\xb2b9\xd3\xf7\x1c\x22\xc7\xc3;\
\x1f\x5c\x9b\xfb\x16u\xee\x0b\xa9\xbcqs\xc8O\x94|\
\xb7C$\xca\xbe\x9e\x94'9\xc0\xad\xa4\x15\xd3A\xb7\
\xc5\xf5\x0b$\x06\x14\xea\xd4H\xd0\x83\xc3\x87F\xfcp\
<\xe4C\xe0\xa8C\xe0h\x01p<C\xc0\xa1\xad~\
xx\xd07\xad\x7f\xec\xad\xb1\xe8\xb3\x13\xbe\xc8\xf9\xed\
\x0c{\xf5\x15\xb7\x83\xa2\xf7$\x92\x22\x9dA\xa1\x8f\xa1\
Cy\x0aR\x1e\x04]L\xfb\xa0\xab\xa6\xe6\x07{(\
\xd6\xd8P0\xbc \xff\x8c\xb4v/\x8a\xd7\xdf\xb5\xbc\
dei\xbd\x01'\xa6a\x9c\x1e\x12\x95{\x0f\xed<\
\x06\x0e\x07\xd2\x1b\x0e\xc7\x8aJ$8\x84R\xac\x10_\
o|\xb7\xd3L4\x87\x19I\x8efX\xcd\xd1\x16\x08\
{\xcf\x8c\xb2\x06\xe9\xdam\x9b\x10\x04\x94\xd9\xdd\xcfT\
\xd1\x91\x88\x14\x88\xc8\xd3\xb7\x96f\xd3\x1d\x0cy`Y\
\xc9\x01\xee\xa8\xac\x17\x0a\xb2\x17\x15\x12u\xf6\xd0$\x03\
)\x8ex\xc8\xf5\xd2a_\xdd\x9bk\x90\xe2\x08\x028\
\x9e\xaf\xa8(.\xd6V#\xc510\xfc\xdc_>\x8f\
\x1f{zz`\xb2n\x17\xc31\x03\xab\x18\x8d\x02=\
\xf0R)\xa3V32\x15\x11\x1c\x98\x5cz\x5c\x8c\xfd\
\x17\x19\xa3\xc07\x1f\xf8\xd8\xe0\x86\x80\xf9\xfd\xe5\x14\xcf\
\xbaX\xae\xcb\x91kPeOb\x5c\x05s\x83\x08\x8e\
\xfd\x87\xb0\xe0\x80\x1e\x0e\xc4\x8d\xa6\xca\x15\xf5\xc2\x90\x8a\
\x10_w@I\x16R\x15\xd0\x1d\xcd\x90\xac\x9c\xab\x1a\
\x0d\x87\x8dg:^\x01\x9b\xe3\xae\x03k\xef\xdf\x94\xd3\
\xf9\xe4\xc1\x02\xe1B\x92\x89\x10\x09O\x85\xa4\xec\x19L\
c\x07f\x061\x12\x0a\x15\x12)H\x8e\xd29\x9f\xdb\
R\xb7\x9d\x22\x8da\xe9\xd8P\xab\x93\x04\xd0P\xc7\xc7\
C8UA\xe0\x18\x1c\x0c\xba]?\x05pT\x14k\
\xb7\xde5<\x15;\xfe\xe1\xec\xc2\xd8\xc4\xf1\xe8\xf8\x95\
\x967\x18.\xed!\x8a\x03\x7f$9\x08\x0e\x0c\x0eV\
\xf2P\xa5#-\x96\x1a\xfboh\x05i\xda`\xad\x8d\
\xa4\xdc\xc0r+\xffP\xca\xb5\x9a\xa3PS\xd9\x93\xe8\
\xe2\xd8\xb3\x87MTX\xc1q\xe8\xd0]OTV\x9e\
\xeb\xaa\xaf\xafw:\xfe\x5cU\x7f!,\xac\xef\x11\xe2\
\xeb\x8eoDpY\x05t\x07\xb9\xd0T\xd9\xd1\x17\x0e\
\x9f1w\xbf\xb2\x8f\xd8\x1cy\xce\xbb)y&\x87D\
\x9eI\x10\xf6U\x11\xc9\xdf\xf1\xd93y\xaaS\x9a4\
\x1e\x15\x0a\xf2\x0av9t\xb4z\xc4\xe7v\xbb\x9e\xa1\
\x98D[i\x06;\xd4,>$/\xccbp\xd4\xfd\
\xfen\x04\x8e\x98\x1f+\x0eh\x0f\xdb\xbazxjn\
\xf1\xb3\xea\x1f\xcd.L\xfch\xf6\xf3\xb97D\x1a\x0d\
\xff/#pHU\xd0T\x02\xcd\x1c29W\xd7\xe9\
\x1d\xc4\x16\x87\x0c\xa3,\xe9\x8b\xb2=)x\x89@\x06\
2\x96/6\xb2\x9cb\xe2\x09\x8e=I\x83\x03;\x1c\
\xdb\x13%\x95\xca\xca&G\xbd\xa3\xfe\xf2\xe1\x0b\xf5\xf5\
'\x84\xde/!\xbe\xf68{\x9ad*\xc4\xe6@\xc9\
J%JV\x1cg\xe6\xbb\x1f\x03r<\xb8v[\xd6\
v\x0e\x9e\xd3A`\x91\x00F\x92!\xec+d\x9d/\
w\xebL\x94\xbe\xba\xa3P\x990\x1eIg\x98D*\
\xa1hY4\xe8v\xdb\xdf\x15\x8b\xf8-\xe9\xd9C\xb4\
yv(\xf8b{\xa0\xee\xf7+\xab\xe7\x06\xa708\
p_ii\xf5\xbe\xb9\xa9\xb1\xd9\x02\xfd[\x9fN\xf7\
\x8e\x8f-\xbc\xca\xa4\xbe\x17\x84()\x80IG\xdaG\
\xd9\x95\x80L{\xcce\xa9\xf9G%X\x1cJ\xae\xe3\
\x95\xe17\xa7\x10\xbd\xa1\xba\x11\xe0\x90\xf3\xbb\xbf\xf6$\
%\x07'8x%\x95\x15\xcez\xd2\xfb\xd5\x1a\x16z\
\xbf\x84\xf8\xfa\xe3\x9b\xa4\x0b\x0c\xe7+(Yy\xfb\x1c\
\xae\xc9\xd6\x9cq4<\xbbw#\xf4\x9eo[\xa3\x14\
\xe7%\x87\x9c\x03\x07\xc6\x84\x8e D\x07\x22\x03^\x91\
\xa4\xb7}$\x1bM\x13=\xa5Dk(q\xf1\x02}\
\xcfWQ2\x1aL\x0e\xcb\xf95T\x96\xc6\xf4\xb4\xa0\
\xee\x99\x1d\x8a\xff\x8c\x05\xc7\xdc\x94\xcd\xf5L\xc5Z\x16\
\x1c\xc3\xfd\xc1\xb1\x85j\xa6\xe1\xd3\xe9h|h\xe1\xf9\
\xc4_g'^)\x15p\x09\xe6bUR\x11\xdb\xaf\
A\x11\x8b\xe3\xdfiQB\x0d)\x19\xa5\x88\x1d\xd2a\
\xc8\xbfX\x0c\x13q\xecn\xaf|\xcc\x90.\x0b\x1cY\
\x8cQ\xb8\xc0\xb4m\x1d\x9b\xa8\x90\x1e\x8ez'\x9en\
\xbb\xd0\x1a\x16\xf6\x05\x0aq3\xc4wN\x93r,\xfa\
\xd1\xd8\xdcl\xc7\xd3n\x01\x87\x01\x91\xe3\xe9}\x1b\x1f\
&S+\xe2|\xdd\xe7:I\x12\x1d\xc4;\x94HX\
\xeb4\xad\x00\x03\xb9\x8d2y\xe9\x89\x15\x1d)\xf6#\
\xa8\x0e\xf4\xc0\xd1e`rX\xdf\x90f\x82#\x89\x0f\
\xd2oJ\xbd0>\x14\x7f\xf1\x5c\xb0\xee_VV\xf7\
C\xe7\xe8\x8b\xda\xb5x\xe9Fiu/\x02\xc7\xecA\
\xedk\x9f-\xb4\x87\x06&\x8a\xd9\xfe\xd4D\xe9\x97\xf8\
\xb1*\x19z\xc2%\xb8x\x82\xc0!-\x9d\x0b\xdak\
~\xfe\x12\xcd\x10n\x14\xe2\x1c\x85\xad,\xa7\xcd\xc2R\
y\x9a\xca\x97\xe5\x8e\xca\x93\xe0\xd8\x93\x9cR\xd9\xb4\x89\
\x08\x8eu\xdb\x114\xa0\xdb\xfc\xf1\xca\xcas'\x9c\xa4\
\xf7\xeb\xc2\x05\xa1\xf7K\x88\x9b\x22\xee\x08\x1b\x89;\x9a\
LV:\xfa\xc2N#\x22\xc7k{\xd9\xd2J\xde\xfd\
_\x18\x19JNt\xf0\xdd\x8d,\xa1#eZ\x00K\
\x22cA\xdf\xd3%\x0a\xb6W\x02~\x90 p\x88\xa6\
\x118\xec\xbf\x902\x19\xf3,\x09~\xb0\xf0\x90n\x8d\
\x0f\xc4_G\x8a\xe3_\xeeF\xe0\x88\xd9\x5c\xc3Z\xbc\
\xad\xa7\x98\x05\xc7\xfb\xbdO\xcf.\xb4\x07\xfc\xd3\xc5\x0c\
h\x8d\x8cfU\xac\x0c\xd8\x0f\x8e\x14G\xef\x94\xcfR\
\xf3\xe3u2\x228\x0a\x95\xbc\xb2P\xfa\x10\xbd\xea\xba\
#k\xd3h\xc2\x1a]\x03\xb7\xe9\x117\x9e$%\x95\
\x8d\x95\x95\x87\x1b\x1d\x8e\x0b\xf5\xce\x13U\xad\x17\xea\x85\
\xde/!n\x8e\xf8n\xa7)\x91\xac\x18Q\xb2B\x1a\
HM\xc63\xe1K/l\xc4;H\xf3\xd9\x1cl7\
\x98H\xc4\xfa\x1c<w#5\xd0\x1bS\x1e\xbf\xe4z\
\x0fv\x9c6\xa9:(\x15MG\x83n\x8b\xe5]\x91\
X\x91;\x88~\x90U\xc7CA\x00\xc7\xef\xef\xae\x06\
s48\xac\xbd\x1f\xaf\xef@\xe0\x98\x89\x0dM_Z\
\xdc\xba8\xdd\x1e\xb0\x8d\xdc/Rg\xebr\x97\x91\x1e\
\x0eR\xda\x11\x8b&\xe2.K\xcdouT\xa1\x82Q\
\xa6\xd6\x92\x13\xd4\xa0\xc8\xa3\xbf\xfc\xe2k>r$\xb9\
\x81\xffCy\xca\x1ebp\xc0\xcd\xc7\xfd\xfb\xc9\x1e\x8e\
s\xadN\x18\x8b\xadZ\xd1\xd4$\xf4~\x09q\x93\xc4\
\xb7\x03\xa79r\xc0\xcc\x0aJV\xf0:0\x83\xd1\x18\
nxz\xe3\xc6\xbb\xbe\xb7.\xdbr\x0e~\x88y\xb6\
h\xc2\xf3H\xeb-\x95\xf0\xda\xc3\xd2\xfaL\xe1\xec\xbb\
\x08\xd8\x92h\x97\x90\xca\xe8\xea\x18\x02G\xddz\x8am\
\xf0`\xb8F\x8f\x0c\x05BW\xf7\xf8\xad?k\x0f\xd6\
\xbd\xbb\x0a\x81c*\x14\xef\xadX\x8b\x17n\x94!p\
\xc4\x07\x86\x1bfW7L\xb4\x07&g6H\xb2`\
\x03\x12#))\xde\x80\xc4\xa0\xf5\x0bq{\x8d\xe5\xdf\
h\xf4)I\x94Lr\x173\xff\x1fC\xee\xa4P*\
\xd5\x8d\x90\x1c<\xb5\xb1\x87+\xc5\xae_\x07\xe0\xd8q\
\xe8\xd0\xeeC\x87\x0e\xed\x83\xde/G}\xbd\xd3\x0b\xbd\
_a\xa1\xf7K\x88\x9b%\xbe\x81\xbb\xc0\x08<\x8c\xc6\
f\x9c\xac\xf4\x04\xecf\xb3\xd1\xde\xf0\x02l\x12\xcc\xd3\
A\x9aA\x0e\xb9\x84\xef\x95\xf2\xe4FJ[\x87(\x1d\
 \xa9F\x87DEW\x0c\xda-\x1e\xd7\x1b\x14\xa3X\
\x22\xe8\x07{l\xbe\xd7\xa3\xc1\x96w\x91\xe2\x98\x9b\x0a\
\xc5z\xcb\xd6\x16\x11p<<\x12\x0c\x1e[\x1c\x1b\xbe\
4\xd1\x1e\x9c\x1c\xdc\x90\xa9^\x0aqb$\xc5\xe3\xfe\
\x90\x99(\xe9\x17f\x83\xf0ai\x91$\xd1z\x92~\
\x8b^\x9ev\x056\xcd\x10\x95J\xb9\xff\xe1\xc8\x0f\x0e\
y\xaa\xe0\x00_\x14\x1b\x1cl\xb3\xf9\xfeCw\xe1\xde\
\xaf\x93\x0e\xc4\x8d\xa6\xca\x93\xf5MMB\xef\x97\x107\
M\xf4\xe0\xc5\x1c\xfcd\xa5\xb2\xad/\xe04\x9b\x8c\xe1\
#\x88\x1c\xab\x0fl\xdb\xb6I\x9e\x9f\x1c\xe8\x19 \xee\
\xa8D\xce\xfe$I\x13\x1c<\x92\xe8$)3.\x9c\
\xeaP&\xf1!\xa1\xd5\xef\xda-\x16\xfb\xaf)\x09;\
k\x96\x1b\x1c\xa5=\xb6\xe0Q\x02\x0e\xa8\xaa\xc4\x869\
p\x94><\xe3\x0bv\xcf^\x19Y\x5ch\x0fD\xce\
gQ\x1c`\xc5\xca)\x91\x02FP0Dd\x07\xc7\
}\x16\xcf\xdf\xdfM+\x93\xa7\x1f2\xc1\x91\x17\x1b\xe9\
\x91_q$ZF\xf7`\xb5\xc1\xb6\x8c\xb2\x99\x0a\x12\
\x1cw\xed\xab\xc2\x82\xc3\xe1tvu\xd5\xb7\x0a\xbd_\
B\xdcD\xf1\xady\x03&\x87\xd1\x88\xb3\x950NV\
\xfa\xc2&\x93\xd7\x18~\xff5\xe8\x03\xbb?\xaf\xcd\x81\
\xbb\x11\xf8\xb5\x15\x89.\x05\x14rIj\xfa\x82^\xd5\
I8\x1f\x15\x0a-L\x22e\xe1\x92\x15\x89\xec\x17.\
\xd82,\xa1\xd2\x1e\xf4,\x8a#\xe6\x9f*\x03p(\
\xcb\x16\xe6\x82\xb6\xe0p\xc5\xfdx\x90\xad\xac\xb4z\xc6\
\x1a\x1c\x8f\xfb\xde\x1e\x9fy\x11\xc0!\xca\xc4\x06>\xad\
\x94\x0c\x15\xd30f\xb3\xd4\xbc)\xa3\x94\xbc\x8dE\xe9\
\xc38\xe2<\xf5\xd7\xeb\x01\x07\xdb-\xba\x87\x14b\xb7\
l\xb9\x0f\xb8q\xe0IpF\xf1j\xf3s\xadN\xc4\
\x8d\xd6\xc6\x0b\x17\x9a\xfa\x84\xde/!n\xa2\x18\xed4\
\x99\xcc\x09p\x18zH\xb2\xe24;Mg\x02\xcf\xdd\
\xbb\xacd\x85<\x04\x12\xfe\x8bR\x87^\xb2\x0c\xb4\xb0\
y\x0b\xfb\xba2e\xaa\x96\x03\x07C\xff\xcc\x8a\xc0Q\
w\x1f\xc5\x1bi\xcf\x9a\xb6\xd0\xcfO\x0d\x8c\x1f\x8d\xf6\
\xb4\xbc#S/N\xb5\xf8\x82/V\x14\x17\x14\x15\x14\
h\xb4\x18\x1cq\xab+t\xf5\x22\x02G\xdd\xab\x12&\
\xcd\xde\xc8\x08Z\xbf\x18w[\xec\xbf\xa3\xc5y\x86\xf9\
\xb2\x0b\x0e\x96\x12\xcb\x02\x07\xc5\xab\xc7\xb2\xd8\x80\xc5=\
\x98\x1b8Q\x81q\xfa\x1d\x00\x8e\xbb\x1eG\xdc\xe8w\
:Pt\xc1\xde/Ap\x08q3\x05\xdcJ0\x93\
9Yp9\xecm\xe7\xceu\xbf\xdd\x176\x98\xbc\xe6\
\xd3=\xaf\xdc\x05w!\x97\xa8\xc9&\xbe\x7f\xa6\xa0#\
m\xe6\x8d\xef\x94\x12\x1bUGF?\xe4\xbc\xc5\x1f\x1c\
86\xd4\x81\xc9\xf1+)\x03\xad\xa5\x5c{i\x16t\
\xd0\x15SC\xe3\xaf?\x1e\x9bj\xa7\x99\xc5\xa9\x98/\
8\xacEz\x83\x80c$\x16\xf4Y]\xb6I\x0c\x0e\
\xbe\xc7\xc1\xbd7&\xd1|\x86\x9dY\xfa\x85\xd9\x01\xb7\
\xe7'o\xd0\xe4S\xe1\x8aDi\xe0Xf\x8e\x92\x1b\
\x1c\xe9\x06\x07IS\x00\x1ckp\xaf\xf9:\xdcl\x0e\
\x82\xa3\x1c\xce\xd37yQ\xa6\x02\x82\xc3!4\x9b\x0b\
qs\xc5w:\x89\xcb\x81\xe9a4\xb3\xfe\xa8\xc9\xe4\
Dom{z'^{\x9e\xb7&\xcb\xb1\x83m\x17\
\xc5/:\x88\xb4.\x8e\xe4\x0b?}!\x8fi\xcaM\
I)s\x11N\xa2\xfc\x9a\x96\xc0\xf3\xadP\xa2\x17\x86\
\xa7\x12\x92E\x16\xbaljl\xfc\xc5\xe1\xa9\xb9aZ\
\xbf0\x15\x0b\xc6\x86\xf5\x88\x1b\xea\x82\x22\x04\x8e\xe9)\
\x04\x0e\xab=\xf2\xee>\x00\x07\xa5`G\xe3\x19%\xf7\
\x9e\xe0\xbdr\x85`\xf4q\xe9G\xc6C\x16\xcf\x0fV\
q\xe0\x90d;\x80\xa0K\xef\x08\x95R\xd2|\xdcH\
\x87\x07\xc5KS\x88#*O&*\xeb\x097\x0e<\
\xb9c?8\x1cP\x8a=\xeb\x05\x8b\x03\x09\x8ez\xa1\
\xd9\x5c\x88\x9b,\xee\xc0\xe7\x99\x80\x1c\xd0Dj\x0cC\
\xe7y[\x8f\xc3\xe4E\xbf\xf4t\xdf\xb9\xf3.\xdcz\
.\x17-Ktd-\xc8\xe6\x05\x07\xfa\xb6.\x96H\
R\xdf\x1b19~KQ\xf0dK\xb0\xe6P(S\
t\x02A\x07\xad\x1d\x1fG\xe0\x18_(\xa5\x1fX\x98\
\x9b\x8aO\xf5\xc2\xf9\x03\xb5B\x8d\xc01\xc1\x82\xe3\xf7\
{18\x98\x04z\xa0\xe9\x8c\xc1\x15W\xde\xc8\xbcH\
*i\x18\xf7Y,\xffBS\xa2,;\x02\x92\xe0\xa0\
\x96\xab6\xb2\xca\x8e\xf4\xe1\xb6\xa4\xbf\x01\x05\x95-\xf7\
\xad\x03\xc1\x81{8\x0e\xed\xad\xaa\xaa\xacjr\xd6;\
\xbc\xadU\x17\xea\x85\xe3\xf4B\xdct\xf1\xddNL\x0e\
\x93\x01\xae45\x9b\x02\xd0y>\x1a0\x99\xe1\x97\x8e\
\x06D\x8e\xa7\x96SYI\xc9Wt\xf2\xfc\xc19\xa8\
\xac\xf9A\xa5\x82CD\xbf\x88M\x8e\x95R\xd8\x82!\
\x91\xe0\x0e\xb1\x84R`\x92O<]1>;\xfe\xcc\
\xf0\xf8\x84\x9a\xee]XX\x18\xc3\xe0(( \xe0\x88\
\x07\xac\x00\x8e\x8b\xe5\x81\xce\xbau\x14\xfc5\xd0.i\
\xceF\xf2C\xea\x17\xdf\xb3E\xec\xbf\x01pP\x12\x8a\
\x22\xa9\x0aGC\xee\x9fw\x0diJ\xf6t%u{\
\xcf\x1e,96\xedYE\xf2\x14Vp@)\x16\xaf\
\xe18\xb7\x02\xe9\x0d\xaf\xb3qE\xbd\xb0hT\x88\x9b\
/\xbe\xdd\x83\x92\x15\x8f\xc9\xe35\x9b\x1d\x16\xc3\x19\xc7\
{\x95PXq\x98Mf\xb3\xc9\x18xy+\x9e\x93\
\xdd\xb3\x1cn\xe4:K\xc6\xdf\xee+b\xff\x8c.s\
\x87G\xf2)\xdep\xde\xe2\x81\x96\x0a\x90\x05I\xdb\x94\
{\xea!\xc7\xc0\x18\xa1\x9f_xk\xec\x99h|B\
\x8c\xc01\xb18\x16\x1f\xae(\xc6\x87\x94\xb4[\xab\xa7\
\x83\x00\x0eW\xe4\xe2n\x04\x8e\xfb\xc4$\xe3\x91\xf07\
z\xa5lj\xa77/\xc6\xdd\x9e\x7fx\x83\x16'l\
\x5c\x0a\xe1\x03\xb1\x83\xca\xdc.*]vd\xb78R\
\xeb)\x9b6\x11\xc1q\x1f.\xc5\xee\xc2\xa5\xd8\x9d\x8f\
WUb\xc1\xe14\x9d\xa8\xaao\xaa\x17\x04\x87\x107\
_|\xc3o\xf6x\x1c\x1e\xa7\xd3ir\x84\x0d\x86@\
\xdb\xb9\xaa\x8e\x9e0\xc2\x06(\x91\x9eWV/YY\
Y\xc6I\xc3\x9c+z%Dr$~\xc4O\xb1\xe4\
\xa2\xdd\xe3\xb1\xfc?4[\x1a\xe5SC\xc2\xc3\x08}\
t\xf1\xc3\xf8K\xc3\xf1i\x19]=11;D\xc0\
\x81r\x18\xf08\x82\xc1 R\x1c\x1e\x04\x8e\xc8y\xae\
@\x83\xfe\x8e\x04\xfb\xaf\xe9\xff\x02\x09\xfd\xec\xac\xcfR\
\xf3\x8f*\x9a\xfd\x5c\xb0\xecH\xbf\xbc\xa6\xbaa\xe0\xd8\
\x93\xe0\xc6\xa6U\xa07\xf0=\x84ul)v7\xeb\
\x8c\x9e\x05\xc1\xe1h<)\x08\x0e!n\xce\xe8\x98G\
\xd0p8\x1d\x1e\x831l?\xe3|\xaf\xfb\x5c\xc7h\
\x9f\x17\x83\xc3\xdc\xd9\xf6\xf4\xce{\x0f\xac\xddV\xb8L\
l\xb0\x85F]\x9a\xcaO\xbb'\xa0K\xfc\x86.s\
\xb4EB\xd1\xef\x80\xc9\xf1&-M\xdd\x80\x9cQB\
=\xba\xf8\xd6\xc0K\xfb\xe2\xed\xb4\xa4taa| \
\xd8\x8e\xc0\x01\xe6\x87\xbe\xact:\xc6\xa6*\xaf#p\
\xac\xa3\xd8\x85<L\x0a2\x92*GJ=2n\xb3\
X\xfe@K9l\x10rd\x85\xc6\x17\x04\x07_o\
\xac\xdat\xf7&\xcc\x8d\xf5\xeb\xd7\xdf\x87\xb8\x81\x05\x07\
\xcaT~\xd8\x08\x0e\x87\xc3\xe1\xf4\x9e\xedr\x5cp\xf4\
\x0b_\xa3B\xdc\x84\xf1\xcd\x81y$8P:\x8do\
\xd8\x1bAr\xb4\xb1\xb9\x8a\xc9l?\xf7\x02Y\xcd\xb1\
Lp\x00,D\x22y\x1ep\xc07r\x1d\xefW\xe9\
\xd8\x90H\xe8\x17\x118:\xebt\xb2\x8c\x0f\x96\x0e\x8e\
q\xffo\x86\xe3\xc3\x1aM\xd9B\xedT(\xd8^\x5c\
\x94\x04\x87\x8f\x80\x03\xcc\xd1\x95\x94(\xc5\xd1Ha\x07\
\x04\xad\xbe4e\xb7\x80\xc5\x91\x04\x07\xd6\x1b:\x96\x1a\
\xd45\x8b\x8d\xdc\x8a#\x09\x8eM\xc0\x0d\xdc\xc0\x01\xdc\
\x00g\x94\x08\x8e}UXp8\x9c\xcez$8\xea\
\xc3\xc2t\x9b\x107\xa7\xe4\x98t\x84=N\xaf\xd3c\
6\x18\x0d\xcd\xce\x9e\xee\xca\x8e\x9e&\xaf\x01\xc0\xe11\
\xf7\xbd\xbc\x15\xc6ds\xfb\xa3\xe2\xec\xaa\x02? \xba\
\xac\xbf\x95\xf2\xcd<\xcb4-\xfdj\x1dR\x1c\xaeW\
i*w~\xc4`\x8f#n\x03pl.\xd6/\xce\
\xc5B\xc1g\xf4Ip\xb4X]\xac\xc7\x11\xa9\xbb/\
\xed\xfdH\x92\xd8\xa0\xb0\x95A\x974\x04-\x9e\x9fl\
\xe0\xc0\xc1\xe6)\x14%\xe7\x0d\xb8R7\x04\x1c\xba$\
7V\x11{c\x0d\xe8\x0d,8\xb6\xb3\x82\xe3pc\
eec\x13\x88\xc0\xb3\x8dMM\xf3\x82\xe0\x10\xe2&\
\x95\x1c\x01\x8f=lrz<f\x98X\x01\x97\x03\xe5\
*N\x03\xae\xac8\xe7\xdb\x9e\xbe\xeb{O-_r\
$\x17\x5c\x89\xe59\x98\xc2\xfbf.&Onj\xd0\
\x8a\x8bv\x8b\xc7\xf2S\x949\xe43e\xe9\x8a\xda\x90\
\xedg\xbdS\xc3\xc7\xd7\xea\x17\x0618 UaX\
p\x10st\x07.\xc7f\xd7\x1a\x89\x0fLo\xeep\
Y<?\xa0iq\xc2\xdc`?\xcb\xc4\x05\x04\xf4\xf9\
~Qp$\x8f\xc5\xeeIp\x03\x1c\x0e\xec\x8cB\xa2\
\xb2\x1dq\x03\x09\x8e\xc7Q\xa2Ry\xc2\x81\x14\x87\xa3\
\xeb\xc4\x05Ap\x08q\xd3\xc6\xff\x9e\xf48<f\x8f\
\x09V\x17\x1b\x9b\x1d\xa3\xddUm=a\xa48\x109\
\x9c\x1e\xfb\xb9\x07V\x1fX\x9b\xb3$+\xce\x0e\x0e\xd1\
\x12\xe0`5\x07y5\x0d\x1cR\xfa\x1d;\x92\x1c\xbf\
'\x96\x03\xdf\x8cH\xd9\x06B\x17M\xf9\x82\xaf\x0e\xc7\
'\xa2\xebJ\x108\x06\x82\xcfhYp\x94\x96\x8e\x04\
]Dq<\x89\xc0\xb1.\x09 \xdc6\x22\xc9\xf8x\
\xcf\xf6#R\x81\xc5A\xa5\x07i3\xe7\xce\xc1~a\
p\xf0\x0c\x0e\x0e\x1b\x90\xa9`\x83c\xc3\xaeC\xfb\xcb\
w\x1f*\xafD\x82\xa3\x0b;\x1c\xad\x8d\x17Z\x85S\
*B\xdc\xb4q\xc7@\xa7\xd3\xe2\xf1`n \xc9\xd1\
\xd7\x81$G\xc0k\x04\xc9\xe1qzz\x1e\xbb+\x9f\
\xcb!\xce\x1d\xd9=\x0e\x09\xc5\xfb\xbe\x9e\xf2->\xe1\
\x8e>\x03&\xc7yJ\x96\xf2|\x8b$\xbc\x1c\x03\xbd\
J\x17\x0d\x86\xc6\xab\xf7\xc5k\xa7u\x08\x1c\x83\x03\xc1\
v\x00\x07\x03\x8a\xa3d\xda\xca\x03\xc7J*\xc5\xd1\xc8\
\x08\x9a\x8a\xc6\x10\xa9~CS\x99\xa1\xd3\x89y\x0b8\
n\x0c8X\xc1\x81\xb1\xb12\xe1p\xe0D\xa5|\xe7\
\xbd\xe0\x8cV\x9e\x04n8\xbb>\xaa\xaf\x0f\x08\x82C\
\x88\x9b6\xbe19\x0f\xdc0\xe1\xeeQ\xa3c\x14\xdb\
\xa3 9\xcc&\xa7s\xbe\xfb\x9e\xd5\x07\xd6\xe5\xbe\x96\
 \xbe\xc6\xe0!C\xc2\x7fU\x92 \x07\x98\x1c\x1e\x8f\
k\x1dM\xa5\xb8\xa6\xdc\xefs\xa9J\xd1\xd4\xd8lu\
\xef\xd4\xd4\x04\xad_\x98\x9b\x8b\x07\x87\xb5\x05\x05\x0a%\
\x80C{\x0a,\x0e\xab\xcbsqW r~%%\
\xe6\x9c\x8b4#\x96\xfc\x9a\xd6t\x07,0\xa8\x92\x05\
\x1c\x92\x94\xc5=<(\xc8d\xe8?\x14\xec\xaf\x96\xc1\
\x8e4\xc5\xb1j\xd5*Vo\xb0\xce\xe8\xbdHp\x94\
\x1f*\xafB\xe0\xe8\x0a\xd7;\x9d\xa6\xd6\xc6\xfaza\
\x7f\x8f\x107q|\xfb\xbd\x88\xc5c6yPfb\
0\x18M=\x1d`\x8f\x9a\xa0\x0d\x1d\x92\x95\xbeG\xee\
z0\xcf\xfe\xd1k\xa3\x86*\x05\x19T\x9a\xa9@\xde\
F\x17\x9c\x87N\x8e\x97hJ\x9c\xf6\x98'\x9f}\x0c\
\x8e\xd9\xb7z{\xe7\xe6\xaai\xfdb-\x02G\xbb\xb6\
\x08\x81C\xc9 pp\x8a\xe3\xfc\x93}HqH)\
\x89$\xb3|\x93\x148\x9bk]\x16\xcf\xdf\xab\xb2\x80\
#mc9\x8b\x0c`\x06\xcd\x05\xfe%\xbd,p\xb0\
\x06\x87r\x15v8\xee\x06n\xacA\xd8\xb8\x8f-\xc5\
\xee\xdf\x8d2\x15Vp\xd4;\xbd\xde\xae\x13\xce\xfa\x80\
\xb0\xbfG\x88\x9b8\xbe5\xe9\xf1x\xcc\x88\x1dN\x13\
JW\xc2\xa3`\x8f:\x8cf\xf4\x16\xb3\x17$\xc7]\
\x07rm\x11\x5c\x06,\xc8Meq\xe2\xd2j\x8a\xe2\
\x10'\x05G\x02\x22\xb4\xec\xf7`r\xfc3MI\xf2\
\x04\xbdv\xfc\xad\xd9\xe1\xe1\xf1E\x0d\xadY\x5cX\x18\
\xf0\xb5\xeb\x8b\x14\x0a\xa6\x90\x03\x87\x0b\xc0\xf1\x10\x07\x8e\
\xacA>\x1a}|\xd0n\xa9\xf9\xffhi\x9a\xd2\xc8\
\x5c\x12\x88\xb9Ag\x09\x04\x12\xd9\x92\xe0\xd0\xa58\xa3\
w\xdf\xcd&*\x08\x1c\xa4\x85c'\x12\x1c{\xb1\xe0\
\x80\xde/\xef\x85F\xf4\x93 8\x84\xb8\xa9c\xb4\xd3\
\xe21y<\x063\x22G\xb3\xa9\xa7\x0a\xecQ\xb3\xc1\
\xc3\xba\x1c\xdfG\x92c}\xa1\xf2\xfa\x05\x07o\x97E\
\x9a\xf9(\xceL\x0d\xd0\xb3\xfck;\x98\x1c\x5cCV\
\xd6\x10\xd3O\xd5\xbe5\xfe\xe2\xf0l\x03Ek\x17\x17\
\x13\xe0 \x8a\x835G\xcf?\x9f\x13\x1c\x89\x0fI\x8b\
\xa3A\x8b\xa5\xe6wt\xcag\xa1ReY\x13(\xcb\
J\x0d\x82\x8e\xa5\x14\x07W\x8a\xe5q\x03Wb\x117\
\xb6\xb1\xa5\xd8\xf2\xf2\xbb\x0ec\xc1\xe1\xac\xf7z\xbd+\
V8\xea\x85\x85\x81B\xdc\xdc\xf1M$9,\x16$\
7\x90\xe6h6\x86\xdb\xba;F\x03\x5cE\xd6\xe9\xe8\
~\xe1\xde\x039\xec\xd1kHR\x12\xc3\xe5|\x85\x91\
MqP\xb8\x05\xccc]ESy4\x07}\xff\xc2\
_\xe2\xbf\xe9\x9d=B\xd3e\x08\x1c!\x04\x8e\x02\x98\
\x95W\xf0S\x95\xe7\xfb&\xad\x1bdT&.\x92A\
kFP\xa6bO\xb18\x12\x9d\x1b\xfc\x0d_\xaa\xdc\
\xd8\xa0\xe9\xa5\xb8A\xa5\x82\xe3n\x0c\x0e\xdc\xc1\x01\xdc\
\xd8\xb0k\x07\xe2\xc6\xde\xfd\xfb\x1a\x118\x1a\x1d\x8ez\
\x93\xb7\xbe\xb1\xb5I\x10\x1cB\xdc\xec\xf1\x9dND\x0e\
\x138\x1cN\xb3\xd1\xd9\xd3]\xd5\xd6\x176\x18\x098\
<=\x8f\xdd\xfb\xd0\xb6-{\xe4_\xdc\x1aMW\x1c\
\xd9\xccH\xf4,o\x07w4\xf5Y\xce\x92\xaa,\xcc\
\x86~\xd7;\xdeK\xd3[\x17\x17\xe7R\xc0q*\x01\
\x8e\xd8d]fcW*8\x1e\x98\xb3[<\xff\xc0\
Z\x1c\x92l[\xccI\xa3y>n\xe4\x90\x1c\x19\x89\
\x0a\xe1\xc6*,8\xb6\xb0\xdcX\xb7a;\xee\x19-\
/\xdfY\xd9UUUy\xc2\xdb\xe44yOt\xfd\
/\xda\xff\x00\x00 \x00IDAT\xd5\x0b\x82C\x88\
\x9b>\xee\x08w\x82\xc9a\x04X\x18\xb1\xe4\xe8\x09{\
\x01\x1cf\xaf\xc3\x19nx\xed{9Z9\xae\x19\x1c\
:\xbe{@QT\xb6\xc7\x99\x16]\xb4x {\x90\
f\x85\x0bq6\xe9\xb5\xb5c6\x04\x8e(MW/\
L\xcf\xf9|\xed\x1a\x0d\xde\xceS\x94\x00\x87\xe7\xfc\xda\
\x9e\xc9\xbaU\xd2|\xa8\x92\xd2\xc7cv\x8b\xf9\xb74\
\x9dVB\xc9X\x0d\xf8E\xc0A\xa5\x80\x83\x9f\xa8\xe0\
\x8a\xca\xae'\xf7\xef\xde]\xbes_cWUeU\
\xbd\x13\x09\x0eg\xffI\xc7\xbc 8\x84\xb8\x15$\x07\
\x02\x07\xec\x013y\xcex{\xba;\xde\x0e8\x0c\x06\
3J^\x1c\xce\xf9\xb6WP\xae\x92\xb5\xae\x22\xbe\xe6\
\xc0\xc2\x9f\xa7\xe1\xb3\x84\x8c\xfeg{\x8d\xc5\xf3\xaf\xd9\
\xc1Ad\x89\x84.\xae\x1d\xb0\xfff8\x1eU\x8b\x1f\
\xac\x9d\x1e\xf4\xd9\xda5\xea\x028\xa6\xc4+\xc7\x9e_\
\xdb\x87\xc0!\xcb\x07\x0e\x9a\x8aZ\xb1\xc5!\xcbn\x86\
&\x19\x90\x1f\x1cY\xb2\x95\xd4fs\x1dOp\xacZ\
\xb9f\xcd\xca\xf5\x5cE\x05\x04\xc7n\x228\x1a\xab\xce\
\x9d\xf5\xd6;L\xde\xa6\xfezGX\x10\x1cB\xdc\x1a\
\x92\x036\x90\x1a\x0d(e\x09 \xc9\xd1\x176\x19\x01\
\x1c\x1e\xa77p\x04r\x15\xe5\x8dh\xe3\x10c\xe5\x9f\
m\x93/\xffi&-`t\xbeG\x1e:G\x118\
b\xd3\xc7\x95\x878p\xc0\xa5y\xa5\xbe\x94\xf38:\
\xcf\xdf\x1f\x9c\xac[I\xe7\x05\x87\xbe\xd1e\xf1\xfc\xdf\
7h\xe9R;z\xbe\x088t\xc9\xe6\xafU\x90\xa9\
\x10n\xac\xdf\xc6\x0a\x0eHT\xc0\xe1\xe8j\xac\xacj\
2A-\xf6\xec\x09\xa7G\x10\x1cB\xdc\x02\xf1]\x0c\
\x0e\x93\xd9h48\xc1\xe5\x00{\xd4h\x80\xf1z$\
9:^\xb8\xf7@\xf6\x15\x82\xd7\x06\x0d\x9dN\x8aT\
\x84T\x95c\x0bx\xe2i~\xf5\xc7\x96\x1a\x8f+\xef\
#\x8f\xc1\xf1\xd2\xbe\xd8\xdc\xb4\xea\xd0\xccH\xccf\x87\
T\xa5\x10\xfa8J+\xde\xe1\xc0Q\x84R\x95\x95\xf9\
\x15G\xe9Y\xd6\xe2\xe0\x1e\xf2\x1c\x9bDe\xd7\x08\x0e\
\xfe?\x8c]\xc2\xba\x87s8Vr\xce\xe86\xd6\xe1\
@\x82c/\x16\x1c\x95+\xbcPSq\xachr\x0a\
\x82C\x88[Br\x04\x80\x1c\x08\x1dF\xa3\xd9`\x0e\
\xb7a{\x14\xb6\x18c{\xf4\xb9\xbbr\xd4U\xaeM\
l\xa4\x7f/\xcf\x81\x0ez\xcf?\xd9=5\x96_\xe5\
\x05\x87f\xcafyixj\xf0]\xd5\x8e\x99\x99\x98\
\xcf}J\x0f\xe0\x10\xc95\xa5\x15\x09\x8f\xa3\xa0g\xd2\
\xba!\xdf{\x91\xd1\xfbP\xa6b\xfeG$n\xb8O\
!G/\xd7R\xdcHs9Ti\xe0Hn\xfdB\
\xdcX\xc9\xb6\x8c\xc2\xfe\x9e\xed\xdbw\xed\x00\xc1Q\xfe\
D#\x80\xa3\xc9\xe0pxM'W\x08\x82C\x88[\
ErD<f\xbc\xee\xdc`\xf4\x9a\x1d\xa3\xdd\x1d=\
\x01/\xdcM0{\x9c\x9ep\xc3\xd6\xef}\xc1\x82\xac\
\x0e\xef\x05\xe7?\x96\xd8%\xcd\xaa<h\xd9?\xa3\xfc\
\xc1\xf3k\x9a\x92\xe4\x01\xc7\xa0\xdd\xf2\x9b\xde\xd8\xe0/\
U\xabgf\x06mnl\x8e\xca\xe5\x22=\x80\xc3J\
\xc0Q\xdc\x17q\xe5\x00\x07\xa9\xb7\xd22X\x1bd\xfa\
w.S\xc9=y\xb2$8hi>r$2\x15\
\x94\xa7 \xc5\xc19\x1c0\xa4B\x04Gye\x17\xca\
T\xba\x9c&\x04\x0eo\x7f\xabI\x10\x1cB\xdc\x1a\xf1\
m\x90\x1c\x06\x94\xaa\x18\x0d([\xe9\xe9@\xb9\x8a\x03\
\x9fj\xf28a\xba\xfe\xde\xb5Y\x0f%|\x01\xb9\x81\
\xe1\x812\x83Lr\xc8\xe8g\xac5\x96\xce\x7f\xa2e\
\x92\x9c\xe8\xa0\x8bb,8\xe8\xfdDqh\xd4(S\
\x11A\xaar*heS\x95\x93\x11k\xf6\x84\x87\xfd\
H\xb4z\x06e*5\xbf\xc2\xe0\xc8;\xb2v\x8d\x8a\
C\x9aCq\xac\xba{M\x22Q\xc1\x0b\x03\xa1\xf7\xab\
\x9c\x08\x8e\xae\xaa\xca\x93&\xa7\xc3ij\xeawv\x0a\
\x82C\x88[Gr\xb0\x17\xa8\x0d^\xa3\xbd\xad\xbb\x0d\
\xecQ\xb8\x9c\xe0\xf1z\xfa\x9e\xbb\xf7\xa9\xac\xeb|\xc4\
\xa2kh\x00\xcb|\x1a\xa1 *U\xb1\xcf\xb14\xd1\
mE\xbfZ\x87\xc0Q\xa7\xa2\xf3\xb9\x9a\xa36\xfbK\
\xbdS\x08\x1c\xbb\xe708\xd4j\x05\xa0MS\xaa=\
U\x87\xcb*\x9du\x05i\xe0\xc8\xd46e`q\xfc\
d\x15\x9dw' \x0c\xa3|!p@\xf7\xd7*\xb8\
\xa3\x02\xa5\xd8\x95\x5c\xcb(\xc2\xc6:\x10\x1c\xfb\x118\
\xf6\x82\xe0\xa8\xaar\xa0\xc4\xd0d:{B\x10\x1cB\
\xdc:\x92\xa3\x0f$\x07>\xcdd2\x9a\xfa:\x88=\
j0\xa3\x5c\xc5\x19>\xb7\xf5\xa1m\xd9\xc1!Z\xb6\
\xe0H\x90\x83\x97\xb0\xc8Rn\x18q\x1d\x9bt\x05l\
,\xb6\xbfA\xcbr\xd6liM\xccm\xffM\xef\x1c\
\x02G/\x80\xc3\x0e\x8a\x03>#M\xa2\x1c\x8b\xc0\xd1\
\x1aq\xad\xa2sP\x03K\x9b}\xad\x16K\xe7\xff\xa1\
\xe9|BC\xb6t\x9a\x823\x15Yvp\xb0\xd6\xa8\
\x8e\x08\x0e\xe8\xe1H\xe8\x0dr\xf3\x11%*{\x1fo\
\x84L\xe5\xac\xd7\x0b[\xa3\xfb\x1d\x9e\x15\xc2\xd7\xa3\x10\
\xb7J|#\x02\xb3n(=iF\xa2#\xdc\x86\xaf\
A\x1aa\x87\xa0\x07r\x95\xec&\xc7u\x80\x83\xcau\
\x02\x8d,\x03\x86'\x9cV\xbc\xe3\xc2-`\xb24\xef\
\x14CD\xc5\xa6*n\xa48b\xe7\xff@\xef\x9d\x9b\
i\xb1[\x90\xe2P\xca\xe5\x22\x06\x83\x03\xdcQ\x94\xaa\
 \xc5\x01\xe0\xc8~(\x1a\x00\x857#w\xfe\x81\xa6\
\xa9\xeb\xf35R&\xdd\xb2\x83\x03\xc9\x0d\x00G\xa2g\
t\xe5Jv[\xe0:l\x8db\xc1\xb1o\x1f\x12\x1c\
]UUM^P\x1c'\xcf\x9a\x1c\xc2\x1e\x0e!n\
%\x97c\xded\x06r\x98\x0dFGOw[O\x93\
\x97\xe4*\xce\xf9\x9eG\xbe\xb7-\xc7R\x8e\xe5sC\
\x95\xae7\xb2\xc3C\x8a\x1e\xe8S\xd6\x1a\xd8\x02Fg\
?\x0f\x0fl)\x8e\xa1TeoK\xcb\x1f\xe8\xe1\xc1\
\x8b-v\xcf)\x85\x9aI\x80\x83-\xc7\xaa\xfb\x00\x1c\
\xd2l\x7f\x1f{\xb5\xb4z\x10,\x8e\xdfdk\xfc\xc4\
\xfb6\xd2\xe1p\x1de\x15r\x11s\x8f\x0ee*\xab\
V\x017V&\x9cQp8pIe\xef\x13\x8d\xfd\
(S\xe9w\x22\xc5\xe1\xf5\x9em2\x08\x82C\x88[\
\xc9\xe5\x98\xb4\x98a\x0f\x18\x82\x85\xd1\x10h\x83\xeeQ\
\xa0\x08\xae\xab\x9c\xdb\xba6;8\xae\x95\x1b\xcb\xd9\x9d\
%\xa5\x87[\xe0\x9e[.p\xe0lf\xcag\x7f\xa6\
\xb7\xa5\xe5\x97\xf4p\xec\x22(\x0e}\x91\xba\xb0\x90A\
\xa9\x8a\x1e\x83\xa3\x0e\xa5*\x8aV\xa8\xaa\xf0[\xb1R\
\xbd\x16\xfa{-\x90\x12\xadJ\x17\x1c\xb2\x1c\xd9\x89\xec\
:\xaa*:Vp\xb0\x0e\xc7\x1a\xa28\x0876l\
O:\x1c\x08\x1c\xadN\x93\xd7i\xaa?\xeb\x9c\x17\x04\
\x87\x10\xb7\xa4\xcba04;G\xbba\xf7(\xc9U\
<\x9e\xb6{\x0e\xac\xcf\xd6u~\x0d\xdcP-%7\
\x92A\xbf\x1e\xb3\xe3\x160i\xae4\x83\xae\xe8\xf1\xb9\
\x088\xda[.\xb6\xf8l\xa7\xb4z\xb5Z!\x12'\
\xc0\x01\xe6hp\x1e\xfa8x\xb9N\x8a\x09J\xd3O\
4\xc1)\x86\x0c\x8b#\x17 d\xd7a\x8e\x12\xc1\x01\
/{\xc8\x16\x8e\xf5\xac\xc5\x01\x0b\x8a\xc9X\xec>\x10\
\x1c]U]\x0e\x92\xa9\x9c\xec<!|-\x0aqK\
I\x8e\x88\x05V\x8fB\x9c!\xf6\xa8\xb7\x99\xd8\xa3\xe6\
\xbe\x97\x1f\xcaz\x7f\xfaZ\xc0\xa1\xa2\xa8\xe5\x82cm\
\xcc\xe5\xb1X^\xca\x0e\x0e\xac8\xbe\xd7g\xb3\xbfH\
\xc0\x81\x14\x87\xcfw\xaaB\xc30\x22\x0a\x81C;\xe2\
\x82E>\xd6\xce\xf3\x8a>\xd6\xe3\xc8\xfeqi\xbc\x17\
\xb9\xf3\xf7\x89\x87\x9e\xcdN\xf2-\xde\xb8Vp\xa4\x0a\
\x0evH\x05\x16\x9b\xaf\xdb\xb0n\xc3\xae'q-v\
\xef\xe1.\xc8TNz!Sq\x9e\xad\x9f\x17\x8e\xb7\
\x09qK\xc5\x1d\xe1Nr_\xc5h\x84\xdb\xf5\xddo\
\xf79 o1\x98<\xa6pC\xd9u\x83C\xcc\xfb\
\x8e\xbfLpH/\xc2N\x8e_\xa2\xc71\xb1\x12#\
\xb1\xc7\x8f\xfc\x89\x87\x02~\xdfO{[\xea\x088l\
n\x94\xaa(a\xc3\x87\x1a\x81\xc3\xce\x82C\x1d`=\
\x8e\x1c\x1fE\xdfo'\x13n\xd7\xee\x85.\x17\x1cb\
B\x0e\x1d.\xa9\xa0,%i\x8d\x92=\x1c\xfb\x91\xe0\
8\x06\x82\xa3\xb1\xb1\x1e\x09\x0e\x87\xa1\xe9\xac\xb9U\xb8\
\x16+\xc4\xad\x15\xdf\xe9\xb4x\xcc\xa4\x09\xac\xd9\x03\xf6\
h\x00&\xddP\xb2\xe2\xf5\xb4\xdd\xf9\xd4\x96\xcc\x5ce\
yU\x95D\xaa\xb2lp\xd0\xa7|\x08\x1c\xe7iV\
r\x10\xe7#%\xcd\xa8\x08\xf9c\xbf\xd8\x1f\xab{\x13\
\x81c0\x18\x0aM\x97\x16\x89(\x1d\x02\x87V;b\
\xe3\xc0\xe1\xeb\x84\x89\x97\x9cck[O\xc0\x09\x977\
\xe8\xecV\xe8\x17\x01G\x9a\xc5\xb1\x8a\xe3\xc6\xfa\xf5k\
\xd6\xdfGJ*\x1b\x12\xb5\xd8\xc3\xfd\x90\xa9\x9c\xf5\xe2\
b\xec\x89\xd6\xce\xef\x0a_\x88B\xdcj\x92\xc3\xec\xf1\
\xc0\xb2s\x83\xa1\xd9\x10H\xb4r\x98L^S\xdfs\
\x0f\xad_\xc3\xc8\xaf\xc3\xe5P]\xc7\x81\x01\xfagV\
\xbe\xc9\x91\xe5\x0f\x1c\x1d\x1f\x08\xfe\xf4\xc1\x16\xeb?\x81\
\xc7\x11\x0c\x8d/\xf62\x0cE\xcbT\x0a\xbdv\x1a\xc0\
QW\xd7yQ\xed\x8b\xd4I\xe0]\xe4\xc8T\xa2\x88\
N\x9d\xd6eY\x9f\xd7\xd4q\x9e\xdao\xcev\x8dn\
\xc2\xe0\xc0\x99\xca\xbaux.v\xd7\x93;\x90\xe0\xd8\
\x8b\x05GWc\x93\xc1\xe9t\x98\x1c\xa3\x9e\xa6;\x84\
/D!n\xb1\xe8\xef4\xe1^\x0e\xa3\xa1\xb9y\x1e\
\xdb\xa3\x1c8r\xe5*_\x0a8T\xf4\xfdp\xec\xc4\
\xf2\x12\x9b\xabdy\xea{\xdf\x9a\x0d\xbd[\x1a\xab;\
_\xd1\xef\x9b\x9b\x1b\x1f\xab-\xa5(\x8d^O!\xc5\
\x11\x0d\xb8\x5c\xbe\x16+\x02\x87}r\xeayh\x06\xc9\
!k\xda&\xdd\x96\xce7\xbf 1\x96\x03\x0e2\xa5\
B|Q\xae\x14\xcbe*Dp4v9\x0d^\xa7\
\xc3\xd8z\xf6\xb4\xd0m.\xc4-\x17\xdf\x9aD\x92\x03\
\xbb\x1c\xcd\xd8\x1e%\xb9\x0a\xf4r\xccw\xdc\xb9\x16\xe5\
*\xd7\xe1r$\x9b6s\xb5grA'n\x95\xd0\
\xf4\x8c\x8f59\xa4Y=\x0azxvvl\xa6l\
06\xb3\x10\xf0O-\xcc\x0eM\xd56\xee}\xed\xc8\
\xb3\xf7l\xbeg\xf3\x91\xa0\xdd5\xb5`\xed\xfc\xbd>\
>6\x1bU\xe5j\x0b\xa5\xd5=6\xb7;\xf2\xef4\
\xb5\x5cr\xc8\x96\x99\xa9\xa4\x8f\xa9\xe0\xe6/\xb6e\x94\
\x03\xc7\xba\x0d\xdbw\xec8\x84\xb8\xb1\xafq\x14\xba\xbf\
N\x1aQ\xa6\xe20\x9d\x0d;\x84ns!n\xbd\xe8\
\xeb\xb4xp\xdby3l-\x863\xb2xD\x16\xe9\
\x90\x9e\xe7\x9eZ\xbf\xe9\xfa\xec\xd1\xbc\x0brd\xbc+\
\x03\x89\x87\x90\xa6\xdb\x03vK\xe4<\xfc\x22\x9bb@\
\xbf?0>\xbbX62727\x10\x1f\x9f\x8a\xfb\
mW\xfc\xa1\xa0\xaf\xafgjzb!\xe0\xb6M\x8d\
\x87:\xffM\xb18;>s7\x9d\xfc\xeb\x14\xaf\xd5\
\x9d\xa2\xb7\x0e\xd8,\x96\x9a7\x96\xaf8\xe0\xe3.\xa7\
\x8b#\x03\x1c\x80\x0ebq$\xc7\xdb\xe0&\x02\x08\x8e\
\x1fb\xc1\xd1Q\xdf\x8c\xc0\x812\x15a\xbcM\x88[\
1\xa0\xef\xdcL\xc0\x81[9p\xdb9\xee\xe5\x084\
<\xb4\xfe\xfa\xea*\xd4r\xc1!e{\xb7\xe1m\xaf\
\x07m\x16\x5c\x13\xa1\xf0\xe1\xb4\x0cp\xd4\x06c\xb5\x0b\
G\xa2p\xc5\x0dE(4\xf6\xe9\x80\xdff\xf3\xfb'\
m\xa1X\xd0\x16\x1a\x18\x88\x87~\xa6\x7fo6\xfe\xae\
J\x96\xd1^\xc6\xca\x87'l6w\xe4'\xaa\xe5\x81\
C\x96Wr\xc8\xf2\x81\x03sc\x15\xdb\xc1\xb1~\xfd\
:6Sy\xf2\x10\xb6F\xab\xce\x028\xfaMF\xa7\
\xd7al:\xd9)4\x7f\x09q\x0b\x06\x99\xae\xc7\xe4\
8cfs\x15\xe8\xeb\x80\x5c\xe5\x05h\x1eU^;\
8\xd2\xf6\x85\xe7l\xb3\x92\xf1_\xbd?\x86r\x15\xcb\
\xaf\xd8\xb7J)Y\x8a\x05B?04p\xf1\xe2\xe0\
Dtap0\x14\x1a\xf0\x87\xc6\x86\xfc6\x0c\x0e\x84\
\x8f`\xc8?\x10\x8a-\x8c\x8ft\xf9c\xbfP\x15\xaa\
\x90\xbe\xa0(\x99LE\x81IJ\xc1\xbbSl\xdb\x83\
~\xac\x9at\xbb;\x91\xa8\xc9\x92\xaa\xc8\xa4\xe9\x5c\x90\
]\xd7\x1a\x1f6S\x81vsNop\xb5X\xdc5\
\xba\xb7\xfc\xf1~\x00GU\xeb\x19(\xaa\x18N\xcc\x0b\
\xb5X!n\xc9\x80\xb5\xc5f\xdc\xc8\x81s\x95\xb7Q\
\xaeb\xc4\x06\xe9\xfc\xe8cOe39n\x1c8R\
\x18\x22\xabE\xe0\x88\xfc\x12~\xa1\xde&J\xff\xfd\xd2\
\x1e\xbfmp\xd0:323\x8d\xc01990\x10\
\xf2#\x951\x80 2\x10\xf2\xf9\xfc~$;|\xb1\
X0X\xf7\xce\xab\xe9h*\xa9\x1c\xed\x89\x8f\xd7\xee\
\xa7\xdb&mn\xf0F\xb3|&i\x9f\x1d\xef\x8fd\
\xaf\xda\xe6\x04\x87*aq\xacLMT\xd8L\xa5\xbc\
\xf2,\xa4*\x1d\xcef\xa7\x09e*g;\x85\xe6/\
!n\xc9\xf8f\xd8L\x0e\xd7\x1b!W\xe9\xc0#\xb2\
\x00\x0e\x0f\xcaU\xca\xb6\xacQ*\x95\xd7\x09\x0e*\x15\
\x1cKN\xab\xb7\x07-\x96\xce\x8b4\x1d\x1d\xed\xeb\xeb\
yg;\xfbVJS\xa1\xad\xd8\xdb\x15\x8eX\xecV\
\x97\xb5e\xb0\xbd:\xe6\x0f\xfa\xa6\x82A\xc4\x0c6\x10\
9l\xc1)\x9f\xcd\x1f\x0c\xb8\xdc\xee\x81\xa8fGY\
\x85^D\xc9\x88EQ\xd6\x15\xfad\xf2\xeag\x7f\xf9\
\xf4\xcaT\x1c\xbc\xd1\xdf\xa5|\x22\xb2\x9c\xc0\xc8\x0f\x8e\
\x1c5\x15\xde`l\xc2\xe2`\x9b8\xb8L\xa5\x0b\xc0\
\xd1x\xd6hD\xd80\xb669\x84Z\xac\x10\xb7f\
\x8c\x9e\x06\xc9\x81]\x0eC\xa0\xad\x8d\xdd h\xf0\xa0\
\x5ce\xf3\xb65\x85\xcb\x03\x07\x9cw\xcc\x06\x0e\xbeK\
\xb1D\x0c\xc7m\x96\x88u\xb8mh\xe8\xca\xd5Ol\
=\x13G\xa2\xbd\xab\x1f~tbaq\xf1=\xff\xa4\
\xc7m\xb1\xba\xec\x83\xb1\xc1\xf6\xb9Pp\xaev.\xe8\
\xf3\xd9\xecn\xb7\x0d\xc2\x1fB\xd9\xca\x5c\xd0\xef\xf7\xbb\
=\x16[(\x14\x9c\x9d\x9d]\xa8\x9d\x8e\x9e\x9b\x8e\x1e\
\x8cN\xfc\x11I\x13\x7fhhl\xec\x0a\xfac6\x9c\
\x0c\xf1\x1f\x7f\x19O\x9b\xc8\x96\xddM*\xcb\xb9\xfb\x8b\
\xdb5\xba\xe9n>7\x088@p\x1c>\x01\xe0\xe8\
h:c\xf2\x9a\x9c\x86\xb3\xc21\x15!nY{t\
\x1e\x8f\xab\x98\x0d\xcd\xcdF\xc7(\xceU\x0c\xa4\xb0\xd2\
\xf3\xca\xda-\x85\x85\xcb\x00\x07\xc5\x9d\x13\xc9HU\xae\
a\xd7\xc5\xabS(Wq\xdb&m\xa1\xa1+\xff\xfd\
\xdfW>\xf8|h||\xe8\x03\x94\x8e\x0c\x5cA\x92\
\xc2m\xb7\xda]-\xe7\x07Gb\xc1)\x94\x95\xf8|\
\xeeHgg\x04\x85\x05\xfd%\x94\xa9\x84\x06\x82!?\
z\xd5m\x89\x0c\x8d\x0f\xf8'#\x11\x84\x15\x1fR#\
\x03q\x94\xd5|\x82\xa8\x12\x82F\x91\x88\xe5\x0d:k\
\xd7\xe85.\xe3\xc8u\x17A\x95X\x19H\xc6\xe9\x01\
\x1c\xec`,d*\xfb66\xf6\xf5\xf7\xf77\xb6y\
\xcf\xa0L\xc5P\x7fb^\xa8\xc5\x0aq\xab\xda\xa3}\
\x9d\x98\x1c\x1e\x83\xb1\xd9\xdc\x83\xc0\xe10\xb0\x92#\xd0\
\xf0\xd4\x16$9\xd2\xfc\xd1<\xaeFnp,\xe3a\
|~\xceWcq[,v\xbb%\xbe\xb8\x80D\xc3\
\xc2\xe2\xc4\xc4\xc4\xe7\xff=\xf6\xf9\xe7\x9f_\xb9\xe2\xb7\
\xf9|(U\x09\x06\x03\xa01|\xc1\x16\x08\xd0\x1d(\
\xfb@\xf4p\xfbC\xb1\x00\xc2\x06\x8aP\x08\xfdQk\
\x8b\xd5es\x03=\x00&\xa1\xa91\x1b~\xc7\x96\x88\
}\x15\xbd\x8cvs\xdcbr\xcd\xe0\x80\x83\x10r1\
\x0b\x0e.U!\xd7\xdb\xb0\xc5\x812\x95cgO@\
\xa6r\xc2h\xf4\x9a\x1c\x86\x13\x8e\xcb\xc2\xd7\x9f\x10\xb7\
j|7\x02-_F\xbc\xb88\xfc6\xbb\xce\x07\xdb\
\xa3l\xae\x22_.8\xc8\xb9\xe5\xeb\x04G\xc1\x1c(\
\x0e\xbb\xdd\xea\x8b\x0c\xd0\xb4\xb6d\xf3k\xd1\x86\xe8\x91\
\x85\xe9\xde\xde\xde#\x8b\xb3\xe3CW\x06\xe2\xb1\x81x\
(\x18\x1b\x19Fo*\xc6\xd5\x12Jq\xf4\xd5\xd7O\
\xcdL!A\xf1\xc9\x95+W\x11]\x82\x17\xdf\xf9\xf5\
\x1b\x14SRZ\xdd;<2\xd8bEd\xb1D\xc6\
\xefY\x9c\xb4 l\x0c\xd6F\x5c\xaa\xe5)\x8a\xfc\x12\
$\x1788\x8b#\xb1j4QSA\xe0\xc0\xd6\xe8\
Ilq\x84\x8d^\xaf\xc9\xeb<\xeb\x11\xacQ!n\
\xd9\xb8#p\x1a\xdft3\x99\x8d\xcd^,9\x8cF\
3\x02\x89\x07\xe5*\xf7o\xd9\x94n\x8f\xe6\xed\xdc \
\xdfwS\xc0\xa1ZV\xa2\x82\xfe\xc4\x9c\xdfR\xe3\x8b\
\xb9\xd0\x03>\xb9\xb0p\xe5\xea\x95\xa1\xa9\xe9\xde\xa3\xdc\
o\x17UG'&\xa6\xe7\x16\xe6\xa6{\xb5\xf0k\x8d\
V[\xa6\xd5j\xf5z\xad\x9e\xa6K\xa2\x13\xd3\xd3\x08\
'\xc3?;\xaa\xc4u\x94\xc7\xfb\xcfv\x9d\x9d\x19\xee\
m?\x85R\x1b\x9f\xdd\xe7\xb3\xa3\xb0\xd4Xc\x11\xd7\
r\xf7\x02\xca\xae\xbd\x18\xcb\xcbT\xd8\xfd=d\xa0\x1e\
\x17c\xf1\xea\xaf\x8d]8S\x19\xf5\x22px\x8dM\
M\xf5B-V\x88[7\xbe\xd3i\xf6\xa0D\xc5`\
24\x1b\xfa\xda\xdaz\xc2f#\xe4.&S\xb8\xa1\
\x18r\x95Tr,\x05\x8e\xf4\xd3\x8a\xaa\xe5(\x0e\xf4\
-~o\xd0g\xa9\x09\xd6\xb6\x80\x13\xf1\xb7\xab\xc1\x99\
\x17W\x92\x86\x8e\xd4\xae\x0bJ\x22R(4\xfa\x8a\xea\
a\xd0\x1d\xbd\xbd\xd1\x89\xe1\xea\xd22\xbdZ\xc2 \x09\
\x82\xfecJ\x1em\xec\x0b[<\x10\x81\xe9htb\
.f\x81,\x05\xf2\x14\x8b\xd9\x1e\xb4\xea\x96\xb3\x15\xf0\
\xfa\xb6\x06\x22p`\xc5\xb1jOJ\xa2\x82\x05\xc7\xf6\
C\xfbw\xefE\x99\xcaI\x10\x1c}\x06\x03X\xa3'\
\x04kT\x88[9\xbe\x19>m\xc6\xbbG\xe1r\xfd\
(\xac\xf3a\xdb\xce!W\xd9r#\xc0!\xcb\xf3\xad\
\x9d}T\x8b\x02\xc1`\x8d%88h\xf7X\x82l\
3\xc6\xf4\x1c#b\x18\x86\x92Q\xe8=\xc8\xa4\x94X\
\xc2h\xf4\xdaR\x1cG\xab\x8f\x1e--;Z]]\
ZZ]VZ\x8d\xb4\x87F_r\xb0\xb2?0\x1f\
\x89xjPXj&\xc7\xa3\x13\xe3c!\xb3\x05\xa2\
\x06~\x88-\xc4\x7f\xbaDO\xe8r\xe6f\xb3f*\
\x14{jz\x0f\xd95\xba&\xa5\x16K2\x95\xbd\x95\
\xad\x90\xa9\xd4B\xbb\xb9\xc9\xe0\xe8\xf3\x0a\xd6\xa8\x10\xb7\
r\x8c\x12p\xc0p=\x97\xab\xe0\xe6Q\x94\xabl\xc3\
m\xe7\xca%\xfb82p\x91p8\xf2\x80#1\xed\
\x86'W\xe7\x82\x1ew\xb0\xa5\xc5\xed\x19\xac\xa0\xe9\xe2\
}\x22\x1d=\xb1\xc00\x0a\x85Z$\x96PRJ\xa7\
S\x16\x16h4E\xc5E\xc5[\x0a\x0a\x14\x08(\x22\
\xa6P$\x16a5#\xd5hW\x1f\xee\xea\xb3{:\
;=\x08\x12$\x22\x7f|$\xba0;\xe0\xf7#\xc9\
\x81\xdef1\xd9G\xe6\xa6\x82o|\xe1\xc1XY\xbe\
\x1b\xf5{\x12\x13\xf5|\xc5q\xe0\xc9C\xbb\xcb\xf7m\
\xec\x0a\xa0L\xa5k\xd4\xdb\x8c3\x15\xc1\x1a\x15\xe2\xd6\
\x8eoE\xcc\xa4\x95\x03\xd1\x03Z9\xe02\x93\x19\xf7\
\x80]Z\x8b{\xc0\xae\x03\x1c\xbae\x80#yh\x80\
^\x1d\x0a\xce\x05-6\xeb\xc5\x93\x11\xfbQ\xb5\xa6\xac\
6t\x8a\xa64z\xb5Z\x8d\x10\xa1T\xcau:\xe2\
j\xca\x18F\x9c\xa2\x08\xa4\x9a\xb2\xbb\x1e\xaf\xea:\xdb\
\xe7\x9f\x9c\xf4\xfbmPW\xb1\xf9\xfdnx\xc5b\x9b\
\x9a\x88N,F\xa3\xc1\x08\xd6\x1c\x1ekm,6`\
]\xf5\xa5\x81\x83\xcdT\x92\xdd_\xf7q+|\xb6?\
\x892\x95}\xc7N\xb4\x82\xe0h2B\x13\x87\xa9O\
X\x19(\xc4\xad\x1d\xdf\xee;\x0dwd\x8d\xcd\x06\x0f\
\xb4r\xb0\xb9\x8a\xc1\xe9\x09w\x97d\x98\x1c\xcbU\x1c\
\xc9!\xb3\xe5\xec\x10o\x0cN\xcd\x05\xdd\xbe\xba\x8b\xd6\
\x88}X\xa3~t \xd4R@1\x0a\x8dZ\xcd0\
\x129\x18\x13\x94\xfe\xde'\xa6\xa7k\x17\x16jG\x0e\
G\x87\xf7>\x1a\x8d\x0e\x1f\x89NL\xd7\xd6N\xc5\x07\
l\xb6\xabC\xe3\xb3\xb3\x0d\x8b\xb3ss#1\xff\xc0\
\xd0\x95\x10\xc2\x88\xcd\x1d\x1c~\xfe\xf9\x22\x86\xd2\xceE\
P\xe6b\xf1\xb4\xcc\xc5bq\xff\xc5/g\x87\x0f\xc5\
Z\x1c\x98\x1b+a\x83\xcf}\x09n\x1c\xd8\x8e\x97\x14\
W\xf6\x9d\xe8\xef\xea\xeaw\x82\xe00\xd4\x07\xea\x85\xae\
Q!n\xed\xf8n\xa7\x19Z\xc0\xf0M\xb7\x1e8\x93\
``s\x95\xd1\xa7\xaf\x13\x1c\x99\xd3\xa9y\xc1\xf1|\
\xcb \x02G<h\xb5\xbam>k\xb9\xa8z\xc0\xef\
\xfb\x19\xa5\xd7#p\x88\xc0\xaa|~b\xe1\xed\x9e\x81\
\xa1\xb1O\xc7g\x17\xc7\xaf\x0cL\xcd\xd5\xd6\xce\x8d\x8f\
\x8f\xd7\x22\x8a\xbc\xfez{\xef\xf0\xdc\xf8b\xc3\xa5K\
\x0d\x8b\x8b\x13#\xed\x83\x93\x03\x9f\x0d\x85Z\x06G\xda\
_/B\x99\x0e\xcahhQm\xa4\xa6\xc6\xe3\x9a\x9b\
\x8a\xc5\x82\xa1\xc9\x7f\xfe2v\xf8$,\x8eU\xab6\
\xad!\xe0H8\x1c\x07\x0e\xec\xc2M\x1c] 8\xba\
N\x98\x8c`\x8d\xb6\x0a\xd6\xa8\x10\xb7z\xdc\x11>\x8d\
\xc9\xd1\x8cx\x11fs\x15\x04\x0e\xa77p\xe4\xfe-\
\x9bR\xc9q\x0d\xe0\x80>**\x178R\xbe\xeb\x8f\
Xgb3\xb1\xd9\xa9`\xb0\xd3\x15\xb7\x0dj\xd4S\
\x93\xb6\x19\x8d\x1e,O\x06\xfe\xfe\xc3\xe3CWC\x03\
\xe3\x8b\x8b\x0d\x07\xefydb\xb8Z\xab-}\xe0\xce\
g\x0f\x1e9\xf2\xec\xe6{\x9e.)y\xa1\xb7\xb7\x1a\
J,\xd1\xe1\xe1\xe9\x91\x91\xf6\xea\xc5X{E1\xd2\
*\x1a\xf4\xf719\x14\xb1H\x8d\x19\x81#\x18\xf4\xf9\
B\xb6\x9f\xd2_h\xe1\xe8\x92\xe0\xb8{%/Q\xc1\
\x8a\x032\x95\xbd?\xec\x83\x9aJ[\x93\x01e*\xde\
\x9a>\xe1\x9a\x8a\x10\xb7|\xf4wb\x8f\x03\xce\xaa8\
\x93u\x15\xa7w\xbe[K\xc0\xa1\xbc.p <P\
\x99\x06\x07\x0c\xbcI)>O4=-\x83\xae\x8bs\
Ss1\xb7\xf9\xdda\xbf\xed\x14\xd5\x1b\xf7\xfbvk\
\xa1f\xf2\xbd\xb2\x8a\x225%\xae\x1eF\xd1[}\xfc\
\xd9g\x9f~\xfa\xb1#\x13\xdd\x0b\x0b\x1do\xbf7>\
\xfb\xd9X||\xf6\xc3\xb7\xdeZlh\x98hx\xec\
\xe9\xe3\xbd\xc77\xbfv\xbc\xf7T{\xef\xde\xdd\xd5G\
+\x8a5j\x06}\xc6\x12\x86>n\xf3\x98\xec\x08\x1c\
\xa1\xa0\xcf\x16\x1a\x5c\xf7E\x92\x95\x5c\xdd_\x1c8\x92\
g\x1f\xb9\xae\xd1\x0d8S\xd9\xd8\xd8\x04\x13\xf5\xfd\x0e\
$8\xbc\xa6\xa6\xa6V\xe1\xcbN\x88[\xde\x1e\x9d\xe7\
\xae$\x18\x9d\xc9\xb6s\xc8U\xee$\xb9\xcau\x81C\
\x8a\xbf;g\xe9\xd9H\xef\xfa\x9e\x88\xd7\x8e\xdb..\
\xd4N\xc4:k\xda\xd5\xc3\xb1w\x8b5G\xdbGz\
W\xf7N\xcf\xb4\x030\xa2\x8f\x0fW\x97\x95l~\x0c\
I\x8c\x89?\xbe\x87g\xeaC\xfe\xc9\xc9\xc9\xa1\x0f?\
\xfet\xec\xf3\xb7\xb6>\x7f\xf0\xd3\xab\x03\x036_\xc0\
\x17\x9b[\xd4\xbe\xb6p\xaa\xbd}\x18q\x03aC\x02\
\xad\xac\x22\x09\xc5\xccE U\x89\xc3\x94\x8bon\x82\
\xba\xe1\xeb\xcd\x13E\x15\x00\x07\xbb\xc1\x87\x15\x1c\x07\xb6\
\xef\xda\xbf\xbf|\xef\xe3'\x9ap\xa6\xe25\x9aLN\
\xd3I\x87\xb0\xdc\x5c\x88\xdb\xc0\x1e\xed4\x11pp\xb9\
J3\x06\x87)\xf0\xc8\x965\xa9\x92c\xf9\xe0\x90\xc9\
\xe8\xe5\xb5\x9b\xab\xdf\x0b\xce-\x8e\x0dN-LLu\
Z\x8f\xee\xaf\xa88Z\x81\x1ez\x0d\xca>\x86\x11\x02\
\xda\xdb\xa7GfN\x15\xd3\xe2\x97\x1b\x16\x17\x16\xc6\xc7\
\x86\xe2CC\xd0_\xee\xf7\xdb\xae^\x19\x1f\x1f\xff\xeb\
[\xcf\xd3\xf4g\x9f\xd8\xfc\x93\xe8\x8dS\x0b\x0d\x8f\x0d\
\x8f\x9cj/\xaf~\x1e\xe4\x06\xb9XM\xa9\xc4 9\
\x5c3\xf1\x90\xcfg\xb3\x05\x83\x81\x99U\xd7\x9d\xadH\
s\x17c\x897z\xf7\xddw\xa7\x94T\xd8\x9a\xca\xde\
\xca\xc0I(\xc66Ak\x9d\xd3\xd1\x1a\x16\x9a8\x84\
\xb8\x1d\xecQ\x13NV\x10=<\xa3\x1d\xef\x05\x9c\x80\
\x108\xcct.=W\xb9\x06p\xe0=\x80\xd2\xa5g\
O\xa36\x97/\x16\x0f\x04g\xe6\xe2\xa1SG{\x8f\
j\xd4\xc5E\xc5\x15\x15eG\x8f\x1e\xad\xee\x1dF\xe4\
8u\xeaT\xfb\x91#G\x8e\x1fi8\xf8\xfdW\x9e\
{\xee\xe5\xf7\x8f \x86,. j\xc4\xc7\xc7\xc7\xc6\
>\xfb\xf0\xc3\xd9\xf1\xa9\xda\x85\xc5\x86#\x0dG\x86\xa7\
\xa7\x87_\xdf\x7f\x14\xe57\x0aF,\xa6`\xdd\xa8\x94\
\xa2\xa4j\xc4\xa4\x91\x80\xcdfw\xfb\x82v\x8b\xef\xdd\
\x1b\xe1p\xa8T\xd92\x15\xb2\xc3\xe7\xbe\xc4\x5c,\x92\
\x1cp\x16acW\x18\xba\xbfP\xa6bB\xd1\x1a>\
)|\xd1\x09q\xeb\xc77\xc3f|&\xa1\x19\x01\xa3\
\x8f\xcbU\xa0y\xb4\x8d\x0c\xba]\x178\x12\x03n\xf9\
\xc1A\xf5D\xec\xbe\x90\xcdn\x1d\x0c\x86b\xedG\x8f\
\x16k4j\xb5F\xa3\xd7\x13x v\xa0h\x9f\x9e\
\x00\xf1\xd1\x1e\xed}\xf6\xf8\xc1g\x0f>\xfb\xd8c\xcf\
=\xf7\xfd\xef?\xf2\xf2\xcb\x07\x0f64\x5cz\xff\x95\
W\x1ey\xf6`4\x1aE\x7f\xe2g\xafWW\x1f-\
\xd3\x037T\xb8_]FS\x94\x98\x9e\x98\x8c-\xa0\
\x0fbq\xfb\xe2v\x93\xcb\xfa\xeb\x1b[\x8ce\xbb8\
\xe4d\xbem%o\xb99n\x1b\x85\x9a\x0ad*\xfd\
]g!S\xf1\x9aN\x86\x85LE\x88\xdb!F\xd9\
\x15\x82\x08\x18\xe1\xb6\x0eRW\xc1\xcb\xce\x1f#u\x95\
D\xf7\xe8\xb5\xa4*\x89\xc9\xd8\xbc\xe0\x88\xfam\xb6\x9e\
E\xbf\xa5\xcej\xf3\x85f\x8eVh\xa0-\x94Q \
vh\x8a\xf4\x15\x08\x1e\xa5G\xab\xa1h\x82\x01Bf\
T\xa2\xd1\x89\x89\x89\xe9iD\x13\x04\x8b\xde\xd7\xa2\xc7\
\x0f\x822A\xbfY}\x14GE\x91\x06\x1a@\xb89\
\x17hW/\x19Zx$\xe4\xb6\xd8m\xb6X\xd0\xe3\
\xb1\xbb~u#\xadQ\xac8\x88\xe0\x80\x9a\xca\x9a\x94\
\x15>\x07v\xc1\x80\xdb\xb9\xd6V\x04\x8e\xdaV$\xe4\
\x0c5B\xa6\x22\xc4m\x12\xdf\x98$\x1b\x04Q\xbe\xe2\
\x84\x5c\xc5Kr\x15O\xa0\xa1x=^\xca\xf1\x85\xc0\
\x91/\x98\xf8\xa4\xcd\x17\x0c\xda]Vw$\x10_\xa8\
f\x18\x91D\x22\x12\x11v\x80\xf2\xe0\xb2\x96j\x82\x8f\
\xde^\xfc\xda0\xcb\x91a\xf6m\xe8\xad\xe8\xcf\x1c-\
+C\xa8)..\x82LE\x92(\xe9\xc8T\x22\xcd\
\xe2\xc1\x87C>\x9b\xcd\xe6\x8b\xcd\x05M5\x17\xdf\xd9\
\xf0\xe5\x80#\xe1\x8d\x22plc\xd7\x14\xef\xdc\xbdw\
cc\xf8dW\x7f\x7f\x9b\x1d\x09\x0e\x83\xa95 \xb4\
\x9b\x0bq[\xc4\x1d\x81N\x0fqG\xcf\x90\x5c\x85\x05\
\x07n\x1e\xe5\xbb\x1c\xcb\xbf\xdfFg\x05G\x86\xf8\x98\
\xf8\xc4\xe6\xc7[z\x5c\x1e\xcb\xdc\xf8B\xe9S\x22J\
L\x89\x11:DxR\x05\xc9\x8e\x0amEYYi\
)a\x07Dii5\xc1H5\x86HiY5P\
\xe3(\x02\x0cb\x06Nq\x8a\xf5\x1a\xb5B\x94\x18\xad\
\x95\xa9\xc4\x9a#\x07{\xc1\x1b\xf5\x05\xa7\x16\xe6<\xe6\
\xbaS\xbf\xba\x815\x15\x8aW\x8c\xe5R\x95u\x09s\
\x14g*+\xb0\xc51\xeam\x06\x8bC\xc8T\x84\xb8\
]\x02\xaf;\xc7\x8a\xc3\x88\xeb*\xac\xc9\xe1\x19}z\
\xdb\xf5\x82\x83\xce\x06\x8e\xf4_K\xde\xf3\x0f\xf8}-\
\xd6\x96A\xbb\xd92\xb2\xb8X\xfa*z\xde\xc5\x14\x85\
T\x07\x11\x1d\x18\x04(_aiQ}\x14\x93\xa3\xb4\
\xacT[]\xad-\x83\xe1X-\xfa\x15\x16\x1aE\x15\
\x15\x9ab}\xb1\xb6\x82\x90\x83\x91H8pP\x14\xf3\
Z\x94\x89M\x82\xe4\x88M\xf9jj,\xbewn|\
1\x16\x83c\x13IU\xee\x03\x93cC\xa2\xdf\xfc\xf1\
V\xb08j\xfb\x0cF\xaf\xc9\xe4\xeck\x122\x15!\
n\x8f\xf8\xd6\xbc\x89\x1c\x8346\xe3\x5c\x05\x0a\xb2f\
\xb3\xc7\x148X\xbc\x0cpPY\xab*\xf89[b\
k\xf8\x91\x81\xa0\xcf\xde2\xd3\xd2\x12\xb4[\x22\x17{\
G\x9e\xa7\xe1\xdd\xe9$\x14\x06\x87\x1a\xc0\xa1\xaf\xc0\x8a\
\x83\xc3\xc6\xd1\xa3\xa5\xd5\xa5\xda\xb2\xb2\x12\xc4\x8b\x12}\
\x19\x86\x06\x88\x0c\xa45\xf4Z}1\xb6E\xca\xca\xf4\
\xd8\x1e\x95r\x8e&EW\x0f\x8b\xcfNB\xaa\x12\xf7\
y`Q\xa9\xfbw_\x0e8\xd8\xe6/n2\xf6\xc0\
\x81]x\xf7WS+d*MF\x03\x02\x87K\xc8\
T\x84\xb8]\xe2\xdb}p\x9a\x09\x92\x15\xb8\x22\xcb\xee\
,F\xe0\x98\xef\xd6\xaeYSXx}\xe0\xc88u\
\x94Q`\x11\xcd\x86\x5cv\xeb\xe0\xbb\x17[|v[\
\xa4\xe5\xe8\xfe\x22J%\x83\xde\x0bHV\xb0C\x8a=\
\x8e2\x8c\x8d\x9d\xd5$')=\x8a4G\x99\xa6\xa4\
T[\x82\xb0\xc1\xba\x1a\x88/z\x0d,\x05#\xe0\xd0\
b\xc9A%\xc0!{\xb0\xba\x1c\x16\x96\xda\x82Sn\
S\x8d\xc5\xe2\xf3\xd7\xdd\xa8\xc1X\xbcl\x95\x80\x83\xb5\
8\xee\xc3\xc1\xf5\x9b\xe3\xb6\xd1\xf0\x89\xae\xfe\xae~K\
\xb3\xc9\xeb55\x09\x99\x8a\x10\xb7S\xae\x82+\xb2\xf8\
2S\x22W\xf1\xe2\xe6\xd1M\xd7\xa38\xa4\xcb\x01\xc7\
\xf1\xb8\xddn=\xdf>s\xb1\xc5\xea\xb3G\x82\x15R\
\xbc\xb8\x87\x80\x03e*,7 OY\xdd\xdb\xdb\xbb\
{\xf7\xea\x07\xc1\x02E\xff++)\x03\xb1\x81\x12\x15\
\x00\x87\xbe\x18\x0b\x0e$O\xb4H\x8b\xc0\xefTh\x91\
\xe4\x10\xb1\x92\x03\xce\xc8V\x0c\xf7\x06\x01\x1c!\xf0F\
Q\xae\x12\xb2\xbfqC\xc1\x91(\xc6\x92\xe3\x8f\xdb\xd6\
\xdd\x87\xbd\xd1\x03\x1bv\x94\xc3\x96blq\x9c0\x01\
8\x9c\x01!S\x11\xe2\xf6\xc9U&\xcd&\x13\xb9\xe9\
\x86r\x15r\x0b\x12\xbd\xc5\xdc\xf7}\xce\xe4P.]\
U\xa1\xd2\x15GF\xaa\x92v\xc0m!d\xb1^\x9c\
\x9b\xa8\x85\xc5\xc2n\x04\x0e\x11#F\xd4\x90\xa2g\x11\
\x81\x03\xb7s`n@=\x05\xd7O\xf6\xe3t\x05r\
\x15$6\x8e\x96bJ \x81Q\xa1\xc5\xe0@\x7f\x98\
p\x03\x5c\x0f\x90\x1cb\x8a+\xc7\xd2\xc5\xd1h\x1c,\
\x0e\x7f0\x8c7\x84\x85\x22\xff~#\xc1!g\xc1q\
\xf7\x1a\xbc\xa6\x98\xd4Tp\xc3\xf9\xa1\xdd\xe5\xe5?\xc4\
\x16GW\x13\xac7\xf7\xd6\x07\x84\xee/!n\xa3\x5c\
\xe5\xb4\x89\x9ct;c\xea\xe9\x18\xed\xf3\x10w4\xb9\
y\xf4z\xc0!\xa3\xa4y\x8b*\x0f\xc6\xa1\x9e\xd2{\
djp\xd0\xea\x0a[Z4\x8c\x087\x89\xb3\x82C\
\xad\xd1k+ M\xe9\x1d\x1e\x86\xd9\xd7aRHY\
\x0d\xfe\xe8f\x84\x93RD\x0e(\xc1\xe2|E[Q\
\xac\x05\x8a\x94b\xc7\x14l\x0e5zo,8(Z\
\x11\xad\x0d\x86ln[(\x84W\x0b\xa2\xc4\xe8\x077\
\xa8\xfb\x8b\x07\x8eM,7\x12]\x1c\x07 S)\xdf\
X\xd5\x84'c\xed\xcd\x06\xa48\x84LE\x88\xdb,\
W1\x1b\x93'\xdd`\xd99\xe4*\xf3\x1d%\xac\xc9\
\x81\xc9q--\xe7\xd9\xcc\xd1\xb4\xe6\xaf)k\x9d\xd5\
\xf5\xcc\xb4\xcf\xdaR\xe7\xb2D\x06\x19F'\x86\x16\xf1\
d\xa6\x02\xf6F\xef\xb1\xe8Dww\xf7\xe2D\x94\xb4\
m\xec\xdeM\xca\xb1\x89\xca,4}\x95\x11\xa9\xc1\x96\
_@r\xa0d\x85\xa1\xa4x7!\x85\xa4\xc7p\xad\
\xcfm\xf3\xd9\x82AXH\x0a\x1b\x8c\x7f\xbe*{g\
Z\xee1\x96\x9cM\x1cl\xaa\xb2\x06&c\xd7l\xe1\
\x1fb:\xf0\xe4\xce\xf2\xbd\x8fva\x8bc\xd4\x8b\xc0\
\xe1t\xb6\x06\x84LE\x88\xdb(W\x99O\x9c\x9f\xb6\
\xbf\xddAL\x0en\x9b\xcf\xa6\xe5\x82#\xf5z\x9bt\
\x09p\xeci\x1b\x8f\xd5Y\xebfz|\x88\x1fVK\
$\xa6\xa1\xc4R\x19>(\x09\xe0@\x82\x03\xf4Fo\
tb\xe1\x8f\xef\xbd\x17\x1fx\xef\xed\x05\x84\x8e\xf2r\
\xdc\xf2\xf5\x02\xde\xc2Q]\xda\xbb\xf3\xae\x9d\x89\x06\x0f\
\x0e%G\x8f\xe2d\x05$\x07\x18\xa32\x00G\xefT\
\xc0m\xb1\x85\x82.\x13\x01\x87\xf5\xe7\xbf\xcay\x8f\xe9\
\x9a\xc1\x01\xdc\x90\xe3U\x1c,8\xee\xdbF\xe6T\x0e\
\xec@\x8a\xe3\xd8\x890\x8c\xd4\xf7\xc1.y'\xcaT\
\x84\xb3\x08B\xdcN\xb9J'\x9b\xab4\xe3A7\xb6\
\xeb\xdc\x148\xb8\x16\x81\xa3P)\xbafpH\x97\x02\
\xc7\xeb\x03\xf1\xc1\x96\xba\x96\xd8\x80\xcfz\xde\xeaC\x8a\
\x03\xc0!\x05p n@\xf7\x97\x1esc\xf1\x8fq\
\x94d\xb8-n\x9b\x7ft\x82\xeb\x17=\xfe\x02v=\
\xd0\x8f{\xf7\xf6&[J\x13\xcd\x1eH\x82\x14\xe3\x8a\
,t\xb0\x028\x1e\x0d\xf9-\xb0`\xcce7\x81\xe6\
\xa8q\xb9~\xf7%\x80c\x0d\xef\xa0J\xc2\xe28\x07\
\x16GW[S3\x02\x87\xb75 \xec\xfe\x12\xe2\xf6\
\xcaU\xd8\xbb\xf5\xa4y\x14\x0a\xb2\xd0\xc9\x01\x13\xb2\xc9\
V\x8e\xe5\x83\x83\x0c\xa6\xe6m9?\xe5\x8f\xb5\xd4\xd5\
\xb5\xb8|A\xeb 6G\xabebVo\x88p\xa2\
\xa2E\xe08\xb28\x16r\xa3G\x1d6\x95{,}\
\xd3d*\xa57\xda;\xdc\xde{\x1c\x9c\x8fv\x12\xe8\
\x8d\xe5\xbd\x0f#z\xf4\xae\xc66\xc8\xd12\x18{\x11\
\x8b\xe1\xb3\x10#p\xec\x1b\xf0\xdbl~\x7fp\xcej\
\xc6\xee\xa8\xa5\xe6\x0f\xd7\x08\x0eY\xb6\xa6\xd1\x8c\xa2\xca\
\x1aVp\x008\x0el\xdf~\xa8|\xef\xc6\xaa\xa6V\
bq\x18\x0dN\x04\x0eaK\xb1\x10\xb7i\xae\x12n\
k{\xcfn\xc4\x92\xc39\xdf\xb1\xf9\xfa\xc0\xb1\xf4\xa8\
\xca\x88\xaf\xe5|]\xddy\x97\xc5\x17\x9b\xf1\xd9\xdd\x11\
_\x05\x8d\x1eq\x00\x07\x83\x13\x15\xe0\xc6\x8f\x16\xc7l\
\xec\x83\x0e:!\xe2\xab\x05RL\xc0e\xb7\xe9\xe9#\
G\x16\xe1\xa7\xe9\x91w`\xf4\x1e\xe0\x81=\x90\xea\xd5\
\xbbWW\xe3KM\x8cH\x8c\xbdV\xa5R\xea\xfb\x00\
\x00 \x00IDAT\x04\x8e\xa8\x1fa\x03fU\x5c\
\xf8\x1dY\xec\x9e\x7f\xbcFpdm6\xe7\x81c\x15\
\xae\xa9\xb0\xe0\xd8\xb6\x0d\x0b\x0e\x0c\x8e\xae\xa6\x13]]\
]\xa3&\x00\x87\xa3\xb5O\xd8R,\xc4\xed\x14p\x0c\
\xd2@r\x15\x07\xcaU\xc2fnB\xf6\xe9\xfb\xb7|\
9\xe0x\xb1\xee\xfc`\xcb\xf9\xf30\xec\x1e\xf3\xb9-\
\x11\xdf\xfd\xb4\x98MTp\xd3(\x02Go\xc3\xb8\x8d\
\xdcI\xc1\xe4\x80\xeb\xf4S\xd1\xe9\x91\xe9\x89\xc5\xc5\xc5\
\x91\xb9\x85\x86\xc5\xc5\x85\x99\x99\x99\x91wFF09\
\xda\x87{\x87w\xf7\xee\xde\x0dy\xcb\xd1\xe7\xb5z\xc8\
U(\x0a\xa7*\x13\x93(SA\xd9\x8e\xcbe\x01p\
\xd4X\x22u\xd7\x0d\x0e^\xd3(\xbe\x97K\x8a*\xb0\
\xc3'\x01\x8e\xfb\xd8\xbe\xd1\xdd\xa4\x8b\xa3\xab\xab\xb1\xcf\
H,\x8e\x15\xc2\x97\x9a\x10\xb7e\xaeb<\xe3\xe9\xe9\
\x18\x0dx\x12&\xc7\xfd\xc9\xba\xca\x8d\x04\x87\xec\x17\xff\
p\xfe|\xcb`\x1d\x02\x87-\x14\xb2\xd9l\x91A\x18\
+\xa1\xc4\x22\xec\x8cb\x87\xe3\xc8\x1fYn\xd4\xe0\xab\
J\x16\xbb\xddm\x09\x22bD\xb7\x96IV\x0fWW\
74,\x8e\xcf\xcd\xf5\x8fN\xf5w\x8dL\x93\x84\x05\
\x8b\x0e<-\x0b\x92\x83\xa2\xb1\xe4\xd0\xd1\xd5~|\xce\
\xde\xe6\xabs\x11\x10E\xac\xaak\x02\x87,\xc7]\x04\
\x1e88\x8bc\x1b\xe1\x06\xe9\x1b\xdd\x08\x16G\x17\x1c\
T1\x1a\xbc\xde\xa6\x80P\x8c\x15\xe2\xf6\x8aoD\xf0\
a&\x83\xf1\x8c!\xd0\xc6u\x9d\xe3\x1b\xb2\x18\x1c\xa2\
\x1b\x0d\x0e\xfa\xa2\x1d\x81\xe3|\x8b\xa5\xc6m\x8b\x87\xdc\
6\x9b\xdb*\xa3\xd9\x92\x0a\x11\x1c\xd5\xc7\x17C8\xb1\
@\xdc\x80\xf3\xafn\xf4\x9f\xdb=yev\xe2\x05\xcd\
\xe6\xcd\xaf\xbc\xaf\xa5\x9f\xd6\xbe\xd0\xb08t\xd5o\x0b\
\xdb}\xa3,9\x86\x117\x90\xe48\x8as\x151Y\
\x1e(\x91\xd2#\x93n\xb7\xdfm\xb1\xd6\xd5Y\x88\x82\
\xc9q\x9cIz\x1d\xe0\xd0%\xc0\xc1M\xb8\xe1L\x05\
\xbcQbqtu\xb5\xc1\xc4\xb1\xd3\xdb\xda'\x14c\
\x85\xb8\xbd\x02\xef\x01\xc3\xe0\xc0]\xe7v\x03\x1eW\xf1\
\xccw\x94l\xd9\xb2\xe9\xfa\x14\x87,\xefL\xfdE\xeb\
\xc5\xf3\xe7\xcf[\xa1:js!\xd91\xf9.-\x13\
\xcb\x13\xcd_\x15\xa5\xd5\x07\xdf\x8b\x90\x04\xc5\xee\xb2\xdb\
]6\xb8\xc8f\xfb\xe4\xea\xf8\xa5\x97\x9f~\xff\xc3\x0f\
\xdf\xfa\xec\xc3\x83\x97.\xbd\x7f\xe7\xfb\x7f\xf9\xe0\x137\
\xdc\x99\xb6\xc7\xa6\x87\x119\xf6\xf6\xf6\x96\x83\xe6\xc0\xf6\
\xa8H\x22&}!*j:d\x83]>.\xab\x9d\
\xb8\x1c\xae\xec;9\xa4Ke*\xfc\x03\xb9\x84\x1bX\
q\xac\xba\x1bQ\x83\x80c\xfd6\xdcp~`\xfb.\
lq\x84O\xb2\x16\x87\xd9\xe1\x08\x9f\x10\x8a\xb1B\xdc\
f\xd1w\x1a\xc6U\x0c\xc6f\xa3\x05L\x0e8\x97\x80\
G\xeb\xef\xd9\x82\x9bG\xe5\xd7\x04\x0e\xbc\xc8G\x96/\
\x09\xa0.\xb6\xb0\xe0@\xcf1R\x03\xfewh\xf4 \
J`\xa2^\xa1V\xeb\xb5\x08\x1c\x8b\x93&,7\x5c\
pq\x1ee)\x08\x1c\xfe\xa1\x89\xf7\xff\xe7\xe3K\x0d\
\xe3\x9f\x7f\xfa\xf9\xe7\x9f\xce.\xbe\xf5\xf1\xc7w~\xfc\
\xd9\x07~\xf4[\xe6\xce@-\x9b\xae\xec\x86\xe2Ji\
\x85F\xcd\x81C\xc2\xd0\xfa\xd9\x90\x1f\x83\x83\xd8\xa3>\
\xeb\x1b\xd9\x85\xc5R\x82C\x95\xd65\xca\x82\x03\xdf\x8c\
e\xaf\xc6n#\x8ac\x17\x80\xe3\xd8Yh\xff\xea\xe8\
3B\xfbW\x93P\x8c\x15\xe2649<\x1eX\xe6\
\x83\xbb\xceI'\x07L\xc8\xf6|\x7f\x0b\xcaU\x94{\
\xe0\xfc\xf4\xb5\xf4q\xc8\xd2\xc1\x91\xf6\xcb\x1d'\xcfC\
X\xb1\xf1\x19\x8bO\xc6hZ,\x05wTD\xba\xcd\
\xcb\xca\x0e\x0e\x98\x097\x00\x1c.\xc8S,\x93\xe3\xef\
?\xf7\xf1g\x9f~\xf6\xd9g\xb3\xb3\x9f\xfe\xe5\xc3G\
\x16\xff\xe3?\xfe\xf2\xf1\xcb/\xff\xe5\x83\x10\xa0#b\
9\x8b\x1dR\x18k\xd9\x89\xc1\xc1\x10pP\x12\x91\xa8\
tq\xc0oC\xe0\x00{\x14}\xcc@\xdd\x1b\xd9\x85\
\xc5\xf2\xc1AQ<p\xac\x82\xf16\xc4\x8e\xfb\xee\x03\
\x93\x83\x08\x8e]\xfb\xcb\xcb\x1f?\x09\xdeh\x07tq\
x\x9dM}B1V\x88\xdb-\xbe5o&\x92\xe3\
\x8c\xa1\xaf\xedm<\xae\x82\x8f$\x1c)\xe6\xdcQ\xf9\
\x12\x8b|t\xfcE>\xb4\x8c\x92\xe5s\x1d\x9f\xb1\x9e\
\xbfH\xc0\xe1\xb6D\xda\x87\xff\xf6\x0e-\xa6\xa4\x14\xab\
8`\xd2\xf5\x81\x85I\xf4\x84{,\xe8Q\x87L\xc5\
\xeev\xdbB\x03\x8b\xaf|\xfc?\xff\xf1\xd9\xc7\x1f>\
\xa2-\xd9\xbc\x87~\xfa\xd2s\x1f\xff\xcf\xff|\xfc\xca\
\xd3\x9f\xfd\xff\xec\xbd}P[g\x9e\xefy\xa77=\
\xd3}\xbb\x17\x81+Nhl\x83\xc1\xf1\x0b\xb4\x096\
\xe2M\x8e\x01\xb3\x1d\xc7\xebv\xa7h\xaf+\x8e\xd3m\
\xc7\xc9\x1d\x9b\xca\xeeT\xaak\x5cEB\xa7\x5c\xda\xdb\
5[\xf6\xb6\xefU\xeb\xfa\xa48\xe7\xda\x83E,V\
\xb7%\xb3V\xce\xb6\xd1\x11\x05:2\x069B\x96\xc5\
\x8b$$1 \x0d\xa8\x05z\xa1JXb00\xa4\
\x93}~\xcf9\x12\xd8\x06\x9b\xd8\xf4?p\xbe\x06\x09\
\x0b\x84!\xa5\xf3\xc9\xf7\xf7\xfa\x8c\x1bI\xc4\x03\x99\xec\
\xfa\x88\x0eg9\xde\xe5\x0b\xb2\x89P%+\x0b\xc0\xc1\
$\xc1A1\xaa\xcf\x9e/\xc5\xf1\xa4\xe1H\xc3\xd5\xd8\
\x02\x0e\x1c\xdcp,\xd7\xc5q\x18E*\x9f\x18n\xe2\
\x14\xc7\x9755\xd7\x108\x84\x14\x87\xa0\xb5\xa6\x1f2\
\xc9X\x05\x92\x1c\xf2\x1a\x0e\x1cW\xba\x92-`y+\
\xde\x00\x96\xfeH\xba }\xa9K\xf2SB5\xdc\xa3\
B\xe0\x90##\xa1\xb3\xcciE8\x93\xc9\xad\xf0\x81\
\x09\xf97\xfc\x9d\x8d\x8dRl80:\x90\xe1\xd0\x9b\
5\x93\xdfNN\x8e\x95\x8b*%i\x99\x22\xd1\x89L\
Q\xf9\xd8\xe4\xd8\x89\x13/{G\x8dv\xa5\x0c\x91\xc3\
\x80\xd3\x1cx\xa0\xa5*\x01\x0e\xfcM\xab\xe7\x9d\x00\x0e\
\xf8vJJN)\x15\xdb\x9ey8\xe5w\x01G\x01\
\x9c\x1a\x8b\x1b\xceyp\xbcy\xf8\xcd\xa3\xc7\x8f\x976\
w\xfc\xa9\xefN\xf3 \xacF\xbav\xe5\xe6]!\xc5\
!h\xcd\xe9\xee-\x19\x7f\xa6\x9b\xdc\xd4bNtr\
<l\xdd\x9b\x9d\x9d\xfdT\xc7\x91\xb248\x1e\xbd\x1a\
\x1fw\x1c\x9f*\x00\x1c*E\xa3\x92\x03\x078\x0e\xa8\
\xa9\x80\xe3@\xe4\x90Tj\xb8\x0c\x076\x1crJ.\
'\x95re\xd7i\x84\x8d\xdf\x9c+\xaf\xac\xfc\xb5&\
x\xf0\xde\xbd\x0b\xa7\xce\x9ex\xf9\x8d_\x0f\xbd66\
nw\xc6I\x14\x82\xb4\x19`\xa2\x05\x83\x03\x8eIH\
\xc5\xfd_P\xe1\x95 p\x18)\x0c\x0e\x8a\xa1\xe4\x0f\
\xec\xaf~\x17p,;\xdf\x96\xac\xc6fg\xef(^\
\xd4q\xbe\xebM\xae\xfd\xab\x0fr\xa3\xcdf\xf4_\xf5\
\xc6\x95+f!\xc5!h\xed\xe9\xc7m<8\xbeT\
sI\x8e\xda\x1a>;\x8a\x1cGVFj^\xc6\xbe\
\xb4\x15f9\xd2\x9f\xdd \xf1\x11\xa5B\x86C\xa5\x90\
s\xe0x\x80s\xa3\x1c8p\xe3h\xb9\xa9\x13\xd7M\
\x117p!DI\x10$}\x1a\xf9\x8b\xdf\xbcV\xf1\
\x8b\xcb\xc1\xd9H \x10\x9d\x9d\x9f\xd5h\x1a\xd0\x83\xdf\
N\xc7\x8c\xf6S\xbeQ\xb9\xbc\xb1\xcd\x8c\xc8\xf1s\xdc\
u.\x815`\xf8\x1cH\x1e\x1cv\x8a#\x07\xa3T\
\xce\xcf\x7f\xf6\x1d\xc0\x91\xfe,p\xe4m\x86\x8a\x0a\xe7\
8\xf8%>\x5cn\xf4\x0b\x9c\xe20 \x1a\xdf\xb8\xf6\
G\xb3\x90\xe2\x10\xb4\x06\x93\x1c\xa3\x18\x1c5\xb5\xb7e\
\xbd-\x03\xbd7\x16NW\xd9\x01I\x8e\x8ce\x1d\xc7\
\x8a\xc0\xf1\xc4\xa8\x8a\x9c\xe8A\x8e\x83@NB9\xaa\
s=\x08\x8b\xd2\xf9A\x95T\xe0F\xe5o\x8cR\xae\
\xe3\x82\xc2Y\x0999\xfc{\x9b\xe7\xdc\xd8\xd8\xb9\xba\
As\xb4\xa9\xa9\xc9\xd3\xd44;\xdb\xd44\xef\xb5w\
\xed\x1d\x9a\x9e\xf1\x7f\x1d\x16M\xceA\xc1\xa4-`q\
\x1d\x87y\x95*\x09\xde\xf0\xb1Q\x8c\xacLjf\x02\
\x1c\xe0_\xc8\xce\xe1\xdf\xffv\xd3\x8b\x82cqn\xf4\
H\x014q\x14\x17\xe3\x8d\xa3\x08\x1c9\x1c8\x8e\xdf\
\xeb\xbd9x\xe7NK\x07\x1c\xcc{\xed\xa6YHq\
\x08Z\x83I\x0e\x03\xc4*5|\x0b\x98\x19N\x82\xc4\
snu\xb0\xccg\xcb\x0a\x92\xa3O\x01\xc7\x93\x17d\
\x9f\x1c\xf9\x0d\xda\xa1\x92S\xa4\xb2\x93\x07\x07n\xf3L\
I\xcd\xcc,\xab\x94\xcc\x8f&Z\xcd\xe1N\xe9\x0e\xff\
v\xf3\xae\x8f\xde\xb9\xfa\xe1\x1d\xc3(\xeb\xf1\x04=\xe1\
p\xdf\xc8| \xea\xd7+\xf5]Y\x91\x19\xf2\xeb\x88\
dl\x0e\x7fqg\x93\xc5\x85\xd7u\xec)\xc9J\x13\
\xe3\xf1X\x04\x8e\xf2y\xa7\xd1N\xe2t\x89\x5cI\xfd\
\xe3\xff\xd5#zAp\xa4<\x12\xaa\x14\xbc\x8a\x97\x06\
\x16'\x1c\x07\xe2\xc6\xd1C87:x\xa7\xb9\xe5\xda\
\x97\xb5\xb5W\xaeu\x0c\x0a)\x0eAkP\x83<8\
jk;Lx\x99\x0ftrp\x03\xb2\xab\x0f\x8e~\
\x00\x87\xc3\xa1@^B\xd9\x19\xb4<\x18\x16\x89\xb8\xfd\
_\x1b6@v\xf4\xe5\x01\x19\xd74\x0a\x95\x15%\xd1\
o\xb9\xb0K,\xfa\xfc\x1f\x09rtT\xc9\x86A\xd1\
\xe8\xc8l\xc0\xe73\x92z\xb2.4\xae|P'\x8a\
|\xad\x84\xa7\xc8\xe4A\x8bk\x118\xd05\x8eL\xcc\
\xdeY\xa7\xd1\x08\x83\xf5\x0a\x86B\xf1\x8fz\xf8\xf9\xda\
8\x96\x03\xc7Op\xf3\x17\xb6\x1c;\xf0\x88\x1b\x80\xe3\
x~\xf3\xcd\x85\xdc\xe8\xb5\x0e!\xc5!hM&9\
\xfe\xc2\x85*\xb5\xb7\xe5\x83x\x99O-\xbf\x05l\x07\
WVY\xf9\xb9*+\xd8\xc4g\x93+P\xa4B\xe3\
\xce\xd1N\x8f\xe5\x81\x03\xce\xa9\x16\x8bS\xd3R\x00\x1c\
eC\x0cg5p\x9a\x83\x1e\xfe\xf8B&z\xcef\
\x82\xd4+\xf1\xb8J4\xdc\x14\x8d\x9aP\xc82\xeb\x9d\
#\xd5\xc6i\xe7\xa8\xbd|(>\xea\xd4\xc3\x93d\x0c\
4\x9dWUU\x96\xa4\xc2\xde\xd1tdeR\xcb\xde\
\x9b\xf5\xea\x8d$dL\x14Je\x80\xa5z\xc4\xdf\xa1\
\x8dc\xe3\xb3\xc1Q\xc0\x83\x037\x9c\x83\xe3(B\xe0\
\xd8\x8fGc\x9b\xcd2\x98p\xbb\x22\x0c\xaa\x08Z\x9b\
I\x8e\x87|\x92\xe3K\xdc\x02\xa6\x86\x8f\x118Z\xf0\
d\xfd\x96g\x81c\x9fx\x85C*|\x8e\x83\xfa?\
p\x8e\x83jl\x94\xb6y\xea\xe7\x1c)\x22n\x94\x15\
\xc5\x15\xc8q\xccr\xa9QHJ\x10=\xc3\xbf\xff\x0c\
O\x96d\xb1vV\xa9\xecd=a\x0f8\x8e\xa6\xa6\
\xf0p_\xafQ/'\xbd\xde\x07M\x95\xed\x0f\xec\x11\
\xbb\x1aP\xd36X\x7f\xa8\xbe\xaaZ\x82\xc0\xc1-?\
MI-\x09\xfa\xbc|UE.g\xfc\x8a\xa5\xc1\xf1\
]Fc\x97p\x1c\xc5\x18\x1cPT9\x86B\x95\xed\
\x87\x8e_\x1d\xbcy\xb7\x19\xe7Fkn p|_\
x\x8d\x09Z\x8bI\x8e\x0e\x18\xadG\xfa\x12\x96\xf9\xe0\
\x01Y\x18W\x81\xf5\x81\xd9O\x01G\xca\x13\x9d\xa3)\
\xe9+s\x1c<8\x1a\xdb\xc2\xf5s\xee\x14\x11\xec\x08\
\x85!\xf8\xd4\xac\xb2\x9f\xf9q\x9b\x16\xba\xcc\x09\x95j\
\xf8\xf7\x9b\x13G\xcd\xda\xddJ\xa5\x12\x81\x03\x87*\xd1\
\xa6\xbe\xbe>\x8a2\x92J\xbds\xae\xae\xd2\xff\xb5o\
\x9a!\xd4\x087\xb2\x87#\xd5\xd8qlH.:\x97\
\x0c\xfabF\x86\x1b\xce\xa7\xd0\xbd\xbc\xe7E\x17\x9c?\
\x02\x8e\xcd\x058T\xc9\xe6\xc1\x01E\x957\xb7\x1f?\
~\xf0\x0b\x00\x07\x1e\x8d\xbdv\x832\x0b\xbb8\x04\xad\
I\x999p$\xb3\xa3\x18\x1c7\xcco\xec\xce\xc6\xb1\
\xca\x8a\xc1\xb1\x12\xc7\xa1\xd33\x00\x0e\x15\x06\x87\xe3\xec\
\x9c;K\x04\x9b\x85\xd1\xff\xddQ\x5c!\xb1\x92x\xba\
\x0dJ*D\xcfo\x93\x83\xac\xdd~\xb7\x92T2(\
LAo\xd8r\xf4Qr\x14\x81(G\xed\xe7&\x1f\
\x18\xa7\x8c=\xfd\x14x\x8e6\xf6l\x15\x02G&>\
Z\x05\xbem\xeaoX_L\xcf\xe0\xc8GN!n\
P\xcf\x05\x8e%\x06Ux\xc7\x91\x9dp\x1c\x5c\xc3\xf9\
\xae7\x8f\x16\xbd\x7f<\x1f\x8a*\xcd\xb8oTz\xed\
ZG\x9f\x90\x1b\x15\xb4&\xf5\xa3\xbfp\xcb|\xb8\xec\
(\xc5\x9d=}\xc3P\x97\xc3\x81#c\xa5\xe0X\x81\
\xe1\x10Y\x8d\xac\xc3A\xd34\xec\xc7\x90\xd1\xe5q\xff\
\x1eQ\x0an\xf6HO\xcf\x92\xbc<B6\xc2\x9aQ\
\x0a\x91C\xf5\xf7\x0b{\x85g\xfd(TA\xe0\xc0\xd8\
\xc0\xe40\x19H\xbdQO\xfe%\x90\xd9\xfd\xf5\xf4\xbf\
Q\xc3\xfd\x04.\xc4\xb45K\xaa%eY)\x89C\
jK\xee\x91\x91\x19p\x1cr\xfcid:\x86\x9f\xcb\
q,\x0f\x0e\xbe\xdd\x9c\xeb\x1b\xcd\xd9\xf5&Tc\xf3\
?\xe9\xc53\xf5\xd7\xbe\x94\xde\xb8rE\x98p\x13\xb4\
F\xc5\xed\xe4\xe0zG\x13\xd9\xd1\x1b7\x0c\x9a3\xd9\
8VI[Mp\xe8\xa8+==\xb4\x8a\x80&\x0d\
\x04\x0e{\xfcB\xa2G]\x5c\xf9\xfa\xafMP\x1fA\
\x88PP\x8a\xff\xfd\xff]\xd8\x9c\x11\xc4\xa1\x0a\x13\x0d\
;@nw \xea\xb3\xeb\xf5\x0c\xa9\xfc\xda7f\x9f\
\x8b\x91\xaa\xe1\xe1\x1e\x0a\x8eN\x91Q\xc1\xf7\xf6f&\
'q\xcb\xf6\x0e\xcag}z\xa6Q\xca\xa5\x5cI\x86\
|Qp\xa4=\x02\x8e\x82DQ\x85\xaf\xa9\x9c<|\
\xf80\x14U\x0c\xd07zWZ+\xbdq\xed\x8a\xd0\
\xfe%h\x8d\xea%R\xc6\x93C\xcdM\xd6\xc3b\xee\
k\x1d]\xd5;\x8aW\x1d\x1co\x93rU\x0f\x0d'\
\xaa@\x19\xa4\xc1\x8f\xc0\xc1?\xad\xe4\xb5\x8b\xa7\x0c|\
I\x05\x85*=\xbf_\xb8\x80/\xd9Y\x92T*0\
6\xc0\xae\xd0n?\x02\x09A*\x1f\xccO\xce\xcd8\
\x15\xfd=\xc3\xc3\xdc\xa0~#e\x18\xfc\xe4\xd7\x95\x5c\
j\xa4R2D\xc9g\xbd\x09p\xc8)\xbd\x9e\xec_\
Mp\x1cI\x80\x03\x91#\x01\x0e\x5cT\x01p\xb4^\
\xaf\xa9\xbdq\xe3\x0a5 \xe4F\x05\xadM\xfd\xc0\xd0\
\xc6%9j\xa5\xe6\x16\x93A\x86\xc1q\xa3\xa3\xeb\xf5\
\x03x\xcemUC\x95\xe3\x86\x9e~H\x8e\x028\xa4\
T}`\xce\xc5\x83\xa3\xe4gW\xad\xa6D\x0bG\xa3\
\x5c\xf1\xbf\xe1\xf9\xf7t1|v\xcf\xac\x7f\x149\x8e\
\xbeh\x14\xd2\xa3\x88\x1d\x0e\xb6\xb3\xb1\x91`\x8cs\x9a\
\xc9of\x98\x1e\xba_\xdb\xd3\xc3\x90\xf8\xd9j\xf5\xc3\
\x8e\x9b_4_}\xf9\xe5\xb3{\xcf\x0d\xaa\xa9\x88W\
o\xe4\xbe%\xa5\xd4\xb3\xcc\xaa\x81###m\xc1q\
$r\x1c'\x0f\xe7\x16\x22p\x0c\xf2\xb9\xd1\x9a\x1b7\
\xaeQ-BnT\xd0\x1a\xd5\x17\x5c\x0bXM-\x9e\
\xac\x97\x22\x80\xc8\xa4\xd7\xa8\xd6\xb3\x7f\x05p\x5c`\xa9\
\x1e\x87J\x85w\x80\xca\x94\xd5\xd19+\x17\xaa\xec\xd5\
\xb4\xdc\xed\xc5\xe1\x06v\x07j\xf9\xff\xb7Y\x04\xdf<\
\x1d\xb8\x92w\xea\x94\x7f\xb4\xb3\xd3\x1f\x08D\xa3\xa6\xa6\
\xa6\xa6(\x02G\xa72\xe8\x8b?\x08\x85\xbe1\x22\x03\
2r\x97f\xedz\xa5\x9c\xef8\x95\xb5\xb5=\xec\xbd\
\x13\xb4\xde\x917*|3F\x86kFU\xd2Z\x8f\
[\xb7z\xe0\xc0\xa1\xca\xab<7\xf8\xa1\xfa\xc3'\xb7\
\x1f?\x0e\x8b\x8a\x9b\xef\xb4tp\xb9\xd1f\xe1\xf5%\
h\xadfG\xdb\x12\xe0H\x96U\xa4\xd7\x1e\x9a~\xcd\
\x83c\xdf\x0a\x17\xf9\xac\x04\x1c{\x02\x0c\xb6\x1c\x0a\x8c\
\x08K\xd37\xf3\xf0\xe8\xcb\x97\xcd\x86\x0eJ\xde\x98\xec\
\x1a\x95w:p\xdeC\xcc5Yh\xceUZ\xc3\x0e\
\xbf;\x1c\x0e\x18YH\x8f\xfa\xe7\xfc\xba\xf4\xc8\xdc\x83\
Pd\xae\x91\xa2g{;Q\x14\xa2$\xd1\xbb\x92\x92\
\xf3\xc6C\xae `\xb8\xd67\xa3\xc7G\xb44\xca\xfb\
\xf7\xd4\x05\x02\xae\xd5\x04\x07\x84*\xc5\x5c\xe3\xe8\x0e\xae\
\xa8Rx\xf2\xfd\xe3\xf9\x07\xcd\xe08Z\xae|\x09)\
\x0e\xc3\xff,\xbc\xbe\x04\xad\xd9\xec\xa8\x14\x83CV\x03\
e\x95k\xb8\xacr\xed\x9a\xf9g\x5c=6#m\x15\
\xc1\x91\x190:l\xe1\x1e\x9c\xe3hl\xd4\xcd\xce\xf9\
\xcaJ\xae\x0evt6\xca\xd5\xeaN\x10\xbe\xeea{\
O\xdf[\xc7RD\xa2TL\x8e\x91\xa9\x97\x87\xc6N\
\x0f\xbd\x9bs&\xa8\xfcg\x9dM72b=\x97\x95\
\x15\x9b\x1b\xd5D\xe6\x94\xf2`S'\x82\x06\xa3'I\
n\xa7\xb9\x02\x10\xd4(\x05vP\x0cr\x1c\x00\x8eF\
%\x13\x9d\xf7\xfb\xed\xda\xe7:o\xfa)\xe0H\xe68\
\x108\x8ea\xc7\x91\x7f\xaf\xd7\x00E\x95\x1b\x18\x1c\xbd\
B\xdf\xa8\xa05\x9b\x1d\x1d\xc5\xd9Q\xf4N\x99Z\x07\
\xf0\xb4\xca\x8dk7z\xf9#\x122Vo6V$\
\xda\x10\xb0G=Q\x87\x0a\x97O\xd5\xc1\x919_\xd7\
\xe0\xc36\x19\xb2\x04=\xc3\xfd\xbf\xfd\x1f\xc3\xb4~\xb4\
S\x09\x18`:\xc9^\xf3\xe5.\xd3\x9d]\x88\x1c\x9f\
\x8dO\x7f\xfbm(\xa4\x99\xcc:\xa1\x11\xa7\x9d\xde{\
\xee\xe5\xd3\xa1\xc9!\xafq4\xe4\x1b\xf5\xdb\x19F\xa9\
\x84\xae\x0e,=\xc9\xb0\x04B\x08\x9f*a\xbcN#\
\x8bYd\xb7\x1b\xd1\xe7>\xfe+\x81c\x07\xb77\x10\
;\x0e\xa8\xc66\xb7\x0cJk\xa5\x8d\xd7\xae\x98\x85\xdc\
\xa8\xa0\xb5\xaa\x1f2\xb7xp\xf0e\x95\x1a\xf4\x92\xe7\
\x1a9\xb6d\xad\x14\x1c)+\x02G\x8a\x9btG\x1d\
\xb4\x0a\x86U\x00\x1cq'\xa9\xc6\x19\x08\x15\xd7\x0b.\
\xfe\xd4\xc1\x8c\x82m\x08\xeb\xf4\xa3\xa3z\xfd\xa8[\x97\
!\x12\xed\xf4\xcf\x8d\x7f;\xa6\x99\x9f\x9e\xfa\xf6\xdb\xc9\
1\xc4\x90\x88fl\xda\xefG\xe0\xf0\x0f\x8f\x8c*\x17\
D\x1a\x19\x8a\xa2\xe0\xc4\x16%\xae\xcf\xc8\x01\x1c~\x0a\
\x9a\xd8\xd1\x83J\x92\xfd\x87\x17\x03G\xcac\xe0(\xc8\
^\xe0F\x0e\x8aT\x0e\x038.\x1b\xae\xdfin5\
\xd7\xd4\x22\xdbv\xc5$\xcc\xd4\x0bZ\xb3\xea\xbd\xc5Y\
\x8e\xda\x1bf~\xd3\xb9\xf4\xc6\x8d\x9b\x9a3OI\x8e\
\xa6<\xcf\x88\x1b\x92\xa3S\xe1\xa6in\xcaM\xad\x1d\
\x99s*\xa1;KI\xd1\xdaW\xca\xb8\xaf\xa8t#\
\x14tR\x0e#$-Hs\xf0\x02\x0ap\xa2\xcch\
<\xf6m\xe5\xae\x99X\xec\xcf\xdf\xc6ft\x17^k\
\xf7\xf5;\xed\xcai_\xf5`\xe7\x22p\xc4q\xeb)\
i\xd7\xeb\x95\xf0\x0f(\xf5z\xaf\x93am\xb4\x92Q\
0\x8c\x911\x10/\x08\x8e\xc7\xda8\x16\x81\xe3\x00^\
\xc6q\xb40\xd1\xc6\xd1\xda[[\x0b\xb5\xa9V\xa1o\
T\xd0\x9a\xce\x8ebpH\xcd-\x83x\x09\x18\xd7\xc8\
\xf1W\x00G_'\x05\x9d\x18\x04ERJ\xf5\xb0%\
\x1eW\xca\x95\x88\x1d\x0c\xa9\xb7\x9b\xff\xee_\xff\xf5\xf2\
'\xff:l\x0b\xc0\x01l\x9d(\xde \x91\xf4:\xe4\
S<\x8c\x5c\xf9\xcd\xd4\xb9\x0b3\xd3SS\xdfN\xcd\
\xe8\xb2\xc7f\xa2\xbf\xb3\x1b\xc9\x98\xe6N\xa7\x12\x05)\
|\x9c\xa2\x84\xb3\x10\xa0\xd3K\xa9\xe4|H|&\xe6\
$\xd9Kg\xdc,\xcb0\x8c\xc1\xb0\xf4\xe9\x08\xcf\x0b\
\x0e\x14\xaa\x14\xf3\xeb8\x0el\xdb\x95s\xec\xcd\xc3G\
\xb7'\xda8Zn~\x89\x8b\xda\x97\x85W\x97\xa05\
\xab\x1fw\x22p\xc0\x80\xac\xac\xb7\xc5\x04\xe0\x90ap\
\x94s\xe0\xc8XMp\x84\xe5\x0a\x00\x07\xcb\xfa\x8d^\
\x92\xa8\xf7\xc7I8\xe3\x91D\x975I>\xec\xec|\
(\x7f\xd8\xc9\xb0z#f\x06\xc4\x1e\xe4h\x14\x81#\
h\x94\x7f=>9\x14\x1a\x9a\xfc\xf6\xf4\x1b\xdf\x0e\x8d\
\x0d\x9d\x9e\xf2y\x8cz2\xf6k\xf7b\xc3\x01)\x0e\
x\x16\x13\x0e\x06\xc3,\x83\xc8\xe3\x8c\xd9\x95\xfd\x9b7\
n\xb2\xe8\xa2\x0e7\xebv\xac68\x129\x0e\xee\xb8\
\xe9\xc3o\xe6\x1e\xca\xbf\xdag\xf8\x82\xaf\xc6\xde\xb8!\
\x14U\x04\xada}\xef!\xe78j\xf09\x90R\x1c\
\xaa\x5c\xbb\xd2\xfa\xfaS\xca\xb1\xcf\x0b\x0e-\xc98\xc2\
\x0e\x87\xdbog#^\xaf\x85\x9d3RJX\xd3\x83\
\x0c\x08\xe6\x04\xa9\xd7\x8f*qq\x15\x1f4\x8f\xc0\xe1\
\xcf\x14e\x05\x99\xaf\xbd\x93\xbf\x19\xd3\xe8\xfc\xfa@\xc4\
7\xdb\xae\x99<=\xe9\xb3\xeb\xc9\xe9!\xba\x93\xc4O\
\x83\x1b%\xff-H\x92\xed\xbbl\x1d\x09\x06\xec$\xe9\
\xd4w\xf6\x8b~\xbaO\x94r\xc1\xe5\x09G\xc3\xbbV\
\x1f\x1c\xc5\xd9Ip\x14\xbe\x99\x9b\x7f\x9c\x07\x07\x8c\xb8\
I\xaf\x99\x85\xa2\x8a\xa0\xb5\xab\x97:\x12\xe0\x80z\xac\
\x1a/\xe4h|\xd8\xf2\xfa\x0e(\xab<\x1f8\x96K\
\x95\xbaXw0\xe8\x89F\x03\x0c\xe3\x9c\xf2\x8e\xb8\xe7\
\x8c\xa3\xa3LX\x1b5@\xbcA\x1a\x8d\x18\x16J2\
\x11\xa7\xa0\xbb\xc0NQf\xd3\x5clh\xd2\x17\xf0\xfb\
}^_4\x10\x088\x8d\xa6I\x8d\x8f\xd4O\x0fp\
_G*\x1fSg\xa7\xb2\xc3\xe0f\xf5\xf1\x99\xb8\xd2\
\x18\x0d\x06-)\x99\xf5.\x8f\xc3\xf6\xeasM\xd5/\
\x09\x8e\xb4\x8c\x02\x08U\x8a\x8b\xa1\x99\x03\x83\xa3\xe8\xad\
\x93\x85\xf9o\xffb\xd0p\xb7\xb9\xb9E\xfe\xa5T*\
\x15\x8a*\x82\xd6\xb2~hh\x93IePV\x01p\
\xc8!\xc7!U\xab[^;\xb0\xbc\xe3xb\xff\xd7\
\x0a\x97\xe3\xe8\x18\xa2/\xecijb\x99\x0e\xc6\x17\x0f\
:F\x8dn]}\xfe\xe5^\x92\x5c\x0c\x00\x0c\x0dp\
\x1czr\xd4-\x16\xe5\xf8\xdaC~#\xeb\x8e\x06\x9b\
\x9a\x9af\xa3\x0eG@\xf9\x97\xd1\x11+i\x9c\x9eS\
.<\x0b`\x03\xf7r|L5\x96orz\x9c4\
\xfa#\x91\xd9\xe0gY\x9b.\xe8t/\x04\x8e\xc5\xbf\
?_T)\xc6\xeb8\x8a\x8b\x0f\xe0\xf6/\x00\xc7\xf1\
{\x00\x8eV\xd3\x8d/\xa5\x8dR\xa1\xa8\x22h-\xeb\
\x07f\xaewTVK\x99Z\xb8F\x0e\xe9\x0d\xf5\xe0\
\xafw\xaf>8\xde6\x10\x8ep\xd83o'\xe5\x0a\
\xa73\xe2\xff\xda{\xeaC\xf3\xe8\xa3\x89\x0a.\xf0\xe0\
\xd8\xa1\x1f\xed\x11\x89.\xcd6\xe9\xbff<\x9e`0\
\x1c\x0c\x8e\x04\xc3\xe1p@\xd9\xe6\xb0\xc6c\xd3z>\
/\xca\x99\x94\x85,)\xa7\xb9\xe9\x883n$I\x86\
e\xdd\x9f\x8a\xc4\xa22\xdd\xb6\xef\x00\x8e\x94'\x1c\xc7\
R\xe0(N\xe68\xde<|\xb8\xe8\xfd\xfc|\x04\x8e\
\xbe\xe6\xd6A\xe9\x977\xaeI;\x84I\x15AkY\
?j\xe3zGk\xe5\x03\x00\x0e\xe89\xbf\xa1\xe6[\
G\x9f\x01\x8e\xa7\xa48\xd2\x97\xa0\xc7[,\x019\x8e\
\xf9\x88\xd7k4:\xe3\xf1q/\xd3\xb9\xa8\x13\x83G\
\x86\x927 \x08\x1d\xca\xcfE\x22\x8b\x85\x1dU\x0e[\
\x5c\xb0S\xb4\xbe\xbe\xbe\xc1\x1al\xb2+\x95M\xa1)\
\x1f\xf5\x08o\x16c\x03\x5c\x07\xe9\x8c\x93p\xa2\x13\xa5\
P\xa9\xfe\x19}\x9f\xb7u\xe2\x17\xd8\xff\x95\xf2\x98\xe3\
\xc8\x03p\x14/\x0aU\x0e\x17\x9e\xdc\x0a\xe0\xe8\xed\x83\
6\x8e/o\x08\xd5XA\xeb\x02\x1c\xb2\x9aZ\xb5\xb9\
e\xa0\x03\xbc\x07\xfa\xdf\xa5\xf9\x0d\xbc\xcag\xc9\xaaJ\
\xca\xf3\xac\xff\x02}\xd0K\xa9`:\xde\xef\xf7\x93\xfe\
yrn\x5c?\xfa\xc8\xa5\x8f\x13\x1b<\x02\xd0\x8d~\
\x94\xd9,\x12\x97U\xdaG\x95\xee\xcb\xc1\x91\x91\xae\xd6\
\xa6\xd9\xbe/z{\x8d(\x8ea\xbb\xbd\xac\x82\x5c\x0c\
\x1d.\x9dJ.\xe4I\x8dN.\xcf\xaa \x86\xff\xf0\
j\xca/=\x9f\xed{\x01p\xa4=\x0a\x8e\xb4\xbc\x85\
\x1c\x07\x0eUN\x16\xe6\x16\xbdr(\xff\x133\x80\xa3\
\xb7\xb6\xf6\xc6\x8dkBQE\xd0\x9a\xd6\x8fqY%\
\x09\x8e\xdaZ\xd9\xb5\x1b2\xdcs\x0e\xe0\xc8X\x018\
\xd2Wx=\xeea)b\x18\x81\x83\xa0(\x8a\x8d\xc4\
\x93=\x18p\xc13\x09\x9b\xb1\xc8y(\xc9a\xd1\xbe\
\x12\x9d\x1e\xb2\x1d\xa3s\xdf\xcc!=\x18\x85$\xaa\xd1\
\xae\x1f5\xfa\x19\xfd\x02s:\xe9O]Q\xbb\x11\x12\
\xac\x89\xc7\xf4q=\xc3\xc2\xb7%\x1c\xda\xcbw<A\
\xdb\xe6Ur\x1c\xc9\xe3\x98\xc0q\xf09\x8e\xc3\x00\x8e\
|\x00\xc7\x1d\x00G\x8dZ\x00\x87\xa05\xae\xef\x8fJ\
\xd5Ip\xc0F\x0e\x99T*\xe5z\xce\x97v\x1c\xe2\
\xe7\x05G\x96[N\x0c\xf78\x1cn\x05E0\xc68\
\xc9g4I\x05\xba\xbc\x95\xa3\x9d(l\xc1\xc5\x15\xe4\
(\xf0\x0d$9>\x16m\x0c\xce\xa1\xbf\xce9g\xe7\
\x91B\x11\x9f\xcf\x09\xe4pz\xe7\xbdv?\xf7E\xf0\
\xd5\xee\x0fR\xea\x83\xd1\xb0\xce\xa5\x0b\x86i=\x0f\x0e\
#c\xe0\x03\x1f\xc6\xe0\xe8\x1d\x16\xad28\xf8P\x05\
\x83\xa3\xa8\xf0\xe8\xc9\xad\xc7\xf3/#p\xb4\xb6\xde\x84\
\xa3\x11\xae\xf5\x0a\xeb\xbf\x04\xade\xbd\xd4\xd1\x86\x1dG\
\x8d\xba\xd7\x04\x1d`\x90\x1c\x95apd/\xed8\x9e\
\x13\x1c\xe9\xa2\x8d\xeeNE\x0f\x8d,\x07C1\x84-\
\xa0\xc7\xee\x00y\x0d\xb8e\x1daO\xd8\xcf(I\xbb\
\x1d\x91 \xeet\xda\xedv\xbf\xdfn\x7fO$\x9a}\
\xa0\x8f\xc7g\x22\xed\xdd>$\xaf7\x8e\x9eg\x8cM\
G|\xb33\xdf\xa0/\xf1\xfb\x8dq\xef\xacf\xfe\xfe\
\xfc\xfc\x1b\x22\xd1\xde\x92\xac\xd4JW\x98\x81a\xb9x\
\x9c!\x18\xde\xcf0dG\xff*\x82#\xed\xb1\x1c\xc7\
\xc9\xc3G\x0f\x9fD\x8e\xe3r\xaf\xb9\xb9\xb9\xb5\xa3V\
*\xbdqM\xa8\xc6\x0aZ\xd3\x82%`\xb8\x1c+\xe5\
V\xf9\xd4 \xc3!\xed\xd0H\x96\x0dU\x9e\xdbq\x88\
\x1c\x9d\x14\x0d\xe4`I\xb2\xe7\x83\xc0\x9c\x9e\xc7\x06\xc3\
F\x83\x96\xea\xbd\xef\x05\xfdv\xa7\x131\x03\x0b\xc0a\
\xf7\xc7\xed&]\x83/>7\x17\xc7q\xca\xa8^\xff\
@?\x17\xf7\xa2\xcf\xc7\x8d\xfe\xc8\xbc\xc9h\xb4\xdb\xe7\
\xbe\x89M\x8f\x8f\x8f\xcf\xcc\x8b*'C\x1a\xab\xa5\xa2\
\xb2\xa4>L*\x91-\xd1\xb3\x01\xbd\x92\x8b\x83\x18f\
\xd5\xc0\x01\xec@\xe0(X\xe48N\x1e.,:y\
\x08\x83\xa3\xb5\xb9\x95\xc2m\x1c\x83\x028\x04\xadip\
\xf4\xc2\xb4\x0a\x80\x83k\x1d\x95ap\xc0)\x90\x00\x8e\
}+\x00\xc7\x8a/\xc8p\xa7\x9c\xa0i\xb7\xdb\xcd(\
\x1dV\xc8q\x22'\xa0\xd4\xbbm\x97\xceHJ?\x19\
\xf4\xdb\xf5F\xef\xcc\xcc\xcc\xf4\xf4L\x1c\xc2\x13=\x8e\
Y\xe6\xe6\x8c\xfe8\x12b\x07\xa2E<>>\xee\x9c\
qB\x8c2j\xca,o!\x8dv\xa372\xdf\x1e\
\x89E\xeaE\xe7b\xe3\xde\xa9\xd0,\xa2P\xbd\xc4\xc5\
\x8e\x1a\x9dq:\xca5\xb0\x93\x1d\x0c\xb9\xaa\xe08\x92\
p\x1c\xc5Ip\x14\x1d\xca\xdf\x7f\xb9\xf7\x8b\xd6VX\
\xe3#\x95R\x83B5V\xd0\x9a\x06\xc7]\x0c\x8e\x9a\
\x1a\x99\xc1d\xeaU\x83\xe3\xb8\x01\xe0Xy\xa8\xb2\xe2\
\x0b\xd2#\x87i\x15\x87\xc3\xcd2\xee(\xa9\xd73(\
4q\xeb.\x94\xed=x\xc7l7\x1a\x9d\xe3\xdf\x8c\
\xc7b\xed\x93c\xa1\xd8L\xd4o\xe4\x85\xf7{a\x01\
?f\xbe\x9d\x8a\xc5\xf1\x03F\xa3\x19\x91\xc6\x1e\xf7\x0d\
\xc1\xb6\xb02\xb1x\xf2\xcf3N\xe4FB\xed\xbe\xa0\
NWU\xef'\x9dN\xd6\xc1`\xc7\xa1@\x88\xfa\xed\
\xaa\x82\x03'9\xb2\xb3q\xa8r`\xdb\xc9\xc3\xdbO\
\xa2Pe\x7fk\xef\xdd\xe6\xd6\x16y-\x80Ch\xe3\
\x10\xb4\xb6\xf5#\xdeq\xd4t\x98L\xd0s\x8e\xe2s\
Y\xc7\xbdjtY\x14d\xec[Uph\x95r\x0a\
\x1c\x07\x98\x0e\xbb>\x8e\xec\x06c;Sr\xa2\xab\x17\
\x85\x1fv\xe3\x83&\xc9\xfct{\xc5\x91}b\xf1\xd9\
\xd0\x18\x9c\x18\x8d\xb9\xa1\x87cT\xf4\x1c;\xe6\xe6\x9c\
_}\x15Cx\x80\xca\x8a=\x1ewz\xbd3c\x89\
\x9f\xa7N3\x1d\xf3\xf9\xe2\xf1\xf6\xc9\xd9\x11]\xd02\
\xa2\x8f{\xed4\x8b\xd3\xa3\x0c\xd2\xff\xf9\x22\xc71\xa5\
-\xe18\x92\xe0\xc8A\xe08z\x12\x85*\x1c8L\
\xf2/\xa5\x8dB\x1b\x87\xa05\x0f\x8eN\x0e\x1c\xd0:\
j\xbe\x06\x89\xbd\x1b\x00\x0e\x18VYep\xe8\x108\
\x08\xda\x8d\xd8\xe1p\xdb\xe3N#\xe9\xfe\xac\xe4bW\
\xef\xa8\xde\x89>\xd6\xc7g\xce\x88\xdf\xc8\x16\x8b7\x8b\
\x8f\x883\xc6\xa6g\xbc^\xa7\x1d9\x0a\x04\x09\xbb\x9e\
4\xceA\xc6t&\xe6E7N\xef\x0cdA\xbc~\
\xbf\xdd?>/\x12\x87BEbq\xf5\xff\x22\x16\x8d\
M\xc7\x22c\xbeo\x06&5\x88\x1c#\xfe\xf8\x8c\x9d\
\x88\x82\xe5\x00n0\xe7W\x19\x1cP\x90\xcdN$G\
s\xb7\x9f<\x8c\xc0\xd1\xdc;\xd8\xdajR\x7f\xa9F\
\x9eM\xa8\xc6\x0aZ\xdb\xfa\x1e\x07\x0eY\xad\x1c\xc0\x01\
\xa3*\x90\xe3\xa8\xde\x81;GW\x00\x8e\x15\xe7FE\
.R.'\xc0q\xd0nO\xd4\xe95\x0e\xef)\xd7\
EI\x14R\xd8\xc9\x07\x88\x063\xd3\xc7\xc4\xc7\x866\
\xffdhr({h\x1a1\xc2\x8e\xc4'Kg\xbc\
F.cj4\xda\xb1\x03\x81\xfc\x08i\x8c\x8fkD\
\x93_}uJ\xbcor*$\xd9\xd2\x8e\xc8\x11\x9a\
\x8d;C\x1a\x97\xce\x13t\x8e;\x19\x07\x9bp\x1c\x1f\
\xff5\xc1qt{\x11\x1c\x8e\xd0\x0a\xe0\x18\x94\xd6\xde\
\x10\xc0!h\xed\x83c\x94+\xab@\xcf\xb9\xf9\x8a\x0c\
'G)\xec8\x0a\xf22V\x15\x1c[\xf5r\xb5\x82\
\x05\xcb\xe1\xb069\xbd\x8e\x9d\x87\x82Q\xc6\x18\xf3\xea\
G\xe3\xb3\xa1\xd8\xccXhL\xfc\x93\xb1\x8a\xa1\xa9\xd0\
dq1\xb2\x1c\xc8\x86@K\x18\x0aW\xec\x08\x15r\
\x18akT\xcaIR\x0e\xc5V=\xd9\x81\xb8\xe1\x9d\
:ubjzj\x87\xf8\x5c\xfb\xfcd(\xb5n~\
zf<\x14r:#\x9a\x0b\xba\xa0\xf7\x9b\x19=\xcd\
r\x8e\x83\xfd.\x0b\xc0\x9e\x05\x8e\xd4\xc7\xc0\xb1\xed\xe4\
\xd1\xb7N\x16\x1e\xca\xbf\x8a\xc1a\x86c\xdc\xa4B\xff\
\x97\xa0\xb5\x0e\x0e\x92\xdf\x01\xa6\x1e\xe8\x1e\xa0\x90\xe3\x90\
IQ\xa8R\xb1c\xa5\xc9\xd1\x95\x83\xe3\x03F.\xa7\
X\x82\xa6Y\xc7gQ\xe7L\xf8m\x8f\xc7\xef\x8c9\
\x8ds\xce\x06\xe40\xa6%\xe5\xd3\xa1\xd3'\xc6B\xd3\
\xed\x93c\xd9\xaf#\xf70\x03=\x1bJ9\xfe\x03o\
\x88\x198e\xa1'\xf5^'\x22\x8ao&6\x941\
\xd9>\xdd.\x16\x87\xa6\xa7\xda\xa7#\xd6\x91\xf9\xf9\x99\
\xf1\xd8\xb4o\xc6w\xeaL\x9d\xef\x1b\xa7\x91e\xb1\xe1\
 \xe8U\x07G6\x0f\x0e\x5cUyk\xfb\xc9\x5c\x0e\
\x1c\x97\xf1\xc6Q\xa9\xd4 \xf4\x7f\x09Z\xdb\xe2:\xc0\
jjxpp}\x1c\xf7\x8av\x14\xe3\xe4h\xc6*\
\x82c\x0f\x02\x87\x9c%\x08\x9a\x1d\xfe<\xe0\xf5\xba=\
\x9e\x807\xe2u~\xe3\xdd\xf9\xb3\x99Xhr\xac=\
\x16\x0b\x0di\xa6\xa6\xa6N!r\xfc,453\xe3\
\xc4[:\xf4\xfa\xe4\xec+7\xcf\x02\xcd\xa2v\x08`\
\xa6\xf6\xed\x9bl\xff\xb3E<4=\x0d\x99\xd1\xd9\x11\
\xd7Hdf||~\xc890?2?\x1e\x8f\x1b\
\x8d8\xc1\xc1\xd2\xc4\xef\xfe\x8a\xe08|t\xfb\xb1\xc2\
\xd2\xfc\xab\xcd\x1c8j\xa452\xa1qT\xd0\x1a\x17\
l\xe4\xc0\xc9Q<\xac\x02~\x83\x03GvAA\xc6\
R\x96#\xe5\xb9\xc1Q\xc9v\xca\xd5\x0c\x8b.\xe3\xe1\
\xb0\xdf\xebt\x04\xa3^\x9f\xd7\x17\x8b\xa4\xbc63\x13\
\x9al\x8f}5\x19\x9b\x99?7\x1d\x8a\x5c|}\xf2\
T\xf9o~\x83\xc9\xa1\x87&/\xdc\x9e\xce\x15f\x91\
\xdb\xb0Cc\xba\xd3kt\xc6B\xe2\xaaI\xcdWu\
CS\x88\x1b^_$2o\x9d\xf5Ef\xe2\xbeP\
\xc4i\xb7\xcf\xfa\xbe\x89C\xa0\x83\xc0A\xd3\xaa\xcfW\
\x1b\x1c\xc5\xc5\x1c9\x0e\x1c\xd8\xf5\xe6\xd1\xa3\xc7 T\
i\xe9\xedk\x85Q\x15i\xcd\x0d\xa1qT\xd0Z\x07\
G\xb2\x03\x0c\x86U\xa4(h\xe1r\x1c\xc5\xd9+\x1a\
r[97D%\x00\x0e\x0a,\x87\xc3\xe7t\xfa\xc3\
\x9e\x01\x9f\xd7\x1b\xd3\x88\xc4c31\x88L|(\xf6\
\x98\x0eMk4\x1aI]\xe8t\xc5\x91\xd3_!r\
\xc4\xa1g\x83\x1bI\xe1n\x9cSN\xdc\x94n\x8c\xc7\
BE\xe2\xa1\xc9\xc9\xfb!\xe0\x06\x02\x87\xcf\xef\x9b\x9d\
Gw\xf1o\xc6\xd1\xf3\xe2\xbe\xf9\xf19\xd2\x88\xfe\xca\
\xba\x09G\xcfw\x00\xc7\xc6\xef\xe08\x92\xe0\xd8\x8e\xc1\
\xd1\xc2\x81Cz\xcd,\xb4q\x08Z\xdb\xfa\xc1\x17\x1c\
8je\xdcx,\x04+<8V\x92\x1c]18\
\xd2EYt\xa7\x5c\xaeFa\x03\x11\x9dw:\x03\xc1\
&\xafw&f\x15\x17O\xc6\xe23\xd31\xa7\xd7\xeb\
t\x86\xa6g\xa6C\xd9\x0dCe\xa1\xc9\xf2\x1d\x90!\
\xc5\xa6#\xd1\x02\x86\x11b\x04\x94 n8g\xa6_\
F\xcc\x09i\x86B\xed(R\x89L{\xbd~\x7f`\
6\x12\x9b\x9f\xf79\xe3\xd3\x11\xa73\xe2\x9c\xd3\xeb#\
\xa7\xe7\xbd\x81\xfe\xf0\xf0\x8b\x80#m)p$\xb2\xa3\
\x90\xe3\xd8^xl{i\x12\x1c\x88\xbcr\x93\x00\x0e\
Ak\x5c?\xe2C\x15\xbc\xe7\x1c\x9f\xac\x22\xeb\xe8\xaa\
\x80\xd3c\x8f\xac&8D\xa247\x02\x87\x9c\xa2\x09\
E\xffH\xdc\x19\x0dz\xc7}\xd6J\xb1\xe4\xdb?\xcf\
8c\xd3N;\x8a^\xbc33\xb1\xd8\xd4\xcf\xc4\xf7\
'/\x86\xc6\x8a\xc5\xe2\xdfL\xc5\x10:\xbc\xde\xf8\x83\
\xc4V0=WhA\xa1\xcaLlL\x22~u2\
t\xf1\xd4d\xfb\xf4Th\x12\xb9\x17\xaf?\x10\x98\x8f\
\xcd\x8a\xc6\x90\xfd\xf0\x8e;\xbd\xce\x07z\xc6\xee\x1b\x9b\
\xf4\x86u\xcf\xb5r\xf4\xc9\xc3\x98\x16UU\x0a\x16'\
G\x13\x8e\xe3Nk\xabAh\x1c\x15\xb4~\xc0\x01K\
\xc0xpH9p\xecX\x1a\x1c\xe2\xe7\x07\xc7F\x0c\
\x0e\xb5\xc2A\xf4\x07\xe7\xfc\xd1Hd\xa4\xa4R\x83\xe2\
\x8c\x18\x8aP\xbcN;\xba\xf0\x91\xef\x88!rH\x8e\
\x9d\xda[\x11\x82\x9eP\xc9\xd0\xf4\xf8\xf8L(\xe4\xf3\
\xfa\xf9x\x85o(\x1d\x9f\x99\xd6\xbc\xf6\xd3\xcd\xa7&\
/\x8aw\x0fMO\xa3o\x82\x0c\x8b\xdf\xef\x0d\xccN\
\xc7\xc6\xe6\xc7\xe6\xe3\x11?\xb2%sz\x921\x1a\x07\
|\xbeY\xed\xe6\xd5\x03G\x1e\xb4\x9c\x17,\x0eU\xde\
*\x84\x1cG\x1d\x02\xc7@\xf6=\xa3\x00\x00 \x00I\
DAT\xe5V\xc3m\x00G\xb3\xd08*h\x8d\x0b\
\x1f\xad\x02\xe00 p\xc8\x12\xe0(\xc6\x8ec\xdfj\
\x82#\xdd\x01\xe0P\xca\x1dl\x7fx\xce\x19\xb1\x88_\
\x9bD\x91I$6\xe3\x0b\xc5\xe2N\xa7\x17\xf7\x83\x22\
\x87\x11\x9bF\xd88\xb1o\xf24\x1c\x0c\xf92\x8a^\
\xc6g\xbc>_\xc4\x17\x89\xa0x\xc4\x8f\xa7Z\xc6c\
\x16q\xb9X\xbc\xf9\xf5=\xe8'\x09\xc5P\xa8\x82\xbe\
\x00\x91\xc3\xeb\x8b\x84\xa6\xa7\xe7\xcf\x8dx]\x1f\xd9\x8d\
n#\xa9dX\xaf\x91\xe9\x9e\x0f|\xbe\xaa\x8e\xe3\xc8\
\xa39\x0e.T\xa9k17\xb7r\xe0\xe8h\x16^\
W\x82\xd6\xb8\xbe\xc7\x81\xa36\x01\x0e\x99L\x8a\xc0\xb1\
\x83\x0bU2\x96\x06G\xca\xf3\x80#\x05\x81\x03\xd2\x15\
\x91\xa6a\xf7\x9c\xb7b#\xc2\xc6Ld{\xf6|\xac\
\x1dr\xa5~h\x0a\xb5CK\xb9s|V3=\xad\
I?=\xb9G$\x16e\xbc6\xd4\x8e\xd81\x1e\x9b\
\x1e\x9f\x81\xb9Y}|<\x16\xb2H\xc4\xe2}\x17\xb7\
\x88N\xef\x13KB\xc8\xa4L#\xac@)\xc5\xef\x8d\
\x0c\x9d\x1ej\x9fw\x05?\xcb\x8a\x8e\x86\xfd\xa3J\x86\
\xe9\x8e\x90L\xf7\xec\xa5U\xac\xaa\xa4\x1eY\x14\xab\x1c\
8\x90sr{.\x1f\xaa pt p\xdcP\x0a\
\xc7\xb8\x09Z\xf3\xe0P.8\x8e\xde$8\x8a\xff*\
\xe0P\x92J\xe7\x8c\x7f0\xcc\xce\xf9\xdeCVc|\
\x16}\xaf\xf6\xe9i\xdc]n\xc4[\x01\xf1J\x0e\xff\
%\xcd\xd4t{\xc3\xe4d\xc3>d:\xc4\xc5\xa7\x87\
\xc6\xc6\x864\x91\x88\xcf\xe7C\x86d\xbe\x01Q\xe3'\
E\xa7&\xc7&\xa7\xc6\xc6\xbe\x8a\xa1P\x07\x12\x1c\x10\
\xab\xd8\xed\xbev\x04\x0e\x9fk\xd3\x86c\x81\xd1p\xf4\
k\xd2id\xdc,AD/\xac&8\xf2\x1eIr\
\xec:Yx8\x07\x81\xa3n\x10\x92\xa3\x00\x0e\xe9\xc3\
V\xe1u%h\xcd\x83\xa3\x0ds\x03\xc6c\xf1&\x9f\
\x1b7\x16\x1c\xc7j\x86*)\x01=9\xea\xf5\xea\xdb\
\x98\xb0\x91\x09\xf8\xa0\x83\xeb\xac\xe4T(4\x16\xf2\xc2\
\xda\x1eng\xa0\x11\xc0\xa1w\xe7\x9c\x0aM\xc74\xbf\
\x99\x9c\x1c;!\xc2\xff\x5c\xe5\xb9\xf2\xbd\xe7\xceI*\
\xdf\xa8\x97p\x0f\x14\x0c\x85b3(\x8a\x99\x99\xf1\xc2\
\xc4[\x00A\x03\xf3'2\x8d\xec\x87\xbf4\xa5\x94U\
:<\xa3\xca\xd9Y=A\xd0*\xea\xfc\xaa\xf6q\xf0\
=\xe7x\x83 r\x1cG\x0fsU\x15s\xf3e\x0e\
\x1c\x94\xe08\x04\xadu\xbd\xd4\xa1\xe6\x1c\x07\x80\xe3\x06\
,\xccD\x8e#\x97\x03G\xda\x13\xe8x\xee\xfd_\x22\
QV\xe0\x81\xbe}Z\xd9(W\xb2,\x13\x9dw\xce\
\x8dk\xcaCc\x1fH\x86\x22q\xa3\xddH\xc2\xf8\x1a\
\x99\x18\xa6\xf7\x8c\xf8BS\xd3\x91\xf9\xfb\xa1\xa9\xd0\xd0\
k\xd9\x05\xe2}\xe8\x1f\xdd\x9c\xcd\xfd\xe3\xd9\x05\x19G\
\x8aOL\xcd\xcc\xf8Ffc\xd3^h\x11\x83-\x82\
v\xec[\xfc\xf3\xb3>\x97/\xd2\xd0\x14&ztz\
et,\x0eG\xd6R\xff\xf5\x05\xc0\xf1\x187\xb8\xe4\
h\x01g:\xb0\xe38\x9a\x0cU08\xd4\xd2\x0e\xe1\
\xfcGAk]?4p\xfb8j\xa8\xe4&\x9f\x8e\
.\xdc\xc7\xb1|\xa8\xf2\x5c\xe0(\xb1\xcf\x85\x22\xa3J\
\xa5\xbcS\xcf\xb2n\xbf=\xd0\xa4\x19\x1b\x93HBP\
R1\x92$\x94M\x108\xb8\xb16\xaf\xdf\x17\x89\xb5\
\x87\x22H\xb1\xd8\xf4Thl\xecTE\xf1\xbe\x13c\
cc\x93\x93\x9aP\xa8\x1d\xd2\x1eN\xa7ol\xde\x07\
\xa7\xb4 t\xb0v\x88r\xecv\xaf\xd3;\xe2\xaa\x9a\
u\x0e\xb0\xc1\xb0JgT\x1a\xdb#v\x16\x81\xe3\x9f\
W\x0f\x1c\xa9\x19yG\xb6$\xc8\x81\x1dG!\x02G\
\xe9~\x04\x8e\xd6\xcb\xad\x14\x02\x87\xacC\xe88\x17\xb4\
\xe6\xc1\x91h\x1d\xa5\xb8\xd3ce\xd2\x1b\x06h\x00+\
(\xc8[\xbe\xaa\xf2<\xe0\xb8\xe0\xd5t? I\xb9\
|\xee\x01\xe3\xf6\xeb\x8d\x9e\x11\xef\xf4\xd0\xfd)\x9f\x7f\
6\x12\xe7fP\x12m\x1az\xa7\xd7\xebm\xf2y#\
cc@\x0e\xd8'\xf8\xe7\xe9\xa9\xa9\xe9X\x0c\x12\x1a\
\xb1i\xf4H,2=\x83\xf7s@\x90c4\xb2\xe8\
\xc6\x1f\x8b\x1b\x9d\xde\xe9\xb8\xb1\xb9\xc9\xafw\xb3\xe1 \
\xabc\x95\x8cc6\xe2diE\xcfj\x82\x03\x97c\
\xb97.T\x01\xc7\x81\xc0an\xedB\xe0P#\xc7\
!\x80C\xd0\x9a\x07\x87\x99o\x1d\xbd\x968vZj\
\xd0\xe0!7\x00G\xea*\x82\xe3\xd4}8\xf0Uj\
\x8c= \xdd\xc8s\xb8\x03Q_D3\xef\xf5E|\
q\xbd~.\xee\x1c\x1f\x87^Oh\xd7\x98\x9e\x8e9\
\xf5\x81\xa0of\x1a,\x06\xb8\x0c\xcd\xfd\xd0\xfd\x08\x1e\
e\x9bn\x07\xcb\x11\x9a\x9c\x8aAc9\xe2\x85\x9f\xcb\
\xab\x22\x9b\x02[\x8c\xbd!\xe7(2 a\xd6\xe11\
\xce\x06\x94\xcc\xf9\xf0|\xc8I(T\xab\x0b\x8e-@\
\x0d\xdeql;\xb9\xbd\xf0$\x02G\x1dr\x1c]\xad\
Wjo\xa8\xd5\xc2p\xac\xa0\xb5\xafA\xdc\x01\x86\xc0\
1\x00\xe0\x80\x8ei\xc3XQq\xf1\x92\xfb8\xc4/\
\x92\xe38\xe1\xfdZ\xaeT4\xfa\xa7\xbfV:X\xd6\
\xe1`\xe9\xa8ov\xd6\xe7\xf3\xda\xe3\xe3\xb8\xf3\x0b\x99\
\x8a\x99q\xe4>\xe2\xb1io\xcc\x19\x8f^\x80\x14\x86\
7\x12\x9a\x0aMNBa\xe5\xdc\xd0\xe4d\xfbT{\
\xa4\xbd\xdd\x07\x19Qd8\xe2x\xb7\x0fp\x83\x9f\x98\
\x8d\xc7#\x93N=I\xeb\xdc\xb4\x87\xf4E;\x15\x97\
t\xd1\xbay\xbb\x82\xd8\xfc\xdd{\xce\x97J\x8e\xa6&\
\xc0\xc1\xe78\xa0\xe7\x1c\x87*\xbc\xe3h\x91\xdf\x96\xde\
x\xd8+\xcc\xb8\x09Z\x17\xe0\xe0\x16r\xb4\x0c\xc8\xb1\
\xe30\xd7\x1dC\xe0\xd8\xb2%#m\xdf\xaa-\x0eD\
\xe0\x98DL\xa0\x14J\x1f\xe2\x07\x8d\xc0\xe1q\x13t\
\xc0\xef\x9b\x0d\xf8\xc7#\xdfN}\xf5o\xce\x81\x01\xef\
\x9f\xa1\x91\xd49c4zc1\xef\xec\x85\xacy\x9f\
\xd3\x09\x95\x93\x19olzz*\xe2\xf3\xc2<\xdb\xcc\
L<n7:\x11hPp\x02\xc5\x18g|\x0eV\
\x19C\x0fY\xdc;\xee\x9d\xf2=`5,\x1bFQ\
\xcf_\xe8=\x96p\xd3\x90\x8fQ|\xbe:\xe0\xe0s\
\x1c\x98\x1a\x05\x89\xaaJa!^\xe43hnm\x05\
p\xa8\x1f\x9a\x85\xa3\xea\x05\xady\xc1\xd6QX\x01&\
]\x00\xc7\x1b9\xc5\xd90\xe4\xf6Lp|\x07\xc3!\
\xda\x1b\x9a\x8b\x93\x14e\x9f\x9e\xeb\x94\xd34\xeb\xf64\
\xb1\xac\xcf7\x1bu\xce\xb4\x87|p\x10\x13\xc4)\xc8\
6 8\x90z\xaf\xd7\xe9\x8d\xd4\x8b,Q?\xd0`\
\xee\x1b8 !\x0e|p\x22o2\xe3\xf7\x1b\xf5\xe8\
\x1e\xb7\x8b9\xa1\xd9\x14=\xe6\x9d\x99q\xda\x9d\xf1X\
LoG\xce\xc5od\x1c\x86N\xe5_\xe82\xab\x83\
\xed\x9a7R\xff\xb0z\xe0HMVU\xf8\x1c\x07t\
\x8eB\x1f\x07\x06G\xadT}E\x00\x87\xa0\xb5/\xe8\
9\x07\xc7!3w\x0fP\xb5PV1\xff\x0c\x83\xe3\
\xc8jn\xe3\xc0\xe0P\xca)\xd6\xee\xd5w\xca{\x90\
\xe5\x88\xceF\xe6#\xfe\x80\xd3;\x19r\xc2\x10[\xe2\
\xecW\xbd\xd3\xa8\xf7\xa3X$\xee\x13\x89\xea\x03\xc6\x80\
\xcf;\x13\x99\xf7\xf1\x1d\xe9\xe8\xd1\xac7f\xbcn\xbd\
\xde;\x13G\xa6\x03'L\xbd\xde\x18$Oc3\xe3\
\x10\xbf f\x0c\xd8G\xedF7\xdb)\xff\x0bk\xfd\
\x82&\x02\xf3~\xf9\x7f_%p n\xe4=ZU\
9p\xf2hQ\xd1+\x87\xf6\xd7\x99p\xa8\x82\xc0A\
\x0d\x0a\xe0\x10\xb4\xf6\xc1\xf1\x90[\x01\x96\x00\x87L:\
x\x02\x86c\x97\x02G\xda\xf3\x83#Er\xff\x81\x9a\
b\x8c*W\xe0/\x18\x1c\x0e\xbf/\xe0\x0f\xd8}C\
\xddv=\x09\x07\xce\x1b\xe1\x9eT\x1a\x8dJ\xa3\x1f\x12\
\x1f\xf3\x22QU\x94q\xfb\xbd3\xf3C\xa1\xa9\xa9\xf6\
\x90f\x12\xea(\x1a\xd1\xafcq\xbd\xd1;;\xebs\
\xfa\xa7aK\x98~<2v\xbf\xfd~\xa8=6\x8e\
;O\xdd\xc3=\xac\x9f1\xb0\xca\xceN%A\xd0\xb4\
j\xd67\xfa\x9f\x9f\x1f\x1ciO\x82\xe3\xc8\xa2>\x8e\
m'\xb7\xe7\x16m-\xdd\xbf\xbf\xc5\xdc\xdceR\x03\
8\x84\xe1XA\xeb\x0a\x1c\xa6\x0ep\x1c\xea\x96\x97\xff\
\x0a\xe0\xd8h\x9d\x98S2\x8c\xeaw\xa9M\x1c8\xdc\
PZ\xf1\xfb\x86\x9a\x8c\x04#\xe7\x0e\xab\xe7n\xf5\xa4\
\xd1\xee\xf5\xb1\x0f\xe6S\xd2\xab\x02\x0cm\xd0\x1b}X\
\xa6n\x9f\x9fe\x8ds\x11\xd1\xd9q\x04\x8e\xc8\xc8\xc0\
\xa8\x12\x1f6\x8b\xbe 2y\xfa\xf4\xd8\xe4\xe4\xd4x\
\xdc\x89\xc2\x99`\xde\xa5\x80\x91\x01p\xc8\x15\x04\xebV\
E}\xce\xf0*\x82\xe3\xc8\xe2\x0e0\x08U\x0e\x1f\xc3\
U\x15\xe4808:\xee\x08\xc3\xb1\x82\xd6\xbc\xbe?\
\xda\x86C\x95\x9a^\x0e\x1c2u\xeb\xde\x1d\xcb\x84*\
/\x00\x0e\xd1\xec\xbf9Q(2\xfc\xd3\x82\xe8_\x1a\
9p\x04\xa2~\xdf\xa4\x89!\x08\x85\x5cN\xba\xfdF\
#\xcb\xb2\xfe\x00\xfa\x0c\xab7\xba\xddJ\xfb\x88\xe8\x82\
\x83q\xc3\x81o\xd1\xa8\x03\xc9\xed\xa6\x09\x96a\xe64\
\x95^\x92\xf5{G\x9a\x8c,\x83\x9eb\xb7\x1b\xe3\xdf\
\xf84cCCcc\xed3\xe3\xf1\xb99o\xf0S\
\x97\x9bd\xf5\x9dmr\x82 \xdc\xf4p \x16\x16\x8b\
\xd2W\x09\x1c\xa9\x89\xaa\x0a\x9eU\xd9\xb1\x0d\x0f\xb9\xe5\
_]\x04\x0ea8V\xd0\xda\xd7\x0f\xb9u\xc5\xb5\xb5\
\xbd\xad\xdc&\x1fu\x97d\xc7\xea;\x8e='\xde\xf7\
\x22\xcbq\xfe\xcd\xea\x00\x02\x87\x9bu\xb8\x11:\xfc\xf3\
\xdd\x0c\xc1\xd2p\xfd7\x05\x02\x01\x84\x07@D\xd4O\
*T4I\x0e\x8b\xaa18(\xb7\xc3\xd1\x87\xfe \
r\xb0\x04\xc3\x10\xf6\x01#\xe56\x92a\x9d\x9b\x13\x9c\
Z\xefuz}\xf7\x11;\xee\xcf8\xedz\xaf\x9d\xfe\
,\xa8g\xfcz\x19E\xa0o\xef\x18\x8e\xb6\x076\x8b\
VJ\x8e\xa7\x83#m\x118\xf8>\x8e\xc2\xdc\xa2W\
\xf29\xc71(\x05p\x08\xa3*\x82\xd6\xbe^2$\
\xc0\xd1\x8d\xc1Q\xa3\xee\xaa\xc4\xe0\xc8C\xe0\xd8\xb7t\
v\xf4\xbb\x82#=]\xb4{~W\xd77\xfa\xfew\
~\xd9\x10\xf8\x8b\x92F\xd4`\x1d\x01\xc2=\xefG\x17\
6\xadb\xdd\x0e8\x192\xec\xe0\xc4\xc8\x15*\x07\xa3\
\xf8/\xa2J\xb7\x82F\x7f\x09\xf7\x85A\xe834\x80\
\x03\xd9\x0e\xf4pg\x0f\x02\x07b\x89#\x10\xf0\xfb\x03\
\xd1\x80=\x1e\xf7O\x8cMz\xed~\x14\xbd\xb0\xbfz\
\xd7\xa8\xf4:\xff\xa2D\x8e\xc4\xed\xe8\x09\x8e\xb1\x9f\xaf\
Z\xa8\x92\xba\xa8\x8f\x03\xaa*\xc7\xb6\x17&\xc0\xd1:\
(C\xa1\x9ep\xaa\x8a\xa0u |`=\x80\xc3\xd0\
\x8d\xe7\xeak\x1e\xde+I\x82c\x19\xcb\xb1\xf1\xbb\xaf\
\x1c\xcd\xf3\xb7\x9c\x9e\xb6\x9f\xff\xc5e\x9d\x1b\x81\x83f\
\xdd~\xaf\x9b`g\xdd*\x87CE\x0cs\xc8\x08s\
\x8a2rJ\x15\xee\xa0\xfe\x8bH\xe2\xa6\x108\xa8\xc4\
'\x1c}\x08\x1c\xe0F(\x85\x9b\x94\xff\xbd\xae\x0f\x9e\
\x14\x8dF\x117\x1cQ74\x81\xf9}F\xbd\xdbN\
\x1a\xed~k\x8048;\x15\x04C \xc7\xa1\xd3\x18\
\xffa\xf5\xc0\x01=\xe7[\x0a\xb6l\xd9TP\x80\xc1\
QXt\x0c\xc0\x01U\x153\x06\x870\xe3&h\x1d\
\xc8\xbc\x00\x0e\xb3\xf4vm\x0du/\x0b\x0e\xab_\x12\
\x1c\xcf\xef8\xb2\x88\xd1\xc9\xf6\xe8\xaf\x82\xcdAw\xa7\
\x92f\xd9@$\xe2w\xd3tO\x0f\xb2\x11=:m\
\xd8\x83\x84n\x82\x9e`\xb0\x89\xa1\x14\xaa0E\xfd#\
r\x1c\x14M\xa9\x17\xc0\x11\xa6\x09\x05\xa5\xa0U\x00\x0e\
\xb5\xeaW<g\xa2Q\xf8T\xd4\xcd\xc2\xc1\x90\xa4\x92\
u\xeb\x95F_\xc4o`\x8cJ\x05\x81\xbe\x95{X\
7O\xfea\xf5\xc0\x91\x87-\xc7\x96-\x09\xc7QX\
T\xb4\x15\x81c\x10\xc0Q#\x80C\xd0:\xd1`[\
[\x12\x1c\xea\xdb5\xb5\x0f\xeb\xb2\xc0pl\xc9\xcbK\
[\xcer<G\x8e\xa3\xb2\xf7\x96?\xa2\xfd\xb0\xa5\xd7\
l\xf8\x9aq\xb3\xb4\xbf!u>\xe0\x18\x1e\xee\xa1\xdd\
a\x97\xc5\xa5\xd3\xb9\x5c\xe8F\xa7\xd3\xeatAF\x09\
\xe0P&\xc0!wx0W<a\x0e\x1c*\x82\xa2\
P8C\xfc\x0aQ\x86\xe7\x0d\xbc\x85\x1d\x88\x1c\x0c\xd9\
\xc9\xb8\x8d\xca\xd1sC\xe3F\x92eIJ\xce\xf8\x11\
8f\xa9\xffgufUp\xa8\xc2\xd5c9r\xec\
F\xe0\xc8=\xc6\x83\xa3\xd5\x5c#\x93\xaa\xcd\xc2\xa8\x8a\
\xa0u\xa0\x1f\xf3\x8e\x83\xe9\xee6\xab\xbf\xac\xadyx\
u\xc3\xf2\xe0Hy\xdeP\xa5\xca\xd0\xd6\xe8\xd0\x86\x0d\
mm\x9d\xcah\x80u\xbb5\x9aY\x07\x84(6\xd7\
\x99=g\xceT\xd5\xd7[.Z\xea\xab,.\x97\xc5\
\xca\xc8\x19\xda\xc30\xc3\xe2\xca\x00CSr5\x8d\xf8\
\xa0\xd5\x02$h\x05\x0f\x8e\xb0\x9bT|\xec\x0a\x22\xd0\
\x04\xb5Z\x1d\xbcyl\x9e\xb0\x9b\x81\xb3\x9b\xdcn}\
\xa7},b'\x95>\xa3\xd2\x19\xd1\xf8\x1c\xba\xa0\xe2\
\x9f\x93?\xc9\x0b\x83\x03\x0f\xd6\x83\xa0\x03\xec@NN\
\xeeI\x1c\xaa\x008\xe0t\x04\xb5p\x1c\x93\xa0u\x01\
\x8eN)\x06GGw\xcb\x80\x1c\x85*\x0f\xad)\xd9\
\x1c8RW-\xc7!\x12\xd5w\xc8\xe4\xfd\x1e\x9a\x91\
\xc9\x1aI\xc4\x0d\x07\xc1\x06l\xb6\xe1a\xdb\xa5\x92\xd4\
\xac\xcc\xcc\x92\xca\xaaz\x8f\xe1\xe6\xdd\xcb\xfb\x81 \x08\
\x1c\x8e \xc3\xf4\x88K\xa2$\x80C\x15\x0c\x22#\xa2\
\x0b\x028\x18\x06\xc0\xa1\x08\x13r\xc5yD\x19N:\
lV\x82\xc1`\x94\xd5\x8f\x92~7Kv\xfa\xc7f\
\x03\x0f\x99yo,\xa2y\xc3\xa3\xf3p\x83\xf5\xe9\xab\
\x01\x8e<<\xe6\x86\xc1\x81;G\x8f\x15\x1d+Z\x00\
\x87T\x00\x87\xa0\xf5\xa1\xef\x8dr\x1d`\x1d--\xb8\
u\xb4\xf3\xc3\x8d\x1c8R3V1T\xb1(e\x0a\
m\x98fG\xf5z\xbd\x81v\xd3\x84\xca\xa1\xed\xef\xe9\
\xff,\xab\xa4\xb2R\x22\xa9:[o\x09:XR\xc9\
\xdc\xb1T5\x18\xe4dO\xb0\x83\xea\x11\x97EI\x95\
B\xdeI *X\xad.D\x06\x07\x01e\x15\xe4:\
<\x08\x1e\xe7/X,\xf5H\x16\x0bO\x10\xab\xce\xea\
\xd1\x8f*a?\x079:0\x1fe:\x07#\x91\xf9\
\xc8\xd0\x88\xceC\xa8\xc4\xa2\x95\x15dW\x00\x8e#G\
\xf2\xb6`t\xe0\x06\xb0\x9cc9Ip\xc0\xb1*\x0f\
\x07\x85\xc6QA\xeb@/\xe1\x03\xeb\xc1q\xb4\x0e@\
\x07X\xdbeQ6\x8a\xe0\xf3\x9e\x06\x0e\xf1\xca\xc0\x91\
\xbe0>\xeb\x02pxz\x02\xd3\xd33z\x86u\xd0\
\x04\x1d\xd6\xf5\x0f\xf7\x9f\xd7\xe9\x0e\xfe\xf2mt\xed\xeb\
t.t\xfd\x07=Ak}\x03\xab\xa4zt\x94b\
X\x5c\x16 iF\xaeV\xe8xc\xc1\x83\x03A#\
x\x1d\x81\xe3LUUUuu\x15\xc7\x0e\x8e\x1e\x08\
\x1c\x9d\xc8\xd1\x18\x8d$\xe9\xb7F\x11\x88\x06\x06f\x87\
\x90\x15!T?E\xd8HO_\x15p\xe0,G\x1e\
\xb6\x1c\xd9\xb0\xe6<\xe7\xd8!\x04\x0es\x02\x1c-B\
\xe3\xa8\xa0u \xee\xdci\x04\x0eS\xeb\x004r\xb4\
5oD~\x03\xc0\x91\xba\x1c8\xf6\xad\x14\x1c\xe9\xc9\
K\xd5*\x975\xda\xb4\xb4i\xc0\xaeW\x06f\xdd\x04\
\xed\xd6Y\xfa\x87\x87\xfbA6\xdb\xa5*\xb8\xea-.\
\xe4 \xac\xf5\x17\x01\x1cZ\x04\x8e\xf4\x12\x07E+\xe4\
jJ[\xef\x022\xe8\xacaB\xa1P\x008\xb44\
E\xfc\xaaL\x02\xe2\xc8Q\x0f\xe0\xd0!p XD\
\xdd\x0c\xc32\xa4\xc7\x02m\xa7\x8c\xbb\x09\x85**\xd5\
\xe7+\x0aT\x9e\xb5\xac\x18\xe78\xa0\xae\x02\xa5\x95-\
\x5c\xcf9\x0aU\x12\xe0\xe8\xa8U\xcb\x1e\xb6\x0a\xe0\x10\
\xb4\x0e\xc45r`p\xc0\xc9*\xb2\xb6\xbe\xd4-\xcb\
\x82\xe3\xd1\xf9\xd8\xf4\x15\x5c\x86\xfc\x07\x97\xd55\x8d\xe7\
uQ{gc\x1bsB\xc3\x10\xd1a\xad\xcb\x86\xc0\
aC\xd8@\xefU\xd5@\x0d\x00\x87\xa5\xeae\xb7\x9c\
\x1a\x06\xc7\xb1\xb1\xacOASr\xb9\xdcV\x0f1\x09\
\x22CX\x05\xdc@\xf4\xd0!p|TV\x09a\x0e\
\x06G\x22b\xf1\x18I%E;\x18\xca\xedV0Z\
\x1d\x22\x08\xb27}\xb6a\x15\xf1\xbb\xe7\x0dU\x9e\x9c\
\x8e\x85X\xe5H\x06\x04+\xdc\x5c}\x0e\x07\x8eA\x0e\
\x1c\x1dB\xff\x97\xa0u\xa1A\xceq0\xdd-\xb8\x1e\
{\xeb\x8b\x92<\x0c\x8e\xac\xe5;\xc0V\x04\x0e\xec6\
\x12\x96\xa3Y-k<_\x1f\xedT\xcb;\x99\xba\x80\
\x82\xa6\x7f{\xfe\xbc\x0e\x19\x0e\x1b\xb6\x1c\xfd:\x09\xba\
\xf0\xeb\xab\x01\x00U\xaf9\x90\xe3p1\x8a\x9e\xcd%\
\x00\x0e%%\x1f\xae\xe2\xd1\x10V!l\xa8xp\xfc\
\xae\xa4\x12\xc8Q\x0e\xd1JU\xf5\x05H\xab\xd6\x87\xf5\
J9\x85\xc8B\x11\x10\x0d\xf5\xbbY$\xdaA\xf7\xd0\
\xc4?\xacF96\x95\x03\x078\x8e\xbc\xbc\x05p\xe4\
\x22p\xdc\x03pP\x00\x0e\xa1\x8dC\xd0\xba\x10\xac\xf2\
\x91A\x1f\x07\x02\x87\xfcv\xed\xad\xde\xf2<l9\xb2\
\xf2^\x0c\x1c\x0b\x9e#]\x94\xd2'\x95\xca\xfa\xdf\xb3\
\x7f\xadT*\x15\x0e\x15M\xab\xcek\xcf\xbb\xfa\x879\
p \xd7aA\xd0\xa8F\xee\x011\xa0\xdcAR=\
\xf5\x06E\xcf\xae\x12\x87\x82V(I\xf90z\x1c}\
\x06\x81\x03s\x03\x81\xc3u\xb7C\xf5Y\x16\x06\x07D\
+\x92JI5\xcev\x84IR\xaep\xa0XFA\
\xd0X,l)T\xf5\xf4\xa8\xce\xaf\x168R\xf3`\
\xb2\x1e\x83\x83\x0bU\x8e%\xc1\xd1M\xd5\xa8\xa5\x06\xa1\
\xa8\x22h]\xe8\xc7\x8b\xc0\x01e\x95\xde\xd7R\xb3\xb0\
\xe3\xc8Z\x0dp\x88\xd0W\xa5\x8bJ\x06\xd5\x8dR\x82\
\xf1G\xf4\xa4Z1\xac\xeaQ\xa9>\xd6\xdaP\xac\x82\
\x03\x15\xc8th-U8_\x81\xfeT\xf6\x91LO\
}/\xa3\xfa<\x13\x81\x83\xa2\x18\xb9\xa3\xba\x1a}\x12\
\x91\x03\x81C\xa5\x22T\x0a\xc2\xf2\x05\xa5\xda\x95Y\xb9\
X\x923\xd5Ug=\x8cRNx\x80/\x98\x1c\x08\
2\x0c\xebV\x018~\xbb\xc2)\xb7\x95\x80\x03Y\x0e\
D\x8f\x84\xe3\xc8\xc9\xc9-\x05p\xb4\xb4\x9a\xd45r\
\xb5\xb0\xffK\xd0\xfa\xd0\xf7G\xa1\xacr\x1b\x87*\x1d\
\x90%}-\x0d\x81#\x15\x81#\xf5Y\xf3\xb1+\xb2\
\x1c`:$f\x99T\xaenc\x06\xf4r\x99b\xb8\
\xa7\x87\xe8\xf9Tk\xfbH\x8b\xb9\xd1\xdf?\x0c\xc9\x0e\
\x8bDRY\x89|\xc3\x992\x0f\x02G\x95\x19\x81#\
-L\xd0\x0aJA\xb9\xab\xe0s(\x9a\xe9S\x018\
P\x98b\xb9N\xfd\xfd\xa6\x92\x043\xcax\xebQ]\
\x8f\xc1a\xf3@H\x83\xc8\xa1B\xe4`Y\x02\xb8\xa1\
\xb2\xed[\xbdP\x05\xbdg\xa5\x82\xe5\xe0\xc0\xb1\x1b\xc0\
\xd1\x85\xc01(\x93]\x13\xaa\xb1\x82\xd6\x89^\xc2\x83\
\xf5\xb7;\x108z;\xa4\xb5\xb7:N\xa4\xc1\xa4J\
V^\xc6*\x82\xa3W\xd6(\x97\xabem\xeaF\x04\
\x8ea\x9a\xf8\xe7\x8f08\x16\xc81\xdcg\xe1/\xff\
\x12\x1dI\xa9\xaa\xeeR\xf4\xe7)a\x05\x06\x07]\x85\
b\x91$8T4\xa5\xaa\xbfN\xfdcff\x19&\
FY\x19\xdc\xe3\x90\xa5>\x0c\xe0\xd0z<}\x88/\
\x0a\x15\x90\x03\xd9\x0e\x04\x8e\x1eU\xff\xab/\x0e\x8e\xd4\
\xc7\xc0\xc1\x85*99\x85\xa5\xfb\xf3\x01\x1c\xe6\x1a\xf5\
5R\xa8\xc6\x0aZ\x1f\xe2\x8eV\xb9Ma\xc7\xa1\xae\
\xad\xa5\x1aR \xc3\x81\x0cG\xea\x8b\x8f\xb9\xa5\xa7\xe3\
PE\xc2\xca\x107\xa4\x8dj\xb5TF\xd8\x1c4\xf1\
\x7f#p|\xaa\x03ph\xfb9r\xf4\xf4\xbd\x0c\xbe\
\xa2R\x92\xe9\xd2+\x89\x0b\x0e\x0e\x1c*\x00\x87C\x82\
\x1d\xc7YK\x1f\x0d)\x0e\x95\xbc\xe7\xa2A\xfe\xdf\xd2\
2128n`\xc3Q\x85b\x19\x8a\x22\xa0;\x1d\
\xc8\x01\xc0@^\x03s\xa3\xa7\x7f\xdbj:\x0e\xe8\x1f\
M\x82\x03FU\xdek5\xb7N\xf4\xd6^\xbb6*\
\x14U\x04\xad\x0f\xfd`\x00'9\xd4-\x08\x1c\x06y\
M\xed\xc3\xfd\x1b\xb7l\xc9Z-pp_T\xce\xca\
\xaePR\x04\x0e\xa9L\xa6\xb2\xf5\xa8\x08\xdb\xa76\x9b\
K\x07yQ\xad\x0d\xe0\x81\xc8A\xf7\x9d\xc5\x9e\xa3\xe4\
\xa2A\xa9\xb8p\x87R\xfd^\xe4Q\x10\x0a\x8aRh\
\xab\xcb\xe1\x13g]P*A1\x88\xbc?\xbf\x83:\
\x9f^RVVR\xc6s\x03\x17f\xab-a\x16\xc0\
\xa1\xf3x<\x0e\x15 \x03S\x03\xb8\xd1\xd3\xff\xe6\xea\
%G\xe1&+\x03\x87*\x07\x0e\xe4\x1c\x80Q\x95\xf7\
Z\x108\x0c\xb5\xd7\xd4\x1d\x7f+\xbc\xa2\x04\xad\x0f\xfd\
\xa8S\xad\x96\xd5\xcaL\xad\x08\x1c\x14\x02\xc7/\xd2\xb3\
18\x96\xcaq\xec\xfb\xae\xe0H\xc1\xc7\xaf\xbcf\x00\
p\xc8\xa4j\x19\x80\x03\xb9\x86\xdf~d\xd3Z\xb8P\
\x05Z9\xc0s8\x14\xe1\xbd@\x80\x12\x89\xfb\xa1b\
\xab\x87T\xfd\x81\x07\x87\xca\x82B\x95\xca2\xe48\xc2\
(\xf4 \x08B~\xdeE\x12\x1f\xa5\x97\xf1\xaaL8\
\x0e\x1e\x1c6\x1d\x82Q\x18\x8548\xb9\x81\x85\xc0\xf1\
\xf9*\x85*\x18\x1c(V\xe1r\x1c\xbbsr\x0e\xe0\
6\x8e\x96\x81\xd6n\xaaV\xae6\x08\xb9QA\xebD\
?\xc6\xe0\xa81O\xb4\x0c p\xd4\xb45ges\
\xdcH}\xe6\x98\xdb3\xc9\x81\xbfT$\xbah@\xa1\
\x0ar\x1c\xc8pH{\x108TZ]\xffy\x97\x8d\
\x03\x07\x86\x07\x8aU\x08\xc2\xc3\x91\xa3o\x94r\x05I\
\xe2\xbf\x8b<\x0c\xc1Pr\x1a\xc0QVV}\xb6\xc1\
\x83\x1c\x07K(\xe4\x97.?T]H]\xc0FY\
%\xdfC\xeaa\x15\x0aE?\x06\x07\xcd\x01#\x01\x0e\
\x1bn\x1d\xdd(N_%pp\xe5X\x88T\x0e@\
5\xb6np\xb0\xd5\xa4\xaeUw\x0e\x0a)\x0eA\xeb\
D\xdf\xeb\x94\xa9e5\xb7{'pv\xb4\xa6m\xb0\
2c\xb5\xc1Q\xcf p466\xca\x00\x1c\xfd\x00\
\x0em\xbf\xd6\x15\xeeO\x90\x03\xf2\x1c=\x0a\x051\x02\
1IV\x90\x94\x9f\xb7*\x118\x82\x0c\xcc\xd0\xbb\xab\
\xca18.Z\xc0F\x10\x04\xa38\xd4'\xef\xd9\x90\
\xc9\xe57\x92\x86\x039\x8e\xaa \xc2\x0a5\xac\xd3\x22\
r8\xe8E\xe0P\xf5\xd8>\x05p\x88\xc5)\xcf\x18\
X\xf9\xae\xe0\xd8\x95\xb3{;Tc\x07L\xad\x03(\
\xde{(\xa48\x04\xad\x17\xbd4\x8a\xc1\xd1q\xbfu\
\xc0\xd0\xa1\xaei3Wf\xf0\xa1\xca\x8b\x81ccz\
zzJZ\x8a\x18\xc0\xa1\x00pH\x91\x00\x1c(\xda\
\x00ph\x87\xfb\xf9\xb2\x0a\x8aV\xfa\x87id\x16\xae\
\xbb\x1096X\xf5\xf2\xfe\x06\x92\xf8\xcf\x22+C\xb3\
\x0c\xe9\xa8\xaf\x86\xac)\x02G\x1fM\xd3\xb0\x0e\xb0\xb4\
W\xf9?D\x90\xdbX \x07\xceqT\xe9\xdc\x04v\
\x1cZ\x9bg\x98\x03\x07\x9dp\x1c\x1f\xe1F\xb4\x8d\xe9\
\x1bW\xc6\x8d\x048R\x9e(\xaa\xe4q7\x00\x0e\xdc\
\xfe\x95\x03\xe0\xe8\x1ah\x99\xe8\xbd]#\x9cT/h\
\xfd\xe8\x87\x866y[\xcdm\xf9\x04\x80CZ#\xeb\
-O\xdb\xb2\xac\xe5\xf8.\xe0@Wi\x0a~\x86\xa8\
\x9e\xc0\xe0\xc0\xe8\x00p\xa8l\xda\xfe\xf3\xda\xe1D\xa4\
\xe2\xb8\x1b\x1c\xf1\xb8\xa1m+|\xb1J\x92u\xd6>\
\x0a\xad\xa3\xffMdaY\x96$i\x0e\x1cU\xc8q\
`pP\xc3\x0d\x0c\xf5\x87t\x0c\x8e\x92Dn\x94K\
r\xb8\x1c\x00\x0e\x97V\xab\xf5\xfc\xddc\xe0\xf8\x95H\
\x94\xf2\xec\x03o\x9f\x00\xc7\xd2\xd5X\xceqdgC\
\xa4r\xf2\x15\x14\xaa\xb4\x22pt\xdc\x96\xb5\xf5\x0a)\
\x0eA\xebE?0\xb7\xc9\xa55\xb7\xd5\xdd\x13\xd0\x01\
VScxm\xdf\x8b\x80#\x11\x0b\x80\xdfHG\x17\
^J\x1a\x02\x07\xab\xber\x85\x03Gc\xcf\xf0#\xe0\
\x08zla\x15\x1d\xb4X<,\xcb(\xdc\x96\x86\xbd\
%\x95\x81QU\x15K\x0d\xa3\xa7\x11\xe08p\xffW\
eU\x83\x159\x0e\x14\xa9\x90\xda\x0fG\x15\x9fn(\
K\xf6p`n\x80'\xa9x\xc7\x01\xa1\x8a\x0bY\x0e\
\x8f\x03j*\xf4\xe3\xe0H\xd9\xb8\xb2\x14\x87x\xf96\
\x0eh9\xcf\xc8\xc3m\x1c\x5c\xfb\x17\x02G]\xeb@\
k\xb7\xbcV\xda\xd9\x22\xbc\x9c\x04\xad\x1b\xfd\xa8M\x0d\
\xf3\xb1\xe6\xfb&\xb3AZS\xd3\xd1\x90\x96\xc5k\xd9\
X\xe5\xd9\x93\xf5\x1bS\xd2\xd3\xf1\x85\x97\x22\xc6\xe0\xa0\
(\x04\x8eF\x08U08l\x10\xaa\x0cC5\x16E\
*n\x07\x8c\xcd\x8fDY\xc6m\xb54\x94g\xcd\x8e\
\x12\xf5\x01\xe5\xb0\xa8\x0a\xc0\xa1\xc4\x8d\xa3e\x95\x15\x0d\
V\x87\x1b\xc0\xc1X\x9a;\xd9\x0bY|\x0fG\x82\x1c\
\xe09r\xaf\x82\xe3\x08\xbb\xb8z,\xbd\x18\x1cZ\xdd\
f\x11\xfc\xe0\xe9O\x9f\xaeO\x7f\x8c\x1b\xe2'\xba8\
08\xf2\xb2\xb0\xe1(\xce\xc1\xed_\xf9\xf9u\xa6\xc1\
\xd6\x01Y\x8dTHq\x08ZG\xfaq\xa7\xbaMV\
s\xdbp\xbf\x05\x81\xa3V\xd6q*5\xe3Y\xe0x\
\xf6\xb8\x0a\xba\x04S\xf8\xeb\x0e\x81\x83\xc6\xe0@\xe4x\
\x1c\x1c ]4j\xc1c\xf1\xc1h\xd4\xea\xb2\xd4\x97\
Y\xf5\xe4;\x1e\xa5j\xb3\xc4\x0d\x8e\xc3]\xcf\x83c\
$\xeafQ8\xc3\xd6\x0f\x8eF\xcfd%\x8a\xb1\x95\
\x09rH\xaa\x0b\xaf\x06p\xa8\xa2\xd3z\xc2\x0e\xa8\xc7\
\xf2\xe0\xe8\xf9\xae\xe0X\xdeq\xe0Q\x15\xf4_\x069\
\x0e\x04\x8em9\xbb\x8f\xc1\xc1\xb1\xf7L-\x13\xbd\xb5\
2Y\x870\xe1&h\xfd\xe8\xfb\xa3j\xc8\x8eR\x90\
\xe4P\xd7\xca\x94W\xd3\xf2\x96\xb7\x1c\x8f\x82c\xe3\xd3\
\x9b8\xb8\xebn\xa3\xa8\xfe\x0b9v\x1cR\xceq(\
\x1e\x01\x87\xce\x15\xf6\xf0\x1b5,V\x97\xcbb\x91X\
\x8dJ\xad\x8eT}^\xe2 h\x86\xa2/@ \x22\
A\xe0\x80\xb3\xdc\x14\x94\xaa\xdeL.\x80c\x91\xe5\xa8\
\xce}\xa7\x8fM\xe48\xee\xe2vs\xbe\xac\x92\x04\x07\
F]\xfa\xf3\x9dU\x9fHq\x008\x90\xe9(\xc0\xed\
_\xbb\xa1\x8b\x03\xe7F;j\xa5mf\xa1\x18+h\
]eG\x01\x1c\xea\xee\x89\x81^um\xcd\xc3{Y\
\xa9\xab\x01\x8et\xd1F841--]d\xa1\x01\
\x1c\xb8\x1e\xdb8\x0c\xe08\x8f\xc0\xa1\x1b\x1e\xe6\xb8\xa1\
\xf3\xe8`\x11\x07\x87\x0e\x04\x8e\xd7\xaf\xb2d\xbf\x8b!\
~\x97\x1e\x85\x0d\xa3\x18\x1ce\x92\x8a\xb3#\x01\x1e\x1c\
\xac\xd2\xcd\x85*|n\x94\xaf\xacT\x17\xbd\x0d\xe0\xb0\
\xe9\xb4\xda`\x98^\x04\x8e\x9eG\xc0\xf1\x94\xc2\xca\xd3\
\xd6\xf8$k*\xa9y[\xf2R\xf9.\x8e\xdd9\xdb\
\xa1\x8b\xa3u\xa0\xc5\xa4\xae\x91\xb6\xfdHx1\x09Z\
G2#p\xc8jk\x07\xef\x0f\xf4R\xb0u4\xf3\
H\x12\x1c\xa9O_\x02\xb6|\xac\x92\xce]\x7fi<\
8(J\xd1\x88\x8b*\x5crTk\xeb\xb7\xe9\xfa\x11\
8\xb4:K\x95\x05\xb6\x0eW\xe1\x9d\x1b\x98\x1dU\x08\
\x1c\xc3.\x96\xf8\x83(\xca \xc7\xc1\xd6c?q\xb1\
!\x08G\xdc+\x14=g\x0d(|\xc9\xe2\xaa\xb1%\
|\xd79\x00\xa4\xa8\x10;\x0e\x1b$G\xa1\x00\xa3Z\
\x1c\xaah\x7f\x82\xc1\x91\x92\xbe\x92He9p$\x1c\
\xc7B\xfb\xd7\xb1W\xf2\xa1o\x14R\x1cj\xd9\xa8P\
\x8c\x15\xb4\xae\xb2\xa3\xa3\x0f\xdbd\xb5\xb7{\xef\x9b\xec\
\xb8u\xb4\xa4`yp<~\xf2\xf4\xb2a\x0a\x8e\x09\
\xc4p\x00-\x06\x87B\x81S\xa3Rp\x1c\x5c\x8e\x03\
\x1c\x87\xd6Uo\x91T\x9f\xa9B\xdc\xa8.G\xefU\
\xf5\x0d\x0d\xf5U.\x96\xe9\xb1\x98\x99\xdf\x8aF\xecn\
\xc8q\xe0\x0cF\xbd\xc5\xc3\xbaY\x86\xa0z\xcaY\x92\
ue\x96\x94-\x12\x0f\x0e\x9c\xe3\xb0\xe9\x108\xfa8\
n$\xc01\xcc\x83C\xfc\xf4\xd6\xd1\xa7\x80#u\xf1\
l,\xb7\xffkG\xce\xb1m\xb0\xe1\xfc\xea\xbd\x16\xd3\
\x84\xa1F}\xabW\x18\xa9\x17\xb4\x9e\xf4=\xfdC\xae\
\x05\xac\x1b6r\xb4\x0dJ\x0aR_\x14\x1c))\xb8\
\x22+\xe6r\x1c\x0dw\x15\x7fT<R\x8e\x05\xc7a\
\x1b\xee\xd7\x9e\x91X\xb8\x0d>\xb0\xac\xa7ZR\x0e[\
\x02\xab\xac\x00\x8e\x80\xd1&\xaa\xf3\xb3\x0c\xc3\x83\xe3b\
\x83\x87\xa6\x11\x17(\x95\xc4M2\xba\xcc\x92G\xc9\x81\
T\x94{\xd5M(\x08\xed\xd2\xe0\xe0\x92\xa3\xe2\x8d\xe9\
\xe9/\x06\x8e<\x0e\x1c\xb0\xe2\x1c\x81\x03\xfa\xcd\xafv\
\x99Z\xba)\xa9Z\x88T\x04\xad\xb3$\x87\x1d\x81C\
v[=1afd\xb5\xb7\xcc/g\xaf\xdcq\xa4\
/\x97\xe0\x80\xcbP\xcc\x83\xa3\xfe\xaeB\xf1\x088~\
\x9b\x04\x07\xde\xee\x05\xab\xff\xf0\xcerD\x8e\xaa\xaar\
\xab\xdd0\x5c?`\xb7\x89F\xfc\x01\x86\xa2\xeb\xf14\
\x0a\xee\xffB\x5cP\x10g\x1c$\xe3)\xc9,+{\
\x8c\x1cE\xb9\x07\x118Tp\x92d\x10\xc0\xb1\xa8\xaa\
2\xacC\xe0H\xe1\x7f\xeeg\xe7F\x97\x03\x07\x82F\
\x06\x07\x0fX\xe2\x83\x02\x95\x03\xb0\xc4\xa7\xae\xd5\xd42\
\xa0V\xcb\x1e\x0a\x91\x8a\xa0\xf5\xa5\xc1\x87\xd0;Z;\
p\x1f\xca*\xb7zO\x1c\xd8\x92\x04G\xea3\xc0\xf1\
\x94\xcb0\x85\xaf\xc7nL\xafw,\x80\x03'G\xff\
\x89\xcbq\xf4k\xab$\xdc\x16\x0e\xd8\xd5\xc3\xa3\xa3\xbc\
2hg\x86_\x1e\xd0\xdbDV\x9f\xcfow\xc3\x8a\
\x9f2\xe48\xc2,m\xa0\x90\xe7(\xf4\x90\x8cC\x92\
\xf9d\xa8\x92\x00\x87\x16\x83\x83Nv\x8e\x028\xfe)\
\xe18\xbe\x138R\x9eHq\xf0\xe9\xd1-8\xc3\xb1\
\x0br\xa3W\xef\xb5\x9aZ\xcd2u\x8dA\x88T\x04\
\xad/\xfdx\x14Z\xc0n\x1b\xee\x9b\x0c\xf2\xda[\x1d\
\xa7v\x17,\x80c\x19rl|f]%}c\xfa\
\xe3\xe0HVU\x108\xfa\xb5\x08\x1c\xba*n\xf9\x1f\
\x87\x0f\xdc\x00\x8a>\xf2\xd8\xd9\xe1\x8bf{Pt\xca\
\xe7\xf5:\x03\xf5e\x5c\xa8\x82\xc0A\xc0\xb1*\x97\xac\
$\xe3\xb6d\x95=f9$E\xb9\xbf\xe0\xc1\xa1\xd3\
:`U1\xde\xffEp\xa1\xca\xf9\x15\x80\xe3\x89\x86\
\xf3%s\xa3Ipl\xdb\x05'#\xe4\xef\x87\x14G\
\x87T}\xabOx!\x09Z_\xfa>\x80\x03\xc6U\
\xba!;J\xd5I\xb2\x9fi9\xf6={\x7f`\x22\
T\x11\x8b\xce\xf6\xf1\xe0\x90\xd6p\xc9\xd1\xf3<8\xb4\
U\xc9\xb6\xcf\xe4\xda\xe12I\xd4\xc8\xf6[\xfc>\x9d\
\xc8\xea\xf7\xd9\x8d>n\xc1\xcfEK\x13\xceq\x10\x8a\
\x9f\xefg\x18\xe2\xa3\xd4G\xb0QRV\xb9\xa7(7\
\xe8\xa6\xb9P\xc5\x03\xc3\xb1\x8b\xc0\xd1\xaf=\xbfO\xc4\
\xc3 \xfd\xb9\xc1\x81gT\xf0\x1d\xae\xa9l\xcb\xc9\xd9\
\x9e\x9f\x9f\x0f)\x0e\x93\x5c*k\x13\x22\x15A\xebL\
?\xb0\xb7\x018jL\x13\x90\x1d}x\xafr\xc7\x96\
\xe5-\x87x\xe5\x05\xd9\x84\xe3\xe0\xc0\xd1\xc8\x85*\xfd\
<8\x12\xa1\x0a\xd7\x88\xb1\x00\x8e\x92W\xdc,\xab\xdd\
\xef\xf7\xdb\xd2\x83\xfe\x88\xdf\xe8\xab\xc74i\xb0xx\
p\xd8\xce\xb2\x0cq\xfeq\xc7Q\xb6'w{\xd0\xcd\
R=\xf8\x80j\x87Ju\x1d\xb2\xa3xK)\x80C\
\x9b\x04\x87\xe8y\xc1\x91\xf7\x188rv\xe7\xe0b,\
\x02\x87Y\xad\xbe\xd5!D*\x82\xd6]\xac\xd2\x09G\
\xd6\xdf\xee\xc5I\x8e\xce\xd6\xbd9\xc9\xf4h\xda\x13\xe0\
HYY]E\x94\xec\xe3\x10\x8b^\xefS\xdcT\xc8\
19\xe4\x18\x1cZ[\xff\x7f\xd5\xda\x16\x83caa\
y\x89\x95e\xd9\xe0\x88\x9d\xb5\x89F|>\xaf=P\
\xbf\xe08X\x00\x87c/\xcb0\xb6G\xeb\xb1\x80\x9e\
\xdc\xf7?q\x13T\x8fK\xa7\xc5\xe0\x80\xdc(\x18\x0e\
\xe21\xc7!z\x11\xc7\xc1\x9d\xab\xc2wq\x1c8y\
\xe8P\xfe\xd5\xbaVS\xb7\x01\x81\xe3\xae\xf02\x12\xb4\
\xde\xf4\x92\x1e\xce\x81\xbc-\xbf?\xd1+\xafi\x1b<\
WX\xbc\xbc\xe5X)8\xc0q\xe0\xe4b\x8a\xa8\xaa\
\x8f\xc0\xe0@\x8eC\xde\x8f\xc0\xf1\xbf\xe2P\x05\xc0Q\
\xff(80<F\xecF\xd6\xd5\xc5\xd0\xe7E\xf3\xbe\
\x80\xdf\xce\xe78\xce\x82\xe3\xc0\xe0PI\xfaHf\x98\
[8Z\x99\xd8;\x8a\xc1\x11\xe4\xc1\x01\xa1\x0a\x97\x1c\
M\x86*\xff\x94\x00G\xfas\x80#u\xf1\xa2\xe2\x8c\
<\xfe\xa4\xfa]\x07\x8aJK\xf3\xa1\x8b\xa3\xbbC\xaa\
n\x13\x8ep\x13\xb4\xfeb\x15\x13>#\xa1\xd6t\x1f\
\xc5*\xb7zOo\xcd\xc9\xce{V\xac\xb2LA6\
\xd9'\x91Hqp\xe0X\xa8\xaa p\xf4\xe0P\xc5\
\xb3\x00\x8ed\xa6\x03\xfe\xd6\xa4\xd7\xbb\xeb[\xf5\xf4\xc7\
\x1bf\xfdn\xbf?\x8a\x1dGy\x83%\xe8\xa6i|\
xl5\x1c\xbdr\xa6\x04h\x91\x1c\x91-\xab\xac\xce\
}\xdf\xc3\x120U\xaf\xf3\x008T\x8f:\x0e\xf1\xb3\
\xc1\xb1\x82I\x15\xf4'#\x8b3\x1c\x07\x8e\xe5\x14B\
\x8a\xe3^K\x8bI\xae\xae\xe9\x10Vq\x08Z\x7f\xfa\
\x1b\xcer@]E}\x9b\xaa\xab(JX\x8e\xd4e\
\xc9\xf1\xac\x82lz\xe2\xcaKI\xaf\x82s\xe6\xf9\x1c\
G\x7f\xbf\xeaIp,l\xe3\x91\x94\xed\x0d\xe8\x8d\x81\
\x86\x16\x86\xfe\x87\xac(\xcb\x81\x03}M\xf9E\x8b\xce\
\x0d\x1bG\x09B\xf1\xae\x8bd\xe8KYe\x89I\x15\
\xce{T\x17\xbe\xefq\x13\x89u\x1cIp`\xc7a\
\x03p\xa4\xc1\xcf,\x16=\x13\x1c\xe2}O)\xaa\xa0\
\xb7\x0c<\x19\x9b\xe87\xbf\xda\xd5\x82S\x1c\xc2\x80\x9b\
\xa0u\xa8\x1f\x0e \xcb\x81b\x95\x89\x093U\xdb\xd6\
u\xa2\xf0@\xf6\xf2\xe4X\x118\xd2S\x92\xe0\x10U\
\xf3\xe0@\xe4\xb8\x92\x04\x07\x84*6n\xbb\xd7\x22\xbf\
!)i\xf0\xeb\x8d\x8e_\x9b\x18\xfa\xf3\x92(\xedf\
\x19\x07\xae\xbc\xa0PE\xe7\xc0\x1d`\x84BW\xc7(\
\x88\x8f2\x13#\xf5\x09p\x1c\xfd\xb9\x07}\xbe\xff\x11\
p\xe0\x830U4\xd7\x00\x00 \x00IDATX\
08D+\x07\xc7r\x93*\xdc\xc9\xb1\xf8D\x15|\
\x86\x1b\x14c\xaf\xd6u\x99\xba\x0dR\xf5-!R\x11\
\xb4\x1eu\x0f[\x8e[fH\x8f\xde2\x9fx\xe5X\
q\xc1\x96gX\x8e\xa7\x8f\xc8r\x0dT\xf0T\x14\xaa\
,\x80\x83\xc2\xe0\xd0&\xc1\x91\xa8\xc3J*\xf9\xc2J\
I\x9d\x9da\xfbO\x0c\x10=\x9fW\xbaY\xb7\x81\x89\
\x9e\xc5\xd3\xb1\x17\x13\xe0`\x15\x1e\x0bA\x11\xda\x12~\
\xdbhb\x0f\xd8\x99\xb7\x8e7\xb1\x8f\x80\xa3g\xb1\xe3\
\x10\x89\x9e\xd5\xfe\xf5,p\xe4q\x071q\xe0\x80H\
\xa5\xa84\x1f\xb7\x7fuS\xd2\x9a\x87\xc2*\x0eA\xeb\
Q\xdf\xef\xee\xc4\xad\x1c\xf7\xbb\xed\xd4\xad\x8e\xa1Wr\
\x0f\x14\x17,\x80#\xf5\xf9\xc0\xb11\x01\x0e\x0f\x02\x07\
N\x8e\xca8\xc7\xf11$F\x83\xfd\x8b\xc0\x81\xd9\x01\
\x7f)\x191\xeaY\xed\x1bv\xd6\xb1\xad\xdc\x0dcm\
\xd1\xb3\xfcAn\xd6\x048\x86%4E\xd8\x12\xf1M\
\xa2\xe5\xbc\xe8}\x0c\x0e\x9b\x8b\xef\xe3\xa0\xf1\x89L8\
9:\xbc\x00\x8e\xf4\x17\x04G^*_\x8c=v\xec\
\xd8V\x88T\x108\x06\xe4\xea[\xbdB\xa4\x22h]\
\xea?B/G\xed-\xdcv\xde\xd6\xfa\xda\xf6\x1c\x9e\
\x1cyK\x90\x83o\xc7~Z+G:\xdf\xb1\xbd\x00\
\x8ek\x09p\xd0*\x04\x0e\xe48<\xf8\xac\xe9G\xb8\
\x01\xbb\xbe\xba\x8cFVWg\xa4\x87w\x9cu\xd3\x1c\
8\xb8P\xc5\x1a\xe6C\x15\xfa\xf5>\x8a\xe8/+[\
\xcc\x8d\xb2\xca\xa2\xb7\x8e{h\xc5\x028\xf0Qn\xc4\
\xa3\x8e\xe3\xe9;GW\xe68\xf8\xdc\xe8\xc9\x93\xc7p\
\xa4r\xaf\xa5\xbb\x17\x81C\x18p\x13\xb4>\xf5\xd2\xfd\
Q(\xacP\xd8r\xf4\x9e{\xe5\xd8\x81\xe2\xec-\xb0\
\xd2'u9r<\xb5\x22\xcb}\x1e\xba@RSD\
\xd5I\xc7!\xe5\xc0\x81\x93\xa3A\x1c\xaa,:o\x9e\
\x8bXf\xa1\x1a;\xa2\xa7\xfb\x8f4\xb8i\x965\x86\
_/\xc7\x8e\xa3\xc1\x15\x86\x9d\xa3\x00\x8e\xfa0\xc9\x86\
\xf7$\x1d\x07\xb7\xcf\x07\x81#\xcc2\xdc:\x8eD\xe7\
(\x80\x03\xc8\xa1\x05p\xa4 &\xac Ry\xca2\
\x8e<\xbc9\x10\x83#\xe7\xe4\xb6\x5c\x5cS\xe92u\
w\xa8e\x9dB\xa4\x22h\xbdZ\x8e\x01\xb0\x1c\xb7\xc1\
rH;\xbb\xce\xe6\x1e8P\x5c\x0c\xe4H]\x82\x1c\
+\x00\xc7\xbe\x048\x16\x85*\x08\x1d\x94-\x99\x1c\x0d\
b\xc7\x91$\x07\xf6\x1b\x92\xb2\xf2&#\xc3^\xbaL\
\xd2\xfdi\x16\xec8\xc2x\x10\x0e9\x0e\x04\x0e7.\
\xab\xd0\x87<\x0c\xe18\xc3eF+\xb9\x86s\x04\x8e\
\xa3o\x87i\x05\xa1]p\x1c4\x0f\x8e\x1e\x0e\x1c\x1b\
W\x05\x1c\xdcH\xfd\x8ec'\xb7\xe1~\xf3{\xad-\
&J}K\x18p\x13\xb4n-G\xa8\x03,\x87\xfc\
\xfe\x84\x19,\xc7\xd6\x03;\x109\x0a\x92\xb1\xcaR\xe0\
Xzg\xf1\xc6\xa4\xe3\x10\xc3\x15\x97&\x06pp\x0d\
`\x8d|r\xf4qp$\x8a*\x12I\xc9\xcb&#\
C\x7f\xd6\xc4\xb8m\xa9V\x04\x0e\x06\x81\xa3\x1c,\xc7\
\xeb\x16\x97\x87\x07\x07\xfb\xb6\x16\x81\xa3z!\xc5\xb1\x1c\
8\xf8\xaa\x0a\xef8\x9e\xde6\x9a\x00\x87\xf8\xc9\xc9\xd8\
\xe4q\xd3\x1c9\xb8]\x1c'\xf1\x80\x1b\x80\xc3,D\
*\x82\xd6\xb7\xe5\xe8\x04\xcb\x81\x0b+m]\xaf\x15\x15\
\x17\x17\x1f(\xde\x92\xe0\xc6\xd2\xe4X*\xcb\x91\xbe1\
=q\xfdap\x80\xe3\xf8\x13\xd7r\xde\xd8\xb8\x00\x0e\
]0\x8c\xc0Q^\xbd\x90\x18\x85\x88\xa4\xac\xc2gg\
\xe8\xfa>\x04\x8e\x14+K\xd3\x8c\x02\x81\x03\xcc\xc8\xeb\
\x0d.\x0f,\x1d\x05\xb9t\x08\x1cU\xc9VS~\x8f\
\xcf[\xb0r\x14\x83#\xf8\xa8\xe3P\xf5\xd8\xb4\x1fs\
\xc9\xd1g\xae\xff\x12/\x7f4\x02\xef9\x8e\xc0hl\
\xceI|.\xc2~Hq\x18\xae\x09\x03n\x82\xd6\xb1\
~8i\x94\xf1\xfb|:n\x19No/\x86\xa2#\
D+\xdf5XIOOO\x80\x83K\x8eV{\xae\
+(.T\xb9\xf2h9\xd6R\x9dh\xe4\xe0\xadG\
I\xbd\xcfnt\x1c\xeac\xfdA\x91\xd5O\xb3\xd8q\
\x00V\xf66X\x82\xd1\x00\x80\x83%t\x07\x19\xc6Q\
U\xc2\x87*\xdc\xb9\xd3\x08\x1c\xbf\x8c\x22p\xe8\x16\xf5\
q\x008\xfee!\xc7\xb1\x12p,\xe98\x16m\xff\
\xcaC\xe0\xc0)\x8ec\xdb\x0f\xe1\x14G\x8b\xa9C}\
\x8b\x11j*\x82\xd6\xaf\xfe\xa6\xfb!\x04+\xbd\xf7M\
\xbd\xf2\xb6\xd6\xd7N\x1e\xc9.>\x96\xb3\xa3`I\xcf\
\x81/\xad\x94e\x17\x81\xa5/\x02G\x1a\x02\x87\xea\xe6\
\xa2>\x0e\xd5\xb0\x16\x9f\x8f\x80\xe0aI6\x80I\xb8\
]\x1c%\x0d\x00\x0e\x8b\xdb>o\xc9\x1c\xf1\xbbY\x83\
\x22\xfczy9v\x1c\x00\x0e\x5c\x8f%tV\x00G\
\xb2\xaa\x82\x13\x1d\x92\xdc\xf7\x01\x1c*\xdd\xa2Y\x15\xce\
q\xfc\xa7\x05p<\xdf!n\x89\xb5\x81\xfc\xd6@|\
\x14\xd36|\xf4#\xe4F\x07:\x84HE\xd0\xba\xd6\
\x0f\xc6\xccm\xc8r\xd4t\xa3`\xa5\x8d\x1a\xaa(\xce\
\xdbr\xe0\xe4\xae\x1d\xd9Y\x19O\xa2\xe3\x19\x1b\x04\xf9\
\xeb\x0f\xf7q<\x01\x8e\x9e\xfe\x05\xc7\x81\xf3\x17\x89v\
st\x9bu\xd1k\xb7\x87-\xac\xffg{+\xe1 \
\x15\xe48^\xdf\x0b\xe0\xc0\x8e\xc3\x81\xeb\xb1\x84\x16\xc0\
q!\x01\x0e\xeex\x04\xc9\xe1\xb7\x0e\xf6\xf1\xe0\xf0,\
\xaa\xaa\xfc\xcb\xe2\x1c\xc7\x0b,8O\x1c\x1b{\x84\xdb\
\xfe\xb5-\xf7P\xe9\xfe\xab\x07\xef\xb5v\xf7R\xb26\
\xa1\xa6\x22h=\xeb\xfb\xed\x1d55xk\xb1\xbd\xa3\
m\xf0\xc4\xc9\xd4\xac\x82\x9c\xc3'wdoI]\xc2\
t,\x87\x0e|\xe6\xd1F\xeex\x84dUEu\x13\
\x9f\xab\xd2\xc8;\x8e\xf368\xfdq\xb8\xdfc)\xaf\
\xe6\x97\x07r\xe0\xa8\xcc,\xf5:\xfd\x1e\x8b\xdf\xff\xc6\
\xd9\x92\xa0\xdb\x01\xe0\xa8\xc7I\x8e\xf2\x06\x8b\xce\xe1v\
cp\xd8\x0e2\x04\x02\x87\xa4r\xe1P\x95JI\xee\
[\x07\x034\x0f\x8e\xf0B\xa8\x82\x0c\x87\xaa\xc7\xa6\xe3\
\x86\xdc\x9ek\xa2>m\xc1p\xe0\x14\x07\x0c\xaa\x1c8\
\xb9\x1d\x1b\x8e{\xad&\x83\xfc\xf6M!R\x11\xb4\xbe\
\xf3\xa3\xdd\x9d52.?*\xef\xd4\xec-N\xcd\xca\
~s;\x22G^\xear\x9ec\xdf\xa3\x07P\xc3Q\
\xd3\x8b2\x8d\x09p\x04\xaf'\xc0\xa1\xb0\x0d\xab\x88\x1e\
\x1dv\x1c\x10\xaaTU\xf1\xfd\x1b\xdc\xc6Q\x04\x0e_\
\xcc\x1fD\x8eCs\x22k\xd6\xef\x80rl=\x94U\
$\xe5\xf5\x16k\x9f\xc3\x8dC\x15\x9b\xcb@8\xb6\x96\
I\x12\xc9Q\xb8\xdds\xf4\xdd\x83\xc8\x90,r\x1c\xd8\
p\xfc'.9\xaa\xd3\xee\x83Y\x95gs\xe3\x99\xe0\
\x80\x09\xb7\xec\x9c\x93'\x13)\x0e!R\x11$\xe8\x87\
\x93\xf6D~\xd4\xd0f8}\x0c\x01c\xc7+\xaf\x9c\
\xdc\xb1\x94\xe5HY\x5c\x93]\x18y\xdb\x08\x07\x10$\
*\x14\xa9|U%\x88B\x8c\x048\x92\x9d\xa38T\
\xe1\xc0\xc1/*F\xd7\x7fV\xe9t\xcc\xde\xef\xf2\xfa\
\xe6\xcb3\xe6\xbd\x01\xbf\xdf\x8e\xc0\xb1\xb7\xbc\xbc\xbc\x1a\
\x81#\xec\xe0\x1d\x07\x80\xa3\x9e\x1fq)K\x82\xe3\x97\
}\xd7\x89d\x8e\x03\xb8\x81S\x1c\xff\xc2\x81#C\xb4\
\xfcH\xfd\xa2\x1f\xfe\x19\xe0\xe0\x22\x15\xc8\x8dn\xcd\xcf\
\xcf?x\xaf\xab\xdbL\xd5t\x0a\x13\xf5\x82\xd6\xb9\xfe\
\xf6+R&K\x06+/\xef@\x17\xcd\xc9\xfcC\x8b\
\xc9\xf1D\xac\x82\xb7\x8f\xe2\x84\xc6\x02:\x16\xae>\xbe\
\x1cK\x13\x7f\x94\xcb\xf9\x060:1\x1d\xdb\x8fB\x95\
\xea*\xae\xf1\xab\xb2\x9c\x0fU\xf2\xa7cN\x8f\xcb\xe7\
\x9b\xaf\x14\xd5E\x22^\xbb\xbd\xa9\xaa\x02Y\x8ejp\
\x1c\xd0\x01\xc6`\xc7\xc1\xb2\xc8qTJ\xf6H\x107\
v\xee\xdc\x89\x9e\x8f\xc0\xf1\x8b\x00\xb1(9\xca\x93C\
\xc19\x0eXV\xbc\xcc\x99*\xe9\x1b\x97\x00\xc72\x86\
#\x83Kq\x1c\xc8)\x84.\x0e\x9c\xe2\xb8\xf6\xef\x7f\
\x12^7\x82\xd6\xbb\xc6\x06:\xe18\xc8\x81\xfb\x03v\
\xea\xe1=\xc9\x91\x8c\xb4#\xef\xef?\xf4\xe6\xd3\xc8!\
N\x5cm\x8f]})))\xc9\x1c\x07MP\x18\x1c\
\x8d\x7f\xb4\xf1\xe5X\x9c\xe3\x08Z\xf6VK\xe0\xf2\x87\
$\x066\x1d%\xa5\x13\x91X\xd0\x8a\x1c\x87D\x9c\x1f\
\x99\x8fx\x9d\xd1\xfa\x8a\x8a\xeaj\x00\x87\x0b\x86U\x18\
\x82fm:\x04\x8eKe\xfc\xe2\x9f\xca\xb2\x9d0\x1c\
{\xf4\xad\x0f\x03\xac\xa2\xc7\xc5\x87*4l\x1bU\xc1\
\x92\xd2$8\x96>\xfe\xf1Qnl|\x82\x1bi\x8b\
k*\xa9G\xb8\xd1X.RA\xe001Ra\xa2\
^\x90\xa0\x97BF\x99\x1a\x82\x95\xae\x01\x83\xba\xe37\
{\xf6e\xa5\x14\xbf}\xf5\xfd\x93\x0bi\x8e\xc7\xb7\x08\
>\x12\xb5,P\x84k\x85H\x80\x83U@\x8eC\xda\
\xd8\x08\xa1\x0a1\xbc\x08\x1cU\xd5\x89\x03U8pl\
m\x8fx=\x16\xdf|E\xb9\x189\x8e\xf6\xa9\xe9y\
K}\x05\x9c\xf4V\x01\x8e\x83\x03\x87\xe7 \x80\x03\x05\
*g${\x12\xa3.\xd5o\xbd\xffa\x80F\xe0\xb0\
.\xceq(\x12\xe0\x80# \x97>6\xf6\xc9(e\
\x09np\xed_Y\xfc\xa0\x0a\x02\x07\x14c\x0f\xd6u\
A\x97\xadRh7\x17$\xe8o\xbe\x1a\x95\xe1\xcaJ\
\xab\xdf\xd0f>\x91\x9d\x96\x95~\xec\xe0\xd5\xdcm\xd9\
\x8b\xd2\x1cK\x1e\xf0\x96\xf2\xe45\x97\x96\x9c\x8e\xa5\x15\
\x89\xe4h\xffbp\xd8\x5c\xafWWK\x12\xe8\x00e\
\x96F|\xf6p\xdd\xf4\xc8\xe6\xaa#\x1a_ \xe0\xf5\
\xce_,E\xe4\xa8\xc2\xe0p@\xeb(\xcd\x86\xadn\
\xd6\xedB\x86\xe3\xccB\xc7z\xf5[\xef~\xe8\xbeN\
,\x06\x87\x8a\x03\x07\x81\xc1\xf1\xea2\xe0X\x22\xbd\xb1\
\x047\xf8\xbe\xd1#G\xf0\xa0\xca\x81]\x5cj\x14\x19\
\x8e^\xf5\xbf\x0b\xa9QA\x82\xfe\xc3\x7fxo\xa0S\
\xaa\xae\xa9\xed\xbdo\xf23m\xad\xe5G2REE\
\xad]\xe5\xdb\x0aR7,5(\xfb\xe8\x22\xe3'\x1e\
I\x80\x03WU\xa4\xb8\x8f\x83\xc6\x0d`6\x5cU\x01\
pp\xe4\x80\xc2\x09z/k\xb8\x1fqz\xde\x8bh\
~Z]9\x12\x08\xb8\xfd\xfe\xd9\x86\x8bg+*\x00\
\x1c.\x0f\x80\x83F\xe0\xd0\xb9Y\x87\x05\xc0\xc1\x91c\
\xcf\x9e'\xc1A\xc3\x01\x09\x00\x0ed9z\xfa\x97\x05\
\xc7#QJ\xca#=\xa3)\x8f\xae\xfeJ\xcd\xca:\
\x02\x19\x0e\x00\xc7\xb1WJypt\xd4\xb4\x09\xa9Q\
A\x82peE\xad\x96\xd6\xcaL\x13\x03f\xf9C\x0d\
\xa49DW\x8dw\xcaw\x1cI}&8\x1eWF\
FFZ\xc6\xbe\x05p4J\xff\xb8\xc8q\x008 \
\x08\xa9>S\x0d\xe0\xc0\xb1Je\x85\x06\x85*\xef\xf9\
FvU\xef\xe9\x0a\xb8\xcd~o\xd4\x0a\xe0\xc8\xad:\
\x0b\xe0\xb8\xcb\x12,\x02\xc7A7\x1b]\x04\x0e(\xcb\
T\xbf\xff\xee\x87\x834\xb1\x90\xe3H8\x0e\xb0\x1c\x08\
\x1c\xdb\x96\x04\x87xq\x94\xf5\xa4cJ],\x04\x8e\
-\xc9H%??\xff\xde\xbd\xae\x89\x01\xf9\xbf_\x17\
^2\x82\x04!\xfdm\xbb\x1e\x8f\xc9N\xb4\x0e\xf4\xaa\
\xa9S\x95\x19[RD\x97G[%;\x8e\xa4=\x9d\
\x1c\x0b~##-m\x1f\xba\xdb\x97\x91\x91\x8a\xd8!\
\xaa\x0e\xd2\x8a\x048p9V\xdb\x8f\xc1a\x0b\xba*\
\xaa\xab\xaa\xf1\xc9\xd3\xe5\xd5\x8b\xc0Q\xe7\x9b\x7f\xe5\xe2\
\x99\x91h\xc0\xcd\xfa\xa3\xd6\xd2\x8b\x15\xdb\xb7W\xbdn\
\xb1\x04\x1d\x0e\x0c\x8e>\x9d\xc3\x1du!X\x9c\xc1\x1d\
\xeb{*\xf7\xa0\x8f\xdfE\x8e\x031\x09\x81\xc3c\xe3\
Z\xcei\x82P\xfc\x91\x03\x87V\xbbk\xd1\x02\xf6'\
Z\xe3\x97\xe1\x06\xfa\xd93\xf2\x92\xd8\xc8\xc2\xa7\xd4\xe3\
\x13U\xb8H\xa5\xae\xd5d\x90\xdd\x12\xbaF\x05\x09\xc2\
\xfa\x9f\xbaIiM\xcdmf\xa2e\xa0\xb7\xd3pn\
\xcf\x91\x03\x22Q\xab\xfe\x8e$;c\xc3SLG\x06\
\x7f\xa5e\xa4\xa4\xec\x03\xa7\x81\x1e\x00n r@\x1f\
G\x22\xc7\xf1G[\x18B\x15\x00G?\x0f\x0el:\
P\x9cR\x0e\xa1\x0a\x06G\x93\xd57\x9b\xdf\xc0\x81\x83\
\x8dZ\xf3/n\xdd\xba\xb5\xa2\x02\x81\xa3\xcf\xc1\xb2(\
Tq,\x80\xe3\xcc\x1e\x04\x0dx/z\xf7\xfdO\x00\
\x1c\x16\x976\x19\xaa\x107\x15\x88\x1c7\x09\xf4\x0f\x22\
\xc7\xb1\x0486\x8a\x9f\x00\xc7\xc2a*\x19\xb8\xd3>\
\x0b\xcf\xc4\xe2-\x8a\xdc\xf2\xaf\xec\x03\x07`\xf7W~\
\x1d\x8aT\x06\xa8\xdb\x0a\xe1\xf5\x22HP2\xcd\x015\
\xd9\xde\x09\xd3\x80\xa1\xcd|\xee\xd8\x81\x22Q\xca\xe0\xe8\
\x1d\x14\xb5<\x85\x1c\x19K\x08\xaf\x01J\x82\xe3Z\xa3\
\x9c\x07\x87\xae\xdf\x86\xc1\xa1u\xd5WUT}\x80\xc1\
Q]\x0e\xed\xe7\x08\x1c>?\x80\xa3\xae\xe1\x18\x07\x8e\
>\x04\x8e\x8b[_A\xe0p\x05\xc3\x0e3\x02\x07\xed\
\xd0\xf5!pTKP\x90\x83\xc1\x01\xe4(z\xff\xdd\
O\xee\x028\xac\x1c8\xae\xabh\x00\x07\x85\x93\x1c\x18\
\x1c\xe9\xe9O\x8e\xe2\xed[\xec5\x16\x1b\x8e}i\x19\
\x5cf\x83\xb7\x1b\xb8\xa8\x92\xb5\x85\xeb\xe2\xc8=\x04\x07\
1\xd5uu\x9b\xd5\xb7\x84\x81zA\x82\x12i\x0e\x0d\
n \xad\x19\xe86\x0dPm-\xe7\x0e\x1c\xfb\xb9(\
\xcb\xfc\xf0N\xe5\x22r\xa4r\xffW\xc6\x89\x80\xe5\xb8\
\x81\xbf8\xeb1\xc7\x01\xc9\xd1\x8fmIpTT\xe4\
\x16Uc!p \x80Ti\x22\x08\x1c-]\x9a\x86\
\xa2\x91\xa6\x00\x22Gtd\xff\xc5\xd2W^\xd9^Q\
jA\xe0`\xd9\xeb\xe08\xc2\x8e\xb0\x0bB\x9cj\xc8\
r\xc0\xdb\x9e\x22.\xc7\x81\xc0\x11\xf4$r\x1c\x7fR\
((\x8a\x07\xc7R\xa1J\x12\x19)|qy1\x06\
\x17'78%2\x1c\x07\xf0y*\x90\x1aenu\
\x08c*\x82\x04%\xf4RH/\x93\xcan\xab\x119\
\xcc\xf2\xb6\xd6\x977\x1f>\x98^\xd2\xfb\xb0\xb9\xf2\xc8\
#\xf9\xc2\xb4\x8c<\xc8~>\xa6\xbc\x0c\xec\xf0\xf9\xbe\
\xa9,\x1e\x1c\xfc\xd9\xb1\x94\xad\xbf\x87\x07G8l\xd3\
\xea\x108\x0a18\xaa8z\x008|M#M\xb3\
\x9aS\xb9\x00\x8e\x8090r\xf5l\xe9!\x1e\x1c\x83\
\xc8q\xb8Y7\x07\x0e\x09~\xc6\x19\xc4\x0e\x84\x8e\xa2\
\xf7\xdf\x82\x1cG?\x80#\xec\xf9;\x1aY\x0e\xe48\
(\x05\xf5G\x0c\x8e\x8f\x97\x00G\xfa\x02) \xb4J\
\xa4i\x12\xbfF^\xd6\x023\x16\x81#g\x1b\xdeR\
|\xb0\xee\xde\xc4\x80\x5ch\xfe\x12$hq\x82\xf4\xab\
Q \x87\xdc\x84\xc9\xd1%\x11\xfd\xbc\xe5@\xa5a\xb4\
\xb9l\xe1\x7f\xc4@\x08\xb8\xbc\xf2\xf2\x92W\xda\x93B\
\xd7\xda\x96<Q\x05\xcc\xaa\xc8\x13\x8e\x03\x81C\x87\xc1\
\x81\x1c\x87nkE\xc5\xf6\xdc\xea\xdc$:$\xb9\x9a\
y\x04\x8e\xd9YM\x1d\x02G\x0b\x80#h\xbdXZ\
Z\x0a\xe0\xd0%\xc1\xe1\xe9K\x82\x83+\xcbT\x17\xbd\
\x7f\xf4\x13\xf3u\xa2\xbfT\xe7\xf1p\xa1\xcau\x1c\xaa\
 \xc7qS\xd5\xaf\xd5\xedz\x22TI\xdf(N{\
\x1c\x1c\x0b\xde\x89k\x15}\x8c\x1b\x08\x1c\x07v\xe7l\
/\xc5\xe0\xe8\xea6\x08\x86C\x90\xa0G\xf47_\x8d\
\xd6\xa8kj)\x93\xc9d\x96\xaa\xefID\xbf0\x7f\
P\xde;z\xb9$\x03\xce@\xe4\x067R\x17\xe1b\
Il`nl\xd9\xb2\xb1*\xf8\x05\xbf:\x10\x86\xdc\
\x1c<8\xfa18\x0a\xb7\x17\x22pTalTU\
U\x9f\xc9\xadC\xe0\xe8\x9a\x9d\xd7\x9c*\xb4\x06\xbbM\
\x81\x81\xc0,\x80\xe3\xd0\xf6\x8aW\x108\x02f\xf3\x17\
\xee^\x1e\x1c\x08\x17\x1f`h\x80r\xdf=z\x19\xc0\
a\xd1\x05=\xcd\x9e\xbb\xf4uD\x0e>TY\x06\x1c\
\x1b\x91\xbd\xd8\xb7o\x1f\xbc\xef\xcb\xe0\xea@\x19\x19\x09\
\x07\x95\xfc\xe1\x91xp\xf0%\x95\x03p\xf2\xa3`8\
\x04\x09ZR\xb0\x81T\x06\xe4\xe8\x1e0\xd4\xa85\x95\
\xa2\xcb\xf6=g\xed\xe4'\x1b26$\xbb\xcf\xf3\x12\
\x8e\xe3\x09V<\xa2\x94\xc2D\xa8\x02\xe0\x08;T\xfd\
\x1f!n\xf0\xe0\xd8\x8e\xc0QT\x01\xe0\xa8\x02U\xe7\
Z\xe7\xbb\xbb\x01\x1c\x0d\x87\x108\xbaM\x18\x1c\x0d\xa5\
\xa5[\x91\xe3\xb0zL\x03f\xb7\xbb\xd7\xac\xd3\x86=\
:\x0e\x19\x09t\x14\xbe\xfb\xfe'f\x96\x03\x87\xc7s\
\xf7:\x22\x07\xef8n\x22p\xe8>\xfai\xfa\xa3\xe0\
H\x17\xef[*-\x93\xc1\x19\xa8\xc7\x7f\x0dl7\xb6\
\x14l*.\xde\x9dS\x94\xbf\x7f\xff\xd5:l8\x0c\
\x82\xe1\x10$\xe8\x11\xfd`l@-\x93\xd6\xd4v\x00\
9nQC%\xa2^CI\xbe\xa1\xe3`JZ*\
\x7f\xc0[\xc2\xcd/\x8f\x8c-\x9b\xb6l*\xd8\xb2!\
\x11\xaaH\x118\xb4aZ\xd5\xefJ\x82\xe3\x10&G\
\x05G\x0d\x98I\xa9\xb0\xce\xcf\xcev\xcdviN\xd5\
Y\x83\x13\xbe\x81\x81\xeeYM\x03\x02\xc7+\x15\xa5\xfb\
9p\x98{\xcdZ\x14\x8f\xb8 \xbe)JF*\x85\
\xef\xfe\xfc\xb2\x99 l\x18\x1c\xcdw\xaf\x039z\x19\
d9\x108h\x9b\xee\xd3Wa\xc6-}17\x12\
1\x09\xff\x9e\x91\xb1a\x03z\xcfX\x8a\x1b\x99\x99\x5c\
\x9c\x82\x0c\xc7n|\x80[\x1d\x18\x0e\xb5\xb0\xa3X\x90\
\xa0'\x13\xa4PZA\xe4hi\x19\x80\xe5\xc5\xa27\
G\x073\xaf\x1a\x0c\x876&R\x86\x0b\xc0Hr\xa3\
\x00\xa1b\x1146e\xc2%\x97\x8a\xc0\x91\x0cU\xb4\
\xe1\x1e\x00\x87\x16\xaf\x1cM\x82\x03\xa0\x81\xfe@gy\
\xdd\xc8\xec\xec\xc4\xecHW]\x9dU\xd7\xed3\x99|\
\x13\x9a\x8b\xf9\xa5\xa5\xf5\x9c\xe30\x9b\x07\xcd\xe6$8\
\x8a\xe0\xad\x08\xe3\xa3\xf0\xddw/#\xc7a;\x9e\x00\
\x078\x0e\x0e\x1cD\x8fMw\xe9Uq2;\x8aw\
)s~#\xef\x08\xbc\xf1\xe0Xd\x9f\xb8\xdf\xa0\xa0\
\xa0\x00\xff\x1e[\xb8\xfbM\x08\x1c\xbbw\x17\x95\xe6s\
\x86\xa3\xe3V\xaf\xf0*\x11$\xe8\x89\x04i\xbb\xbe\x06\
\x91\xa3\xc60\xd1m\xa6n\x9bO\x88>4|\xb2\xe7\
\x9e\xc1,\x11\xa7.\xe6F\xe2\xff\xce\x05\x99\x99\x9b\x80\
\x14\x9b\xf0-\xbaG\x1fq\x8fp\xe0\xb8\xc2\x87*\xb6\
\xbb\xd0\x01\x8e\x14\xe6\xc0\xb1u{aa!\x8f\x8d\x8a\
\xdc\xea\xed\xfb5\xdd]\x9a\xd9\x91\x89S\xefY\xad\xdd\
H\x81\xee\x11\x00\xc7+\x15\xaf\xec\xb7\x06M\xe6\x01\xd3\
\x80\xdf\x1c<\xa8\xd5\xba\x12\xd9\x0dHpT\xe7n\x7f\
\xf7\xfd\xe6^\x04\x8e\xb79p|A\x83\xe50(:\
\x90\xe1 \x86m\x1f\x7f\xf6\xea> \x07o6\x90\xdb\
\xe0s\xbaIVd\xe0to\xe2W\xc2?<\xfeU\
6!\xcb\xb4\x09\x18\xb8\xa9`Sv\xf1\x1e0\x1c\xfb\
\xb1\xe10\xab\x85\xe3\xdb\x04\x09Z2A\xaa\xac\x91\xd6\
\xd4\xc8\x0c\x13-f\xf9\xad\x96JQ\xb3\xf9j\xd5e\
CsI\x06\x0e\xf9\x1f\x0bN6-\xab\xd4z\x0f}\
\xf3\x8fW\xe4\xc9\xe4h\xbf\x8b\x03\x07\x0eU\xb6\x16\xbe\
\x8f<\x07\x04*\x15\x90\xe3\xa8x\xcf\xda\xdd^\xa7\x19\
\x99\xd0T\xecwMtw\x0f\x98L]\xa5\x18\x1c\xf5\
\xf5\xfb\xbbL(t\x99\xe8\x1e\x08\xbe\xa3\xd3Y\xb8\xa1\
ZhWG7U\x85\x85\xdb[\x118<\xfb\x7f\x11\
\xbc|\x199\x8e/p\x92C\xa1@\x86\xe3z\xbf\xf6\
\xa3\xcf^\xcd\xd8\x87\x0f\x9d\xde(\x86\xc6\xd6\xbc\xbc#\
\x89\x9c\xee\x12\xe5\xa0\x85\xdf\x85\xc7\xe0&\x8e\x1b\x9b\x8a\
\xf7\xe4\xe4\x96\x0274]\xa6\x8e6a,V\x90\xa0\
\xa5\xd2\x1c\x9a?\xcbk\xe5j\xb5\xd40a\xea\x95\xb6\
u\x89v\x0f\xb4\x94\x96\xb6\x18~\xc1\x95&\x17g2\
\x9e\x82\x8dM\x9b\xb2\xea\xe14\xe8+\x8d\xd7\x16\x81\xc3\
\xc6;\x8e\xe3\xc8q\xbc[\x98\x9b\x9bh\xe4\x90H\x1a\
Nu\xfb4\xa7\xea&\xdaO\x95Z\x00\x1c\xbe\x81\xcb\
\xf5\xa5[\xb7VT7\xd4Y'\xbaM\x03\x13\xf7\xba\
\xba[/7\xb7vY\xaf\x1e\xbc\xcai\xff;\xe8\xe6\
\xe0/ZzY\xc3\x9dO\x106\x9a\xef\xe0\x1c\x07\x8d\
\xc0qSq\xf3Ow\x118.egl|\xf4\xcc\
\xa8\x94\x94t\xd8\xe1\x93\x02'cC\xa1\xe8HBy\
\xcb\xfc2\xc5\xc5;w\xe7\x14m\x87\x04G]\xd7D\
\xaf\xda \x8c\xc5\x0a\x12\xb4d\x9a\xa3\xdb\xae\x96\xc9\xaf\
\xa8e\xe6\x09\x93\xa1\xb6\xe3g\xa2\xab\xe6\xd6\xd2:\xf3\
`u*Lm\xe0\xc8\xbf`9\xb7\xb1\xb38\xf1\xc1\
\xa6\x0d[=\xf4\xa2rl\x0f\xcd\x81\xa3\x1f\x12\x1do\
o\xdf\xba\xfd\xe7\xdbs+\x90.6\xbc\xb7\xff=8\
\xaa\xa4\xdb7q\xff~\xf7D\xd7U\x0bTU\x06\x06\
Z\x7f\xfd\x1e\xbaV5\x13\x08#\xdd\x7f\xee\x9e\x98\xb8\
72\x81\x1e5M\xb4\xb6\xb4\xb6^\xbe\xdc\x0a7\xe8\
\xae\xb9\xc5\xdck0\x98\x07M}}w\xfa \xc7\xf1\
'\x1a;\x0e\xc5u\x07X\x1b\xd7\xa7H\x97>\xbb\x84\
\xf4\xd9g\x87\x0f\xbf\xb9\x0b\xe9\xcd]\xdb\x0e\xec\xf8I\
\xc1\x91\xcd\x19)@\x12\xae\xd0|d\x19\x0a\x16\xef\xd9\
\xb3'\xe7\x83\xdcC\xefan\x0ctt\x0a\xa5XA\
\x82\x96\xd6\xf7\x07\xecj\xf5\x95kR\xf9@\xf7\x00u\
k\xb0R\xd4:xo\xff\xbd\xd6Ci\x0b\xe9\xcf'\
x\xb1s\xd3\xce\x9d;\xd1G%\x99\x998\x15\x92\x99\
\x99Y\xea\x81\xaa\xca5@\x87B\xdb\xef\xe8\xe1B\x15\
\x00\x87\xceu\xfc\x9dw~\xf9\xce;\xefXG\xbaZ\
[ZZ'L@\x0a\x04\x85\xf6\xee\xee;\xba\x86n\
\xf4W\x9fib\x023\xe3+\xa4\xee\x89\x91\xf6\xaf\xba\
\xbb4\x90\xfchG\x9aH\xa8\x151\x06\xc0\x81\x22\x9b\
\x96\x96&\xe48\xe8?!\xc7q\x13\xc0\xd13\x1c\xf6\
hu:\xabN\x17\xfc0\x88\xe4\x81;\xf4\xef\xebt\
\xe8\x0d\xe9\xa0\xeb\xe0\xc1\x8f>\xfal\xd7\x8e\xec\xec\x82\
\xbc\x0d\x1b6\xa4\xa4\xf2\xc9\x8d\xe2G\xec\x06\xe2\xc6\xee\
\x0fr\xb7\xe6\xd7YQ\xa02ax\xd8+\x94b\x05\
\x09Z\x8e\x1c\xddviG/%\xef0u\xf7\xca\xe4\
c\x99\xb9-\xad\xfb\xb7\x1f*\xcaZ\x9c<\xe4\x80\xb1\
sSII&W\xa6M\xdd\x90\x8ap\xb1i\xf7\xb1\
\xcf.\x1d?\xee\xd2\x05\xadV\x0c\x0e\xb9\xbcQ\xdeH\
 p\xd06\xec8<6\xb8\x9c\xad\xd6\x0fu\xd6\x91\
\x91.\xcc\x06_7\xba\xfd\x0a\x91\x03\x81\xc3\xd4\xec\xfa\
u\xf7\x80\x09\xb1\x03(\xd1\x1di\xbf\x8f4b\xbd\xff\
\xd5D\xf7D\xdd\xfd.+\xba~O5h4\x9a\xfb\
\xe8]\xd3\x8e>\xdb>\xc0\x1a\xd8\xee\xf6\xee\x09\x14\xc8\
@\x03\x18b\x07\x02G\x071\xdc\xef\x09\x06\xdf-\xf8\
\xa0\xbe\xb4\xb4>\xf7\xcc\x99z\xcbU\xcb~\xcbU\xab\
u\xff\xd5\xd2\xabVt\xef\xfa\x85U\x87x\x02\xa6\x04\
\xec\xc8\xae]'\x8b3\xb3\xf0\x88\x0a\xf6K;\xc1<\
\xedD\xdc\xd8\x8d\x0cGa)pcb\xc2L=\x14\
J\xb1\x82\x04-\xab\xbf\xfd\xca\xa06\xf7\xaa\xe5\xbd\xdd\
&\xc3\xad\x96\x973\xef\xb5\x96\x16?n4\xd0e\x96\
\x86\xac\xc5\xa6\x9c\x93o\x1e\xbd\xf4\xe9G.\xbcg<\
\xe8\xf14!\xb56\xb5t[\xadM_0\x94\x1co\
+\x06p\xf4\xd8\xb0\xe3\xb0!p\x8cXA\x10\x88 \
\xd5\xd5\xb5k\x1aN\xdd\x0fM \xc7\x11\xea65\xbd\
s\x16r\x1a>_7\xa2\x82Fs\xea\xd4\x18\xa2D\
\xfbW\xed\xf7'\xba\xef\xb7\xa3\x07\xc6\x86\xc6\xc6\xd0C\
\x1a|\x83\xa0\x122\xb1,\xdb\x1ej\x9f\xe8\xeaj\x1e\
\xfc\xe2:\xee9W((\x15\x02\xc7\x87#G\xc5\xe2\
\x0f\x0a\xf7l\x12\x89\xc4\x22\xc4\x83={\xce\xec\xcc\xdc\
\x89n7e\x16\x96^\xbd\x9a\xbf\x1f\xbd_\xb5\xba\xac\
.\x9d\xce\x85~6\xdd\xc1\x8f\xde\xf9\xf4\xad7\x8b7\
\xa4\xa4oLK\xcdB\xd6c\xe7\xce=g\xd0\x97\x17\
\xbd\xf2\x1e\x8e\x99L\x86\x87\x7f'\xbc6\x04\x09Z^\
\xff\xf1\xab\x87jsG\x8d\xdc\xdcm\x92w\x8c\xed)\
\xec\xda\xbfg\xe7\x22ddmHO\xc9*\xcey\xf3\
\xd2\xa5\x8f<\x9e\xb0\xa3/\x10\x08\x98\xd0{K+b\
F\x97uk\xe1\xd1\xb7\x0e\xe5\xa6\xfc\xbc\xe9\x0bBA\
QW\x1a\x1b\xa5\x84\xae\xdf\xe1\x00p\xe8\x108\x90\x17\
\xa9k\xa8?^Z]]\xd5p\xb1\xfa\xe2\xa9\x13c\
\x9aS\x9a\xfb\xa1\xee\x81\x01\x14\x87t\xb7\x1cD\xe0\x80\
\x8f\x10Q\xc6\x10\x19B(4\x81`\x05\xc2\x18\x14\xb5\
\xc0_\xbej\x87\xfbv\xfe/\x03\xbdlo\xf7W\x9c\
\xe3\xf8\xe2O\x04q\xfd\xba\xa1\x83B\x91\xca\xb0\xed\xc3\
\x0f\xdf\xdd\xbdc7RNN\xce\xee\x82#\xc5\x1f|\
\xb0O\x94\xb7\xe9\x83\x1cH\x94\xe6\xee/\xdd\xbf\xbf\xbe\
\x1e\xe6a\xae\x22\xeb\xa1kni\xe9\xbb\x03j\x86\x00\
\xe7\xed\xf7\x8bv\x22.\xa6\x96 r|\xf0A.\x04\
*\xf7'&z)\x83\xb0\xa1X\x90\xa0\xa7\xe8\x07\x93\
\xc6[\xf2\x0e\xb9\xba\xe3\xffg\xef]\x83\xdb:\xcf<\
\xcfr\x8f\xe3\x8d]\x1d\x8aT\x15\x13F\x8cI\xc7\xae\
\x18\x8aZ\xd9p\xadXv\xdc\x9e\xbeT\xc9k\xc4I\
\x90\xde3J\xb2\x8dmo\xd1\x00k\x0f\xae\xd9\x83\x82\
\xca\x10\x08`\x00\x08$\x1b\xb7\x81\xe1\xf0\xb8}\xda\xc8\
d;\xa3cL\xb4>\xd1\xe4x%\x0d\xb1\x92S\xf6\
R1\x15\x93\xd6\xc5.)R\xad\xb6W\x93v\x97\xec\
\xe2\x8e\xfbC\xba\xba\xf2q\x9f\xff\xf3\xbe\x07\x84|\x8b\
\xa0\xcf\xefC\xdc\x08\x92\xa0T\xc5\xf7\x87\xffs\xbfx\
\xe6\xf4\xff\xf5w\x0f\xff\x9b\x83\x8f\xce\xeef\xe7\x7fj\
l|lj\xf7\xbd\xfb2\xc7\x8f\xbe\x07;|\xec0\
]\xae]\xbaD\x8e\xc7\xb5#\xcf\xed~\xf0\xde\xd9?\
\xdb\xc1m\xeb\xdb\x9ex\xef\xec\x8b?~\xfe?>\xcf\
\x8a\xe3=\x01\x0eR\x1c\x97\xd7\x9f{\xe8\xb9?\xf9\xd2\
\xb7?\xfb\xdf\xfe\xe8G\x07\x7f\xf4\xe4?\x81\x0c\x00\x00\
\x81\xe3\xe2I\x92\x1c\xc7\xff\xf5\xe6\xff\xf3\xfa\x86\x87\x8c\
3\xffp\xe6\xf7\xd8\xda\xb9W^\xb9x\xe6\xcc\x8a\x04\
\xc7\xcb?\xf9\xc9\x8f_}\xfe\x87o_\xbd\xf0\xe6\xf1\
\xe3O\xdc\xf3\xdc\xd2\xd2\x03_~\xe0\xb9/=\xf0\xe5\
\xe7fggw\xcf>0;{\xefWw?\xf8\xd5\
\xe7\x9e#\x1f\x86\xed\xd1\x17\xd6\xaf]\x7f\xf6\x0a\xc8w\
\xfa\xd8\xb1w\xae\xbcs\xe5\xca\xda\xda\x95\xf3/=\xbb\
\xfe\x95{>\xfb\xe7_\x7f\xf8O\xbf\xfe'O\x1e\x04\
7\xd6^\xfd/*2\xaaL\xd9'\x879N\xfe\x97\
\xff\xe3\xf9S\xaf>s\xee\xe2\x99\xb5W\xd7\xff\xbbG\
\x1f\xda\xed\xfb\xd3\x87G\xb7m\x9b\xfaF\xe4\xf8\xe5\xf7\
\xde;\x7f\xe5\x9d\xf7\x0f\xbf\x7fxu\xf5\xda\xfa\xa3\x8f\
>\xf4\xb5\xfb\xee\xff\xc2\xe7\xbf\xfc\xc0\xa3\x0f=\xf2\x85\
/\xec\xf9\xfc\xfd\x9f\xfb\xc2\x17>\xff\xf9\xcf\x7f\xe1\xd2\
y\x02\x87\xe8Vy\xf1\xe8U\xe1\xaa\x90\xe2\xb8\xfc\xab\
\xef|\xe7\xaf\xff\x92\xde\xc3\x0f\xc2\x07!4\x9c\xf9{\
DF/\x9e\xb9\xf8\x1b\x12\x1ag.>\xfd\xd7g\xce\
\xf0\x17\x88%g\xc4W<\xbb\xf8\x91\xe0x\xe5\x95\xb5\
\xd3\x9bgV\xae?\xcb\x95\xa3\xa48H\xe6\xfc\xe4\x97\
\x04\x8e\xc7\x8e\x7f\xf7W\xbf\xba\xe7\xcb\x9f\xbd\xe7\xb3\x8f\
~\xe9\xcb\xf7\xdcs\xcfs\x0f<\xf0%\xbe\xa5\xbb\xc7\
\x9f{\xeek_\x03;\xeey\x08\xa9\xdd\xd53g6\
\x11p9\xb6r\xec\xf4\x99c\xa7\xd7\xd6\xce\x9d{k\
\xed\xf4\xe9\xd3W\xce_~\xec\xa1?\xa6\x7f\xe8\xe6\xe6\
\xc5W\xffeMEF\x95)\xfbd\xbb\xed\xe4\xbf\xfc\
\xbb\xe7\xcf\xad\x9d[\xbb\xb8y\xf1\xd4\x91\xff\xf1\xa1\x1f\
\xbd\xb1\xba\xfa\xad\xa3\x17\xde\xa6\xb7e\x8eb\xac^[\
e[\xff\xef\xef\xbb\xef\xbe\xf9'\x9exb\x1e\xf6\xfd\
\xef}\xef\xd2\xfc}\xf7\xed\xdc\xf9\x8d\xef\x7f\xff\xf8\xdb\
/\xbe\x88\x86\xb3g\x00\x8e\x0bo\x9f=z\x09)\x8d\
7\xaf\x1f$\xa5q\xe4\xc85\xba\x5c\xdb\x94h\xf0\xc0\
q\xf1\xe4\xc9\x8b+\x9b\xa47\xe0\x9d +\x8bl\x0b\
\xc7I\xe9\xba9@\x8b\xd7\xe5\xed\xeb\xe4\xd6\xac\xbd\xb2\
F\x8e\xca\xf5\xa7\x19\x1c/\xff\xf0'/\xff\xf8\xf9W\
\xff\x0e\xe0\xf8\x8b\xc7.}\xef{\x8f>\xfe\xa5\x07\xee\
9\xf8\xd9\xa5\x07\xee\xb9\xe7\xf1\x87\x1e\xbf\x87>\x1e\xfa\
\xd5C_y\xfc\xb3\xf4\x98\x0c\xd3\x00_\xc0x\x1e\xf1\
\x9fA\x22\x87^\xf1\xe2\xda\x1a\xfd\xc6\xb7N\xad\xad\xbd\
\xf5\x8b\x13\xa7\xce\x9d;wes\xe3\xcc\xa9\xbfU%\
\x1c\xca\x94\xfd^\xfb\xbf\xcf\xfc\x9f\xff\xcb\xab\x17/\x9e\
[;}\xe5\xd4\xb9\x83GVH\xc0\x9f\xfb\xc5[\xbf\
\xb9xlsS\x9c\xb2\xd5k++\xabO\xaf\xd7\xbf\
\xf7\xed\xfa\xa5\xef^\xa2\xcb\xb7/\xad\xaf_#\x0dB\
w\xeb\xab\x9b\xab\xd7\xdf>\xfb\xe2\xcf\x9e\x7f\x1e\xe08\
K\xae\x0a\x81\xe3\xf8qT\x9d_;r\x90\x98\xf1\x06\
>VN\x0f\x80\x83\x84\xc7o6\xdf%\x1c\x9c<\x02\
\x1dB\xef\xf7\x04\x0ea2\xc9rZ\xe6Z6qy\
]\xa2\xe4\xe2+\xaf\xbcrzs\xe5Y\x01\x8e\x1f\x0a\
p\xbcL\x92\xe3\xcd\xc8c\xdf}\xe2{\xeb\xebK_\
{\xe8\xd1\x07\x88\x1b\x0f<\xfe\xd0=O<\xf1\xc0\xe3\
O\xfc\xcf\xdf\xfe\xf6\xe3\x0f\x91P\xfa\xec=\x8f>z\
\x90\x14\xd3\xa3/\xac\xae\x1eajp\x92\x87~\xed\xda\
\xda1\xf2\xd1\xdez\xeb\xad\xdf\xfc\xe6\x17'\xfe\xc3O\
\x9fy\xf5g\xa7\xce\xad\xad\x9dW\x7f\x14\xca\x94\xfd>\
\xbb\xf3\x9f\xce\xfc\xf4\xdf\x9e\xc0;\xfe\xb9S\x7f{z\
\xe3\xd8/\x7fB\xae\xff\x95\xf3W~yluu\xc5\
C\xc7\xea\x1b\x04\x09B\xc5\xb5\xd5\xf5k\xd7\xd6!B\
\xae_\xe7\xb7\xee3g\xae\x1d\xfd\xe5\xcf\xe15\xfc\xc7\
g\xfe\xb7g\x00\x8e\xb7=p \xa3\xf2\xc6SO=\
\xf5\xc6\x1bO\xafp\xad\xd7\x95\x8b\xef\x5c|\xe77\xa8\
\xe5\xf8\xcd\x19\x8ex\xbc{\xf2\x8c\xa4\xc6\xc5\xd3\xef\xd0\
\xdd\xdf\x9f\xbe\x11\x1c\x83v\x9a\x5c\x15\xf2UVV\x9e\
\xbe\x8e\xb6z(\x8e\x13D\xabW\x7f\xfc\xf2\xdb\xd7\x9f\
}\xea\xd2\xea\xe6\xc6\xa3_9\xb2~\xf0\xc8\xc1\x87\xbe\
r\xf0W\x97.]z\xe1\x05\xba]\x7f\xe3\x8d\xf5\x17\
.\xbd\xb0\xfe\xc6\x91#\xabG\xd6\xdf\xa0\x7f\xf7\x06\xff\
\x9b\xc9K\xa1\x7f\x05d\xce\x1a\xfe\xe3\xe8\x909u\xe2\
\xc4\x89\xe7\x7f\xfao\xff\xddOO]\xd9P\x8aC\x99\
\xb2\xdfk\xb7\xff\xd3\xc5\x7fy\xfe\xdc\xe9+\xa7\xd7\xce\
\xbdz\xee\x9fV\xd6\xfe\xee\x97\x84\x0d\xd8K\xab\xd7\x80\
\x08\x22\xc5w\x11\x12%n\xd0\xf9\x04@He\x80\x1b\
\xf4\xd53$<.\xff\xf2\x97\x5c\xc4\xf9\xcc3\x04\x8e\
\xf3o_\xf5\xc0\xf1\x18q\xe3\xf8SO\x1d\x7f\xea\xda\
5\x01\x8ew\xe8\x9c\xbe\xb3v\x91\xcf\xec\xc9\x0d\xc47\
\x18\x1c\xf4\xf9;\xa7\xf1q\xfaL_q\x08z\x9c\x96\
\x0c\xe1o\xfa5\x81\xe3\xca1R\x1c\x00\x07\xb9*\xaf\
\xbc\xfc*\xa9\x9c\xe7_\xfd\xd9O\x0e\x1f{\xf6\x12\xfc\
\x9e\xf5\x17\x90\xb7=r\xe4\xc8\xaf\xd6\x09uG\x9e\xc0\
-\xfd\xfbp\xbb\xb1\xd9\xd7O\x1b\xf4xe\xe5\xd81\
\xfc\xde\xb5\x8bk\xf4\xbf^;G\xf4 r\x9c\xfa\x9b\
\xbf\xf9\x9b\xff\xfc\x8b\xbf\xf9\xc5\xc5\x15E\x0ee\xca~\
\xaf\xddu\xf2\xd4\xab\xa7\x10\xe6X;unc\xe3\x18\
C\xe3\xca\xf9c\xc7\xce\x1f\xe3\x93G\x0a\x83=\x13\x90\
\xe3\xda\xc6\xb5K\x97\xe8\x0c^?~\xfc:=\xb3y\
\xe6\xda\xfa\x91\xebo\xff\xf2\xe7\x00\x07\xbd\xff_\xbd~\
\xfe\xed\xf3\xc7/\xad{\xe0\xf8\x16a\x83$\x07\x81\x83\
\xe0@r\x03\xb3\x02\xdf!\x87\xe4\x9d\xd3'\xdf=x\
Dr\xe3\x1d\xef\x22\xc1ql\xcbo\x19\xb4_\xff\x1c\
\xe08\xfc\xec\xf5\xa7\x09\x1c/\xff\xf0\x87?dp\xbc\
J\xe0x\xe9\xd8\x0a\xd7\x88\x1d\xfc\xec\x11.\x19\xdb\xf8\
\xd5\xaf\xc8'\xc1\xed&\xfe\xd1\xf4\x9f \x9e\x08\xe1\x04\
\x91D\x1f++\x87\x8f\x1d>v\xee\xad\xb5\xb7\x10\x1d\
}\xeb\xd4)\xf2V~q\xe2\x17\xf0\xd0.\xfef\xed\
\xad_\x1cV\xe9Xe\xca>\xc9>\xf5\x99kG6\
\xde\xdd<\xf5\x0c\x02\xa4\xe7N\x9d;\xf2$\xc8\xf1\xcb\
_^\xb9r\x8cl\x85\xde\x9d76P\xfa\x09\xc1\x81\
\xeb\xea\xc6\xfa\xfa\xc9\xd77\xaf_Z'p \x5c\xb0\
q\xe4\xf8k\xaf\xfd\xf2\x14\xfaT\x19\x1c\xe7\xdf;~\
\xe9\xda\xc1\xe3\xa8\xb3\xfa\xd6\xfac$8\x8e\x93\x8b\xb0\
I\xacx\xe7\xca\xaf/\xbe\xf3\xebw~\xcd\xe5\xa2\xa7\
O\x9e<\xf8\xe4I\xd6\x12\xef\xbc\xe3\x81\xe2\xd8\xe9c\
\x90\x1a,\x06N\x1f\xc3\xa7xFr\xe4\x0c\x81\xe3\xe7\
\x0c\x8eg\xa18~x\xeae\x02\xc73\xa48N\xfc\
\xe4\xb5c\x9b\xe0\x06I\x0e\xa98\xb6l\x1d\xc5c\x80\
\x09\x09\xa5\x8d\x0d\x16P\x5c\xc2\xbe\xb2\xbar\xfa\xe2\xb9\
W\xd6\xd6\xd6\xce\xbdE\xacx\xeb\x17\x02\x1al\xa7/\
\xbe\xb5v\x97\xfa\xcbP\xa6\xecc\xed\xd3w\xa1\x98\xfb\
\xe4\xc6\xc9s\xcf\xbf\xfa\xb7\xa77Hx\xfc\xf1\x93\x9b\
\x04\x8e\xf3\xe7\xe9\x0dy\x85\x0cd\xd8X\x85\xdeX]\
]\xbf\x86\xa3\xf7\x02\x1d\xc3\xd7\xcf\x5c\xbb\x04-\x82C\
\xf8\xfa\xc6\xb5\xcb\x97\xdf>u\xe2\xc7\xd8r\xf2\xdee\
\x80\xe3\x85G\xbf\xc2\xe0x\xec\xb1\xe3\xeb\xdf:\xfe\xad\
7\xe8\xfb\xce\x9c\xber\x85\xf4\x06\xaa'\x18\x14\xef\x9c\
9\xf9O\xff\xb8!\xc0\x018\x1c;s\xf8\x0c\xa1\x82\
\xee77\x81\x8bc\xf4\xe9\xb1\xf7\x99\x1dt\x7f\xfa}\
\xba\xbf\xf2\xf3\x9f\x03\x1c/]?\x0a\xc5\xf1\xf2 8\
\x0e\xafr\xc8d\x03U!7\x90\xe3\xa0\xc0\xc6\xc1u\
\x02\x07\xd3\xe3\xc8\xea\x86\xec\x81YAp\xf4\xe2\x95\xb5\
\xb5\x8bg.\x22\xcf\x03l\x9c\xe1\x80\x0b\xa1\xebB^\
%d\x95)\xfbX\xbb\xe3\xd2\x86\xa8\xe7\xbe\xf8\xfc\xa9\
\x7f\xff\xcc\xe6\xc6\xb9\xb5\x15\x1c\x5cD\x00\xc0\x8d\xd5\xd8\
\xbd\x1a\x85\x00\x00 \x00IDAT\x95U\x19\x1b\xc0\
{5\x11\x84\x18\xf2\xfdu\xa0\xe6\xe4\xea\xea\xef6\xf1\
\xee\x8d\x0e\x93\xcb\x97\xaf\x9c;\xf1\xb3\x9f\xbd\xfa\xea\x0f\
\x01\x8e\xc3\xeb\xdf}\xfc\xd1\xa7\x048\x1ecp\xac\xaf\
\x12\x01\xae\x08j\xfc\xfa\x9d+\xa7!\x22H$\xbc\xbb\
)\xc4\x05\xd8\x00\x9d\x81+\x11\x83~\xf9\xfb\xb8'\x8e\
\xbc\x8fG\xa7\x8f\xbd\xcf\xd2\xe3\x1d\x02\xc7;\xc7\x0e_\
\x16\xe08u\xea\xe5S\x22\xc6\xf1\xea9\x02\x07\xfeI\
'Q\xa9\xce>\x0b\xfd\x0b7\x06\x8d\xff\x8f\x03\xc6%\
\xaag8\xb7B\x9c\xb8\xc8\xb9b\xdc\xac\xb1\xe28v\
\xa1\xea(p(S\xf6\x09\xe0X\xae\xe3L\x9d|\xf7\
\xddS?\xfd\x97\xff\xfd\xf9\x8d\x8d\xd3\xa777H\x09\
\x1c#\x89p\x8c\xb8\xb1\xc2l\x10\xb1\x81k\xd7\xf8\xd0\
\xad\x1f\xe13z\x92K!6O\xd2\x1b\xf9\xb5\xc3\x97\
\xcf\x9f\xa3\x83|\xe2\xc4+\x97\x01\x8eo}\xef\xf1\x83\
\xd7\x8er[\xeac\xeb\xc7\xbf\x85\x9c-\x00\xe1\x09\x8e\
\xd3\x0c\x03\x06\xc71\xb6\xc3\xa46\x0e\x1f\xde<,>\
\x15\xe0x\x1f\xe4 ;\x8dX\xc4\xfb\xfc\xf1\xce\xaf\x09\
\x1c\x87\xc9U9\xfal\x1f\x1c\xcf<\xf3\x0c\x81\xe3\xd8\
K\x1e866\xc4\x83A\x13\x18A\xf0\x83\xd5\xd5\xc9\
w\xb9\x1em\xc3\xfb_x5g\xb0\xb7\xc8m9\x7f\
\xa1\xda\xab\x1eU\xd1Qe\xca>\xc1U\xb9my\xfe\
\xbb\xeb\x5c/\xf9/\xff\xf2\xef\x7fzj\xe3\xcc\xda\xe9\
\xd3\xd7\xfeq\xf3\xc9\xff\xe9\xc8\x99+ \x07g!$\
2\xf8m\xfc\x1aj=\xe5\xa1;\xf3\xfa\xebt\x007\
\xae\xfdn\xe5\x18\xc0\xf1\xe3\x13\xe7\x18\x1c\x8f=\xf1\x95\
\xc7\xae]?\xfe\xd8_|\xeb[\xdfz\x83.o\x5c\
c$\xbc\x7f\x05\x1f\xef\x9c\x87\x9cx\xdf\x03\x07\xd1\xe1\
0\xa0\x81\x0b\x1e\x1f\xe3\xc6\xb9c\xef\xe33y\xe1\xef\
\xa6\xcb\xdb?\xff\xf9\xaf\xcf\x138\x9e>\xfa\xec\xdf\x9d\
\xfb\xc9\x0f\x7f&]\x95\xe7_=w\xfe\xf2*\x97\xb3\
\xd3\xf5\xb7\xbf\x15\xa4``\xf0\xad\xc0\x09\x83cC \
\x83?\x81\x13#\xfe\x17\x5c\xbb\xfa\xfa\xeb\xffL\xe0\xb8\
\xf2\xf6\xd5v\xaf\xd7|\xf3.\xc5\x0de\xca>\xd1n\
\xffW\xcb\xcb\xf3K\xf7\x5cZ?\xb6v\xea\xd5Sg\
\xd6\x9e?u\xee\x1ci\x8c\x1f\xfd\xeb#\xa7\xaf\x1c\xdb\
8B\xa2c\x03aE\x01\x8e\x93\xab|\xcb\xadg'\
7A\x12<\xbe\xf6\xbbU\xfa\xe1S\xe7N\x9cX\xbb\
|\x99N\xfac\xdf~t\x1d\xe0 d\x1c\x7f\xe3\xa9\
7\x10\xe2\x10\x87\x1fv^\xb8!\xc7\x0eon\xbc\x0b\
X\x08l0'\x8e\x1d~_t\xdc\xbe/>\x93\xb7\
\xfc4\xfd\xc0\xf9\xb7\x01\x8e\x97Xq\x90\xe0 p\x9c\
\xd8\x02\xc7o_\x17\xff(\xa0\xec\x06\xa7\x04W\x09\x0d\
\xd1e\xcb\xfe\xcc\xc1\x83\x07\x1f=\xe2\xe9\x13\x9e\x04r\
\xfa\xfc{\x17:=\xc7\xedf\xaf_\xbaC\xfdY(\
S\xf6{\xd1q\xc7\xbf\x9a\xff\xdc#_\xf0\xcd=~\
\xe9\xe9\xcb\x98\xb3u\xee\xe2\xe6\x99\x8b\xeb\xff\xeb\xe6\xda\
\xda\x95\x15:\xf2\x9b}\x07\xe0u\xf1..\x8e\xe8I\
q\x0c\x7f\xfb\xfa\xc9#\xab\x02\x1c\xa7N]\xb9\xfe\xde\
\xe1\xd3/}\xeb/^x\xe3\xda\xd3\xc7\x89\x1b\x04\x8d\
\xa7Q\xe4\xbd\xc2N\x08A\x03\x1f\x82\x08\x04\x8e\x0d\x22\
\xc6\xca\x8a\xb8ry\xfb\xfb\xe2\xee\xf0\xc0\x1d\xa3\xe4\x18\
\xdae\x08\x1cg\xfb\xe08u\xea\x87'\xa08P\x01\
v\xe2'\xafIp\xf0\xbfn\xe3\x88\x08p\xc88\xe9\
`\xa8T\xc4:\x08\x1b\x7f\xf9\x97?\xfa\xd1_?\xf9\
\xee\xbb\x08\xa9\x9e\xd9\x5cy\xed\xbfi\xb7]\xb7\xe7\xba\
v+~\xfc\xda\x1d*\xbc\xa1L\xd9\xcd\xb1\xe3\xb6\xe5\
\xe5\x9d\xdb\xb7m\xdb\xf6\xb9i_\xfd\xf8\xd1\x97V7\
\xae\xacm\xbe{\x9a`\xb0v\xe5\xcaJ_\xf6\xbf\xee\
\xb5\xbb\xf3\x03\xe8\xfe\xdf\x02\x1c\xd76\x084o\xbdu\
\xee\xd4\x89c\xd7\xde\x078\x1e{\xe1\xda\xb5g\x9fe\
d\xac>\x8b\x04\xe8\x8apCHp\xd0UP\x01a\
\xd5\x15B\xc6\x8a`\x04}\xe9\xb04(\x8e\xfe'\xf2\
\xab\xb8!p\xfc\xfc\xed\xc3\x97\x9f=J\xae\xca\xcb\xf4\
\xcb^>\x07p<#\xc0\x81\x16|\xc1\x0b\x91\x93\xdd\
X\xef\xab\x8c#\x5cO\x8a\xa1 \x07\x9f\xe4\x11\x1f\x1b\
\xff\xf8\x8f\xf4\xd9\xb7\x9ez\xf6\xd9g_\xbbP\xea\x98\
\xb6k:\xae\xa9i\x9d\xe0\xfc\xce\xd9\xdbT\x05\x872\
e7M\x8ez9^\xdey\xff\xee11\xedw\xc7\
\x83\xffC\xe4\xf8\xfa\x1b\xaf\xfdrm\x0d\xe9J\x11?\
\x10\xc1\x80\x93\x1e9<\x92\xbc~ru\xf3$\x83\xe3\
\xc4\x89\xd3\xd7\x0f\xff\xee\xcc\xb3\x8f\xc1;y\xe9%\xce\
\xca\x08\x13\xf2\xe1\xfd>\x03\x0e\xaf\xfcn\x85\xc1\xe1q\
\xa3\xff\x05\x06\xc7\x87\xec5|\xf9\xfd\xb7\xcf\x9e%p\
\x5cG\x8c\x03\xf2F\x80\xe3U\x01\x0e!\x87\xa4\x17\x22\
2\xb1\x07\xfb\xb7\x07\x9f|\xf2\xc9?\xfec\xfa\xc2\x0b\
\xebo<\xbd\xfa\xec\xd3/\xfd\xbf\x17:\xedv\xdbv\
{=\xc3q\x0dW\xd3\xb4@ \xe0\xaff\xdb\xed\xa4\
\xfa[P\xa6\xec\xa6\xed\xb6\xf2\xfc\xb2e\xd5\xe2\xcb;\
wNMo\xefoD\xfb\xe6\xbd\xf3\xdf\xfb\x8b\xe3\xeb\
\xeb\xd76\xc4\xe8Ox)\x9b\x9b\x12\x1cRy\xbc\xfe\
[\x06\xc7\xc5\xb5\xb5\x13\xa7\xae@I\xac^[}\xf6\
\xa5\xc3\xe7_\x93\xc8\x90\xe08&\x8f?\xf4\xc6\x0aq\
\xe3w\x9b\x1b\xab+\x1e#^\x93\xd4xOr\xe3\xbd\
\x1b\xb9!>=\xff\xf6\xdb\x0c\x8e\xeb\xcf>\xbbv\xea\
\xdc9\x02\xc7\x09&\xc7\xa9\x9f\xbc\xf6\xd2\xaa\x88\x82b\
`\xd8\x93O\xfe\x88.$/\x1e\xa5\x0f\xbaE\xf9\xea\
\xd3O\x1f=z4\x9f\xaf\x94*\xc5\x92U\xabY\xae\
\xeb\x9a\xb6Uu\xb5\x94A\xcc\x88\x06\xd8\xfc\xfe@@\
\xfb\x8c\xfa[P\xa6\xec\xe6\xc1Q[\xde\xb7\x1c\xb7z\
v\xd7\x8a\xc7\xcb\xf3\x0f\xee\xbe\x7f\xfb\xc8\xc0\xbe\x81=\
\xdf\xdc\xf9\x8d/\xdf\xf3\x90\xa8\xe0\xd8|\xfd\x1f\xc8\x88\
\x18\xf2zr\xf5\xcc\xeb\xff\x80v\xb1\x1f\xber\xe5\xca\
;gNrL\xe3\xed\xb7\xcf\x0bp\xbc\xb6\xb2\xf2A\
\x09\xb1\x82%\x90+\xab[\xe0x\x8f?\xc4\xfd\xe1\xcb\
\xfc\xe4e\xfa\xd8\xba0;\xde{\xfb\xed\xb7\xdf#W\
\xe5\xfa\xf5\x970\xb7\x98\xd8\xf1\x9f\xff\xe6\xf9\xff@\xe0\
8wxe\xf3]\x8ez\xae\xbe\xf1\xc6\x1bO=u\
4I\x8cx3\x9b\xad\xe4+\xd9l)[le\xab\
\xadV\xb7k\x95\xcb\xf4\x7f+ZE\xab\xeb4\x1a\xae\
\x19\x0e\x87\x0d\xa6\x05Y\xd4\xafix\x18V\xe0P\xa6\
l\x08pX\xb5\xe5\xe5\xf2r\xadk\xf7zt\xe9\xb6\
H|,\xef\xfb\xe2\xe7\xbf\xb9m\xfb\xc8\xc0*\xe7\xbb\
w\x7f\xed\x81\x87\x1e=\xe8\xe5#\xa07\x08!+\x7f\
\xff\xfa?\xfc\xf3?\xff\xc3\x95\x13\xaf\x5c\x84csl\
es\xf3\xf4\x15\x01\x8e\xc3Bq\xb0\xf2\xe8\xbb!+\
+\x1b\xab\xc4\x0e\x02\xc7\xa0\xa4xO>\xc0\xf7^\x96\
\xcf_\xbe\x018\x00\xc7\xca\xca\xf5\xeb\xd7W\xae \x84\
\xfb\x93s\xa7N\xfc\xec\xc7?\xfe\xe1O\xce^\xbdp\
\xe1\xc2\x9b\x17\xde,5+\xc5b1[\xec\x12&Z\
d\xb5\x1a\xdf\x96\xe3-\x0b\xe0\xb0\xadn\xb3\xe7\xa4\x88\
\x17Z8\xec\xf7\xfb\x0d\x83n\x02~\xd3\xef'f\x84\
\x03~\x12\x1eQ\xa58\x94)\x1b\x0e\x1c\xe5r\xab\xbc\
\x1c/\xd7\xac\x9a\xd53\xcd\x9e\xd3\xb5\xacV\x1c4\xc1\
f\x81?\xba\x7frz\xdb\x0d\xb6\xeb\xc1\xc9\xdd\xb3_\
\xfb\xd2g\x1f\xfa\xcb\x87\x9e\xb8t\xf0\xe0\xfa\xfa\xfa\xf1\
\xa3\x97/\xbf\xf9\xdeK\xab\xeb\xd7WW^{\xed\xbd\
\xd7^b^\xf0\xad\x97;\xc1\x0d\xaa\xd87Ir\x0c\
\xba*l\xbf\x13\xb7\xbf\xfb\xdd\xcaa\xdeK\xfd\xbb\xcb\
\x10'\x02,\xf4z\xef\x9d?{\xf5\xec\xd9\xb7\xaf\xd2\
\xcd\xd5\xb3/\x9eM5\xc2\xfep\xcan\x93\xcb\xd1\xed\
Y\x96M\xac\xa8\xb5\xe2\xe5r\x99pQ\xab\x15+\x96\
\x95\xed\x96J\x96UjV\xdb\x9dN*\xd5h\x102\
4MK\xe1\x86\xae~-l\xa6\x5c\xc7\x0c;)p\
$\x10%\x0b\xf8\x158\x94)\x1b\x06\x1cE\x02G\xb9\
\xbcLF\xda\x83\x0ea\xb7[#\xf9\x81\xf7l:\x87\
q\xfe\xca\xbe\x9d;\xef\xff\xea7w\x8cl\x1f\x99\xb8\
\x91!\xdb\xbf:9\xfd\xc8\xe4\xee\xdd\xbe\xa5\xfa\xd2\x9f\
|\xff\x81\xbd\xdf\x8f\x04\x93\x99\xe5r9\xb3\x1c)F\
\xe2\xf1H\x96<\x07\xfa\xc8f\xf3G\xdf\xe45Mt\
w\xf5\xcd7!\x13\xe8\xf6M\xd8\x85\x0bW\xafzW\
ig\xfdQ\x7f\x187\xfeT8\x10\xc6\xadf\x18=\
\xc7\xd54\xd7\xee\xb9P\x156\xa1\x0db\xa2\x88k\xd1\
\xca\xc2J\xcdv\x1b\xa4h\xc0Rl\x10\x18\xf4\xb8\xd1\
0\xdd\x86\xeb\x92\x93\x92r\xe9\xb3\x8e\xeb6\xed^\x95\
\x9ep\xb4\x94\xe6\x075\x02\x01\xbfrU\x94)\x1b\xc2\
\xee\x82\xa0\xaf\x11<\x96\xcb E\x0dBc~\x19\xb8\
 \x15\x12\x8fst\x80\xef\xe9\x19\x1e\x1d\xb8s\x1f\x06\
\x07\xee\xdb\xf9g_\xbc\xef\xbe}XW2_\x9f\x9f\
\xaf?\xf1\xfd\xe7\xfe\xe4\x9e?\xffn0\x98\x99\xbfo\
~\xdf}\xfb\xc4+\xb4\xe2\xf1\x22\xbd\xa8\xd5*\xc7-\
\xabL,\x22\x81\xe0v\xbb=r\x89l\xdb\xb1Z]\
\x87\xee\xc2.>#\x87\xa2gw\x09\x0fN\xcf4\x12\
\x86\xeb\x1a\x89\x84\xdbs\xcd^\xa3G_j\xf4ZE\
\xbbJR\xc8\xa2o\xb5\xab6\x89\x09\xa6D\xbb\xd3f\
V0/:\xe2\xc2\x86;|\xa9\xdasz\xe4\xa6\x94\
\xe8\x17\xd8\xd5^\x0f\x9f\xda\xae[m\xdbN\x8a8\xa2\
\x99~\x8d\xc4\x06\xc2\xa3Jq(S6\x84e\xca-\
\x84E[\x84\x0e\xc8\xfd\xe5\xf9}\xcb\xcb;\xef\xdbw\
\xdf\xee\xdd3\xbb}\xbb\xef\xdd\xbds\xdf>\x02\x09(\
\xc0_\x07BX\xa1\x94\xf9\x99`2\x98L\xe6\xf3\xe2\
\x9a\x0cV\xb2\x95d\xbc\xec\xd1\x06w\xf1x\xad\x06\x17\
\x02\xec\xa9\xb1\xe1w\x11O\xc8\xcf\xe8\x16\xb3UB\x01\
I\x06\xabH\xb7\xc2\xf0\xd8b\x90\xd0M\xb5\xddk\xf7\
\xaa\xd5\xaa\xd3\xeb9N\xa3\xe1\xe0&\x15n\xb8f\x0a\
\x1eH\x03l\xa0\xafV\x9b\xcdR\xb3T*\xd1\x8fd\
\xbb\xd9\xac\x05\xe3[\xf9zEK\x9a-\xac\xe7\xba\xf4\
\x83\x8d\x0e<\x18\xbff\x90\xafB\xe4\x08(p(S\
v\xd3\xf6\xe9\x8c\xd5\xeb\xd5\xca-\xbb\x058\x90\x9a\x98\
\xdfy\xef\xce\xdd\x93\x93wO\xee\xc2\x9a\xc7\xd1\xed\xdb\
\xb7O\xf3\xe6\xb3\x07\x81\x90}\x8c\x90\xe5\xb2g\xb5V\
\x9e\x90\x91\xaf\x14\x89\x18YiE\x86@\xff\xdc\x16\xb7\
\x88 \x19A\x06\x07\x83\x9f\xe1g\xb3]:\xf6\xcd&\
t\x04\x1d\xeb&q\x80\x05\x05\x87(H;0#\xe8\
\xc6\xe98t\xde\x89#\xa5\x12a\x85_\xae%\x22\xa1\
\x9e\x09J\xd1m\x8b9H\x0f\x97\x05\xc5\xe8\x998=\
\x07$Y\x00G\xaac\x928A\xb0\x94\xbc\x94h(\
J\x17\xbf\x02\x872e7\x0f\x8e\xa4\xed\xd8\xf1\xb8\xd5\
\x85\x86\x98'gd\xdfN\xdf\xe4\xf4\xe8\xf8\xb6\x0f\xdb\
\xc8\xc8\x08adj\xf2\xab\x93\xf7\xc3Ua\x88\xb0\x06\
\xa9\x05\x09 H\x80fK%~\xa7\xefZ\xfc\xbe\xdf\
\xed\xbf\xf5\xe3\xf3\x8a\xb8\xe3[6|\x8dn\x8b\xfcM\
E~\x86\x9f\xef\x96\x80\x11\xb0\x04R\x02\x96\xb5\x00\x0a\
\x09\x89x\x5c\xa8\x1e\xa9}\xa4\x02\x8a\xc7\xa5 \x8a\x93\
\x14\xc2\x0d\xff\xeb\x96\x05\xe8\x96\xf9\x0b\x88\x8a@\xcb\xf4\
\xc8\x012\xb5p\x0a\x17\x11\x1a\x0d\x85BQ\xa58\x94\
)\xbby\xbb3\xdf\xebY\xddV\xad\x8b#H\xe7l\
\xdf}3\xbe\xa9]\xe3\x13\xdb>\xd9\xc6\xc7FFF\
\xa7\xa7\xb1d\xf6\xc1\xfb\xeec\x7fF*\x918\x9fl\
\xf6Mj\xb8\x13Z`@\x16xOI\x06p\x04E\
z5q\xfea\xf1\xcd\x9cR\x95\xdf\xd4W8\xe5e\
\x11\xc7-\x7f\x94-K\x03\xfe\x96\xd9\xbd\x9a\xf7\x9e*\
\xe3\xb7\xd4Z\xf0\x81z=\xdbq\x1d\x22\x07\x9b\x81\x1a\
0\x02\x07\xd1C\x81C\x99\xb2!\xc0Ao\xe6v\x97\
N3\xde\xa0\xe9\xbc\xb1\x9f\xb2\xed\xf7\x81\x03\xdf0\xf2\
\x08)\x90\x1d\xbb\xa6\x1e\xfc\xe2\xe4\x83\xe4\xc9\xec\xfe\xb3\
\xfb\xd8v\x92\x91\x1eY\xde\xf7\x81\xc3;h[\xa7\x9c\
\x7f\xab\xbc\xf5\x08\x10\x977\xf1\x1b\xb9\xf0!P\xc8\xcb\
ry\xf0\xa5\x01\x8de\x09\x0e\xf9\xab\x84S\xd5\x22p\
 nb\x138\x5c\xc7E\xe5(\xe9\x8d\x80_(\x8e\
\x90R\x1c\xca\x94\xdd\xbc\xdd\x9e\x17\x91\x06\xbc\xb7\xb3\xb6\
\xdf\xb7{\xc6\xb7cb\xe2\xf7\x92\x03\xf0\x18\x19\x99\xd8\
\xb3k\xd7\xae\xc9/~\xf1s\xf7\xeddd\xec\x9bG\
,\x95\x1c\x1e>\xbf[\xc7\xf7\xa3\xe0\xf1\x91O\x94=\
~\xc4o\xf0C\x06M\x08\x95\xb8\xe7\xab|\xf8\x85\x06\
^p\xeb\xe7[H\xder\xea\xc6q\x88\x1c\x1dS3\
5.\x1dE\x84#\x14\x0b)\xc5\xa1L\xd9\xcd\xdb\xa7\
\xf2V\xaf\xd7ju\xad\x96H\xb9\x92\xe2\xf0\xedz\xe4\
f\xb0A\xe0\xd83\xb1\xe7\x91\x1d\xbb\xbe\xf9\xd5\xaf\xde\
\x7f\xdf}\xfbv\xee\xdc\xf7\xf1\x98\xb8A1,\xf7\x95\
\xc5\x96\x8f\xb2\xe5\xa8|\xd8\xe8\xc8#\x91[\xa4\x93\x8f\
+?B|U\xf8=\xf1\x01W\xa5<\xa0g\xc4\x93\
\x19\x11\xfe\x08\xd6\x10HEZ\xa5\xd7\xeb\x91\xe0\xd0\x08\
\x1ba-\xe1gp@p(p(S6\x84\xfd\x81\
\xd5u{V\xd7\xaa\xa1V\x14J\x7fnnr\xd7\x9e\
\x89\x9b%\xc7#\x8f\xec\xf8\xe6\x17\xbe\xf0\xd5?\xfa\xa3\
\xfb\xc9=\xd9\xe99&\x02\x0d\xcb\x9e\xc7!\xc2\x18^\
\xb4\x83\x8d\xf3+]\xba\x0c\x18\x7fb\xf7\xadk\xcb\xe7\
\xf9q\xaf\x87;\x8b\xeb=\xe4\x17DRE\x06J\xfa\
\xec\xc8,\xf3M\x19\x17OmD\x22\xf1\x1ar9\xc5\
n\xcf\xae\xf6\xda\xae\x89VzC3\x12\x06\xc0A\x16\
\x8b\x85t\x05\x0ee\xcan\xda\xfe\xb0\xe9\xb8\x8e\xcd\xa5\
\x98\xf3\x19\xb8\x16\xfbf&wM\xdc$8\xb6\xed\xd8\
\xf1\x08\xb9*\xdf\xfc\xe2\xfd\x9f\xfb\xb3\xfb\xee\x85\x8bB\
\xe8\x18\x88V,CC\x08\x19\xc1\x19\x11\xd6\x09]Q\
\xa8\x01\x1e\x00\x06=\x07\xd7\x1e\x8a\xc2\xd0+\xe3\xba,\
\x09\xf0\xd0\xb1{\xdd.\xf9\x15N\x0fa\x09\xa7\xda\xee\
U\xdbm\xc7\xa9\xe2\xb1\xddO\xc8\xf6\xa3\xac\x90\x17\x0c\
\x0b\xa9q2\xcb\x99r\xa4\x86dK\x84#\xae-\x02\
\x15\xe7T\x1cp\xc30\x12\x8c\x8dhTgp\xc4B\
\x0a\x1c\xca\x94\xdd\xb4\xdd\xd1\xa1\x83\xd9\xeeY=\xd2\xf2\
\xe58\xce\xfe\x9cort\xdbM\xda\xf8\x1e\x02\xc7\xf6\
o~a\xf2\xfe\xfb\xee\xbdo~~g?\x22\xc9\xa2\
#^.\xf7\xcb+D\xc9\x05\x17tt\x85\xd4\x80\xc0\
\xe0JPK<\x12\x9fu\xfb\xb2\xa3'\xb0\xe2\xa0\xca\
\x94\xf1A\xc0p:\x0d\x13}&\x8eK\x18\xb1=\xd5\
Q\x93\xb9X0\x83\xe3\xa5\x84\x8cL\xa6\xbc\xccnJ\
<\x12L&\x93\xb5Z\xb2\x08p\x94D\x84\xc34\x0d\
\xc30\xb5D \x1a\x88J\xc5\xa1\xc0\xa1L\xd9\x10\xe0\
h8\xa4\xdc\xe9\x0d\x9f\xbc\x87\xe5Zy~f\x1e\xc1\
\xd1\xf1\x9b%\xc7\x9e=;v\xec\xfa\xc2W\x1f\xdc}\
\xef\xbd\xf7\xca\x12\xd3y/\x97\x81\xd3L\x1e\x90H\xac\
\xc6E\xf3\x0b\x0e:G*P\x19F\xf7\x5c\x9c\xc1U\
b-F\x0bK\x12&\x08\x8b\x0a\x86\x07\xac\xda\xae\x02\
!v\xb5\xe3\x126zUz@@A\xa9hQ\x14\
wl\xd5\xb4\x96#\xe5L$N\xd2#\x83\x08\x07\xa9\
\x8dd2\x1e\xcc'\x93\x15\xab\x08\x8f\x07z\xc64\xe1\
\xa6h\x01\xdd\x88\x22\xc2\x11\x8b)p(S6\x9c\xab\
\xe2\x98\xa6Io\xf1H\xab\xe0\xb8/\xcd\xcd\xf8&w\
=r\xb3\xe0\xd86\xb1\x07\xf1\xd1\xc9\xdd\xbb9\x0b\x0b\
h\xec\xeb\x879\x96\xfb\xf1\x0d\x041\xbd\xfa\xad\x81\x9a\
\x8e\xd6@\xd4\x83\xa91PdjI\x15\xc2NM\xd7\
\xae\x8a@\x07\x84\x86]\xedU\xbbt\xdfC\x01i\x97\
\x89\x03_%\x22#\xacpY\x043\xf0AO\x04k\
\xc1`\xbe\x98/V*\xd9*Q\xc71\xb5\x14\x02\x1c\
\x01\xc3\x88\xea\x00G\x8cM\x81C\x99\xb2!\x82\xa3\xed\
\x9e\xebX\xd0\x1b\x5ctYFt\xd4\xe7\x9b\x1c\xb9i\
rl{db\xdb\x9e](H\x97e`\xf3\x03E\
\xe9\x83\xa1Q\xa0a+FZ\x8bK\x0d\xb25>\xa3\
(%\x89\xb5U\x8c.]\x97R\x89#\xa3\xd9*y\
Um\xd7\xa9:m~\xd4n\xdb\xd5\x92\x85\x0eY~\
\xb5\xb8H\xa2d\x22\x19\x18\xdd\x93\x81\x1c\xe4\xab\x14\x93\
I\xcc\xeb\xe8\xdamrT4\x08\x0eM\x0b\x10;\x02\
!\x80C\xa0C\x81C\x99\xb2\x9b\xb6\xdb/\xf4L\xa7\
g\xd7\xec\x1e\x1d\xd38d\xc2\xfc\xd2\xcc\xa4\xef\xeea\
$\xc7\x9e\xf1\x1d\x933pV\xa09\xe6\xb7j7\xbc\
\xbc\xcar\xbf\x1a\xdcK\xaf\xc4\xfbi\x16O\x86l%\
^k\xec\xcbx\x9dj\xe4\x8c\x90\xb0\xc8\xa2}\x85\xdc\
\x95v\xaf\xddp\x9c\xb6C\xb7\xf4i\xc3\xb1K]\x0e\
\x8f\x06\xe3\xb5`\x19A\x0d\x04D\xc1\x8b\x0c\xfdJ&\
G\x04\x8dx\xe8\xc1\xab\x10\x8el\xbb\xd9v\xcc0R\
*~\xcd0\x8cDT\x04F\xd3\x00GV\xfd1(\
Sv\xb3\xf6\xe97M\xd3pm\xe49-L\xc4\xa9\
\x95\x97\x97\x97f}>\xdf\xf4M\x8b\x8e\xb1\xbbw\xed\
\xf2\xcd\xed\xde}\xef\xbf\x99\xdd\xc9\x01\xd2\xad\xa2\xcd\x1b\
-.*7\x06\x8a\xb8\x04C\x84^\xf0\xbc\x98VK\
6\xc1\x09p\x94 8\x9a\xd5f\x8f\xfb`\xc9Wi\
\x92\xe0p\x5c\xba\xb8\xd5n\x16\x8cie\x8b\xf4\x12$\
-2\xec\xa4\xc0G\x81\xaf\xc2\xf0`W%\x19$\xcd\
\x01pt\x89>\xae\xc6E\xa3\x81@\x22aDCz\
HbC\x81C\x99\xb2a\xec3\x1d\xc70{v\xaf\
UF#G\x17\xf5\xa3\xcb\xf3\xb3\xf3Ks37\xe7\
\xafL\x8c\xef\xd85\xe9\x9b\xbbw\xf7\xdc\xec\xbdh\x9f\
\x9d\xdf\xe7\x09\x8e\xcc\xf2\x87\xca\xc4\xfb\x15\x17qO\x83\
l\xf1\xc3\x0bz\xc0a)\xf6\xd9a\xa1[\xbe\xd4d\
_\xc5\xb6\x89\x19\xed\x8e\xd3p]\xd2\x1c$:\xda\xf4\
%4\xcb\xd1\x8f\x10\x1b\xe0\x95 4J\xd8\xc8\x80\x1d\
@I<\xc8\x96\xcc\x17\x11\xe2(\x95\x1c'eb\x22\
\x90\xd0\x1b\xba\x17\x1a\x85\x95\xd4R\x15e\xcan\xda\xee\
\xbc`\x1a\x09\xd70\xed\xa2\xd5k\xf5\x9c.\xea\xc0\xe6\
\x97\x88\x1ds3\xbe]#\xbf\xafa\x85\x1c\x95\x1dw\
O\xcd\xcc\xce.\xcd\xee\xdc9\xcb\xd1Q\xe1\xaa\xd4\xbd\
\x9c\xacx\xf7\x1f\xecB)\xe3|\x97es[\xbf\x5c\
\x14\x0fj\x22\xee1(:D\xde\xd6\xa23_\xb2\xab\
U\x1e\xd0c6\xaa\xa9\x14Z\xec\xab\xd5R\xb5Y\xe9\
\xda2\xb1\xc2\x8e\x09y*\x19\xa99\xf0\xca\xc1 ]\
Xqd+\x95R\xb7\xdasd\x15\x87f$\x12:\
\xb7\xb7\xc5b\xa1X\x8eTGS\x81C\x99\xb2!$\
G8Q0\x5c:K\xaeI\x87\xca\xb5\xe8}z\xb9\
\x8eV\x93\xd9\xb9\xb9\xb9\xa9\xd1\xb1m\xe3\xc4\x87\x89\x8f\
\x88m\x8c \x15Krc\xd27K\xdf:\xefE7\
p[\x17u\xdf\xfd\x02s)-\x22\x8c\x8eH?`\
Z\xbe\xa1\xda\xdc\x0bu\x80\x1c\x10\x1d\xa2VL4\xe2\
\xc3]i\x96\x10\xe6h\x92\xe6\xa86R\x9d\x8eC\xe0\
hr\x1b?}k-\x18\x89#\x12\x1aap@p\
0G\xe8&\x13\xc7\x84\xa1 b\xa3\xd9n\x95\x1c\x1c\
\x97\xc0a\x92\x9f\xa2'\x12\x01Op(p(S6\
l\x94\xe3z\xc00\x0dS+\x14\xd2\x09\xcdu\xd0d\
\xcfC-\x88\x1eKK\xa4;\xa6\xc6\xc6v\x8c\xef\xd9\
\xe3\xf1bb\xcf\x04]\xc7w\xdc\xbdct\xd7\xe4\xcc\
\xe4\xdd\xbe\x99\xdd33s\xb3\xb3\xdc\xd6&\xe0\x81\xa2\
\xcd\xe5\x1b\x1aZeXt\xd0;\x89\x0fdPe\xa4\
#(\x9aO\x90`I\xf6\xcb\xc5p\xe0\x11\x22%\x7f\
\xa5\xdd$p D\xdaH5\xc8Y\xe94\x1a\xedj\
\xa9\x84\xe9\xe6$)Dey\x1c\x89\x14\x02GDD\
F#\xc1 \xae\x08\x8f\x92\xe6\xc8\xa2\xfc\xab\x01ph\
\xa8\xe3H\xe826\x1aK#\xccqA\x81C\x99\xb2\
!\xec\xf67\x0d-]0ri]O\xd0\xa1rm\
\x8b\xd3\x9b\xe5:G;fg}{\xa7\xa6\xa6G\xc7\
\xb6O\xef\xd8\xbek\xd7#\xc0\xc6\xf4\xdd\xa43\xa6w\
M\xf9fff\xa0K\xe6\x08\x1b\x7f\xc5\x09\x15n\x8a\
\x15\xc4\xc8\xdc\xe0\x9e\xc8\x07[\xd8(\x0f\xb2\x03\x89\x11\
\x02G\xd0K\xad$Ev\x05V\xa9pR\x96\x5c\x15\
\x12\x18U\x9e3\x9a2\x1b\x8d\x86C\x1f\xa9F\xb3\xd9\
\xb4\x88\x1b\xad\x16\x82\x19\xcc\x0dD62\xc4\x8d \xb0\
A/\xcf\xd8\x10u\x1cP\x1c(=5\xc9SI\x90\
\xa7\x92H\x0c\x82\xa3\xad6@*S6\x8c\xddq5\
Q\xc8%\xd2z\x22\x9d\xd6\x0bz\xc2\xc1~\x84.\xb6\
\xbb\xa1_\x96H\xc0\xc2cni\x89\x00A\x12\xe3\xee\
\xbb\xa7\xc8;\x99$\xf3\x91\xd0\x007f\x97\x041D\
\xaf\xca\xb2\xc8\x8af\x96\xbd\xc6\xd7\x81.yx)\x91\
\xf8GX\xb2\x16L\x22\xa9Z\xab\xe5\x8b\xadd1/\
\xe4\x06\xdd\x126*\x16F\x8b\x958#\x8b\xa1\x82\x0d\
\xd3\xed4\xc2)7\x95jTK\xe4\xbb\x10:*-\
rH\x82\xac9\x92\xc1\x08*9\x22AOn\xc4\x83\
I\x9e\x89Z\xa9\x94lvUx\x86\x0f\xf9*\x09\xd1\
\x16\xcb\xdc r\x5cU\xe0P\xa6l(\xbb\xed*\x01\
#Mn\x7f:\x97&r\xa45\xd35\x8b\xd8YR\
\xf4\xa6\x9b/\x09\x03%\xe6\xe6f\xa04 4\x88(\
xV*\x8d\x81\xa6\xfaL&\xb3\xecu\xa6r\x11\xb8\
G\x8b\xc8\x8d\xb35\xe4\xd3A\xe8\x0d\x0e\x90&\x11\xe7\
\xc4\xe4c\x0e\x8f\xe6\xf3y\xe9\xae`1\x1b9+M\
rU0\xcf<\xd51\xdd\x86\xd9\xe8T\x1b\x9dv\x93\
\xd4H>\x8f\xdc\x09\xf4F&N\xd4`\xcd\xc1\xce\x0a\
\xa9\x0d\xeeU!r\x00\x1c\xdd6f\xf8\xa0\xa7\x1ez\
#\x1a\xd5u.\x1cMCr\x9cU\xe0P\xa6lH\
r\x9c%7%a\x18\x85Ba\xb1\x90.,\xa6I\
\xcc;h\xec\xb0\xe25\x1e}>\xbf4\xbfD\xfe\x08\
\xb2'\xc4\x0a\x12\x1a\xf4\x80\x94\x06=\xfb\x0d\xc1\x0d\xe1\
\xa403\x06\x93\xb0\x11\x0e\x88\xa2\x0ckp\xf0\x86\xe4\
H0\xee\xdd\xf1\xa3\x1a\x9d}\x14\x81\xe2\x98\x137H\
z\xe4\xf3^\xa4\xa3bUx\x16i\xb5\x8d\x9d\x07\xed\
*\xb2+\x8dN#ev\xaa\xa5l\x85\xbe\x19\x82\x83\
TF=\x13OrX\x94\xc0!\x12\xb1H\xa9@o\
\xe4\xb3\xd9l\x13\x85\xa3\xae\x93B.\x96,\x1a\xd0=\
W%G\xe0\xb8]\xfd\x1d(S6\x9c\xdduV7\
\xf5\x02\xf9*\x85\xdcb\xba\x900Ir\xb8\x8e\xe9\xf6\
\xb8\x87\xa5\xc6\xb1R\xa6\x07[\x1f\x15d\x7f\xb5\xe4\xb5\
\xb6\x95e+;\xfc\x05|02j[\xe2\x82s\x1c\
\x1c\xc0\xdcrW\x06\xdc\x16\xe0\x83\xc4\x06~]2Y\
K\xb6\xf2\xf8 \xc1\xd1\xca\x0b\xc5\xc1\xa9\x95&\xa3\xa3\
\x93\x22b\x98\xe1\x86\x19N\x11Cx\xb0:/g\x80\
\xc8\xe0_\x94\x91Q\x8e`\x90#\xa3ALb\xe7m\
\xb2\xbd\xaa\xe3\x88\x18\x87A\x92#\x10\x85\xde\x08\x09\xc1\
\x11\xf3\x7fJ\xfd\x19(S6,9\xc2\x86Nz\x83\
\xa0\x91\xce\x15\x5cWw\xb1\x0d\xd24\x9d.\x86\xee\xc9\
\xf9\x9fr*\xe9\xf2\xfc`]9pQ\x17\xfd\xb0\x99\
\x8cWS\xceH({Y\xd6\x9a\xe0\x86\xc8\x8f\x96#\
\x12,\x91\x0f\xb0#\x08p\x04\x83`\x07$\x07\xc4\x06\
\x98\x91G\xcd\xa7\x88\x92\x22\xd4\xd1m6\x9b\x8dp8\
e\xa6\xfc\xe1T\xaa\xdal7\xad\x0a\xbe\x012%(\
r)\x99-G\x85S*\xe0F1\x9f\xe7@I\xb5\
M\xe004\xd3\x8f2\x0e940&\x8a\xce\xfd\x7f\
\xa0\xfe\x0a\x94)\x1b\x9a\x1c~\xa3\x90\xd6\xcdDA\xa3\
\xfbtA7\x5c\xdb\x86\xb0\xe7HG\xcd\xcb\x99\x8a\xea\
\x8c\xc1\xa1\xc3\x19\xd1\x95\x22\x1aR\xe3bL_\xad\x5c\
\x8b\xb7\xb0\x80I`$\xc8\xdeIDR\x82\xdc\x16Q\
s!\x99\xc1\x89\x0f\x94j\xd5\x82\x22<\x8am\x0b\xa0\
\x06+\x0e\x8f\x1a\xec\xaed!9\x9a\xedN[\xeen\
K\xb5\xdb\x8d6)\x8e\x0a}\x1d!\xd0 \x84\x86\xe8\
q\x8b\x08fD\x22I\x16\x1c\x15vU\xb0\xaa\xc5u\
]M\x13\xae\x0af\x9b{\xd8\x88\xc5^T\xe0P\xa6\
lh\xbb\xf3xJ\xd7\xb5\x9e\x930\x12$\xe5\xf5D\
\xc1lu\xcd\x9e\xed\x98=\xd4o\xb62\x98\xac\xc1\x13\
sj\xe5\xc1tI|yi\xbe\xbc\x1cG\xc5\xd5\xc0\
x\xc0\x9a\xc5\xeb$\xb9v\xb36\x18\x0d\x0d~0\x9d\
\x12\xec\xfb)\xa4\x0c\xc0\x8c\xa4\x18\xbb\x93l\xb5p\xcd\
\x8b\x00)W\x8c\xa3f<\x8b\xb4\x0a\xbc\x15\xde\x0e\x1b\
N\xa1\x92\xa3Y\x22pT\x10\xc8\x88\x83\x14RmH\
r\x08W\x05\xa1Q\x94q41\xcf\xc3\xe5zs#\
\x0aW\xa5\xdf\x1b\x1b\x8bE\x158\x94)\x1b\xde\xbe\xdb\
 \x0d\x8f|\x8aNW\xc2\x87\xe1\x90\xe2\xe8\x16\x09\x01\
\xc5\x22\xefp\xe4q<\xcc\x0b\x00\x84@\xb1\x5c&a\
P^n\x15\x19(\xdc\x16_\xe3.\xf7\x22\xdd\xd6\xe8\
\x226\xa3\xa0<\xe3Fn\x04\xc5\x83\xa0x >c\
O\xa5&\x02\xa3p;\x92-f\x07*\xc1\xf2-p\
\x83}\x95J\x89\xdbd\x1ba\xac\x9d'_%\xdci\
\x93\x08A\x90\x03a\xd0\x08:V\x18\x1e[\x05`\xa2\
\x8c\x83c\x1c\xe4\xa9t\x5c\xc7\xe4F\x15\xd6\x1cQ\xaf\
\x02\x0c\xf38\xa2\x7f\xa8\xfe\x06\x94)\x1b\xd6>\x9du\
]$V\x80\x0e2\xb7\xd7\xc3\xf2\xb4Z\xbc\xdfj\x22\
\x03\x9dr\x98xy\xbeN\x04\x11\xd5\xe1\xbcd\x8d\x97\
\xbe\xf2`Q\xd1\x14/\x96\xb6\xf6w4\x06\xb7b\x1f\
\x12\x1a[\xa9XN\xa5\xb2\xe6\xa8\x89,\x08'P\x09\
\x1c\xc8\xa2rO\xbcH\xcbf\xe9\xec7\x9b\xcd\x0ei\
\x0d-\x11\x08\x87\xfda\x80\xa3J\x8a\x83\xbe!)\x0a\
7p\xcbQ\x0e\x19\xdf\xc0\x0b&\xb9\xc7\x0d~N\xb5\
\xed\xa0\xe0\x1c\xe4\x08p\x93[\x7f\x8e\x8f\x02\x872e\
\xb7\xe4\xaaT03X@\x03s>ya\x02\x09\x0b\
\xb9\xa3\xde\xcb\xa6,\xc9R/\x91f\x11m(\xdc\x94\
fI~`8\xb9U\xb4\xbar\x03$\xc6\x04\x8aA\
_\xc1\xe0\x96{\x22\xd3\xb1\xc1d?\xbe\x91\x0c\x8a~\
4\x91T\x09\x0a\xa9!\xb9\xe1\x05G\x99\x1b\xd0\x1b\x8d\
\x0e\x96\xbe\x1a\x01\x0da\x8ef)Kr$\x9f\x0f\x8a\
\x82/Yp\x1e\xf4\x5c\x95\xbc\xd8n+J\xc8\xaa\x1d\
\x87\x0b\xc0\x12\xa8\xff\xd2\xa18\xe0\xab\x84\x10\xe4\x08\xbd\
x\x87\xfa#P\xa6lX\xbb\xbdd\x9av\xb7G\xd0\
 t\xd88\xf2pO2\xa8\xfd\x9a\x9b\x9b\xe3z/\
\xcfP\xc3\xb1U\xfa\xb5,\xd4\x08\x22\x1a\xf8\xa1\xae#\
g\x11\x03$E\xcc\x04\xe5fy\x02C\x8d{U=\
?EL\xca\x90\x00\x89{\x00Ir\xaf\x0a;-\x88\
q$\x85\xde\x80^@\xfd($G\x9b\xd7PkF\
 \xa1\xf9\x8dpJ\xc3vjBG\x9e\x9b`%7\
\x98\x1f\x9e\xe0\xc8\xb3\x9fR\xa908\x10\xe30\x0d\xc3\
dp\xe8r\x89\x1b\x8f\x1cU\x95\xa3\xca\x94\xdd\x82\xdd\
\xe17\x9cn\xcf\xc6J\x02\xbbKg\xbd\x1cG\xd3)\
\xbdy\xd7\xe7E\xcd\xf9\xcc\x8c\xcf\xe7\xa3\xeb\xe4$\x1e\
\xed\x9d\x9a\xc2'3\xa8\x02[\xf2\x92\xb3\xdc\x1cO\x12\
\xa3&\x06x\xf5\x05G\x8b\x07f\x08'%\xe2\xe5R\
\xa4\xecH\x06e\xecC\xd0C\xfa-\xb21\x8d\xdd\x8c\
<\x8b\x0dR\x1b\xd5R\xb3\xd7&G%lh\xe1D\
AO$t-\xa5\xa5\xc2N\xb5\x94\xcd\xe6\xc5w\xcb\
\xf2Qz,:\xdc\x82y\xc9\x1e\x9e\xc6A\xe0\xe0\x11\
\xe7&v#\xd0\x8fGu\x19\xe5P\x0b\x99\x94)\xbb\
5\xfb\x0c:c\xed\xae\x98m\xc1\x13\x04\x97v\xff\xd1\
\xe7\xee\xff#l\x83\xbdo\xf7\xbd\x98\x09\xb6}\xec\x91\
\xb1\x1d#c\x8f\xec\x18{dtl||lll\
tzRT\x9f\xcf.y\x9d\xb1b\x7f}\x8d\x97\xa8\
 \xd2\x81\x96\x13dKjP\x1a\x91\x0f\x1b\x0f\xdf\xf1\
j\xc6\x82r\x1c\x07\xe6\x16\x8bn\x95b\xbe\xc8=n\
Y\xdb\xb6\x9bU\xd7L\x855M/\xe8\xa1B!\x9d\
K'\xc8c\x097:\xcd\x8a\x88r >\x22B\xa3\
\x03E\xa3x\xd0wt\x10\xe3p\xdd\x06\x5c\x15t\xb9\
\x01\x1bL\x0e\x08\x0eU8\xaaL\xd9\xd0\xf6\xa9\x0b\xae\
K\xee\x051#.\x9b\xdb\x96f>i\x8c\xcf\xf88\
\xc6t\x8c\x8f\x8f<266=\xc939P\x8b\xce\
\xf8\xa8\xa3\xa0\x83\xa1\x10\x8f\xd4x\x22\x8f\x95G\xac\x93\
\xce.\x97x\xb2\x8a@1h\x16\x17R\x02\xf0A\x9a\
\x98\xe5U\xe9\xd2\x9d\xddDIy\x03\xca\x22\x90\x08\x04\
\xf4X\xa8\x10K\xe7\x16s9\xbaYX\x5c<t\xe8\
\xd0\x02\xd9b\x1a\x85\xf1\x09-\xd5ifKYR%\
\xc8\xaa\xc8\xfa/\x9eW,4\x0b\x97\x7f%+\x95\xbc\
T\x1c \x07gU\x02~dU\xe4z\x84P\xec\xc5\
\xdb\xd4\xdf\x802e\xc3\x0b\x8e\x14\xd4F\xb7U+\x8a\
r\x8d\x0c\x91cvv\xf7\xd4\xcdO;\xdf69\xb9\
\x9d\xc4\x07\x9aW2\xf5L\xbc\x1c\x17\x0b\xd4x\xdd\xab\
\x8dxi\x89Nx\x95{\xe3\xab\x98\xe5\x95J$4\
\x7f\xa8\xa0\xeb\x5c\xf1\x8dQ:\xa8\x5c\xcd\x11!\x08\x0f\
\x0b\x0b\xc4\x87\x03\x07\x0e\xec?\xb0\x7f\xff\x0f\xe8\xc2\xc6\
\xf7\x07\x0e\xed?\xb4p\x88\xbe#\x97\xcb\x15\x12Z8\
Um6KE\xd1\xad\x22\x82\x1c\x91\xfe@\x0e\x86\x86\
\xa87\xaf\x14\xb9W\xa5\xed8\xa9\x06\xefq3\x02\x18\
\x00&*\xc0B\xa1\x17\xefR\x7f\x02\xca\x94\x0d\x1f\xe1\
8\xda+u\x1d\xc7nY\xc4\x8e\xa0\xa8/\xc7\x1c0\
\x047&w\x8d\x8c\x8c\xdf\xc4N\xc8=\x8f\xec^\x9a\
\xbb\x17\x8d\xb4\xf4~_\x13\xd9\x16\xcb\xe2\xdd'\x15\xab\
b5Q\xa9\xd5\xeeTS\x9dN\x98\x1c\x8e@4\x8a\
\x99}\x8b\xe9\xf4\x22\x04\xc4!\x01\x0b\xb0\x82\x00\xb1\xff\
\x00\x8c?\x13\x0f\x0f\xfc\x80\x1f\x88\xcf\x08\x1c\x07\x0e\x1d\
\xa2\x9fL\xeb\x86\x16\xeeT\x91X)\xe6\xb9CVf\
VD\x0dG\x84\x87\x06\xd2\xa5\xc2\xae\x0a\xfd\xfef\xd5\
i\xb8bv\xa0\xc1\xe5_r\x19\xd3Y\x15\xe0P\xa6\
lx\xbb\xf3\xa8m\xbb6/U\xb4{]\xabg\x91\
X \xc917{/&nL\xde=\xbdk\xe4\x13\
\xc9\xb1g\xd7\xf4\xdd\xbe\xc9\x19\xaf\xc5>\x83\xdd\x8fe\
\xc4I-\xbc \xc6\xf5\xb9\xa2\xb1\x8c\xf4\xc5b:G\
\x0eGna!\xb7\x08\xa7\xe3\x10\xb4\x05\xe4\x05K\x0c\
A\x87\xfd\xfb\x0f\x1dXX p\x00!\x02\x16xR\
>^`\xa0,\xe4\xd2\xe9BA\x0fh\xe1F\xa9T\
\x22/\xa8\xc2\xad\xf5\x91\xa4\x80\x07a#)\xb1\x91\xcc\
W\xc4\xa8\xe2&'V\x1c3\x8567\xfa\xa7\xc8\x02\
\x8eP\xe8\xaa\xca\xc4*Sv\x0bv\x176+\xf6\x5c\
\xc7f\xaf\x82tB\x8d\xf7$,\xcfbt\xe0\xf6O\
Z\x089Ajdl\xd7$\xf9(\xb3\xb3\x92\x1bu\
\xd1\xc6\xc2)Z\xab[\xecv{\xaea\x9a\xa8-K\
\xc01!g\x84\xb8\x91[\x10\x1e\x09\x8b\x0db\x07\xe3\
\x83\xf9p\xc0\xb3\xfd\x02\x16[\xd0\xd8\xbf\xf5u\x849\
0;\x84\x14G\xb8S*e+\xd9l1\x98,J\
\xb9\x91\x919Yi(\xe5\xa8 \xa3[\x22_\xa5Z\
u1\x8dC\xd7\x0b\x05\xd1\xa3\x12\xf2\x1fU}\xb1\xca\
\x94\xdd\x0a7J&Z8L\x22\x87\xed\xd8\xddV\xab\
\xcb\x8d)5\xa8\x8e%\x12\x1e\xbe\xc9\xa9]{>n\
;\xc2\xf8\xf8\xd8\x8e\xb1\xbb}H\xae\xcc29x\xc6\
y\x06KR\xe8\x85`\x96\x0d*a\xf6\x16r\xa0\x98\
\x17\x94\x86\x83\x92^D\xa4\x93\xdd\x0e\xe2\xc0\xa2tT\
\xf6\x1f\x92\xd1\x0d\x89\x8d\xfd\xdeC\xc9\x0cq#\xc0\x81\
\xb1!\xa9p\xa3Y%pp\x05X\xc4\xf3S2\x11\
\xa9;\xb6J\xce\xd1 [\xb2\xe1\xa8\x00\x1b\xb1\x82l\
o\x0b]\xbdK\x15p(Sv\x0bv\xdb\x053`\
\x9a\xban6 \x0b\x08 \x9a\xe9X-\xee\x84\x15\xa5\
\xa2\xa8\x00\x9b\xf1M\x8f\x8c|\xdc2\xb7\x89\xe9\x99I\
\x1f\x8f\x04\x13\xf3|\xc4pQ\xa0\xa3\xc6\xbb_\xed^\
\xcf\xb2\x1d\xc30\x0b\x85\x82a\xa4\x91\x1cY\x5c\xd4\x0b\
\x0b\x0bRh\x1c`\xa7\xe5\x10\xcb\x8b\x03\x87\xfa\xa8\xd8\
B\x86\xe4\x06\xb9/\x925\x0bpw\x0a\x86\xeeO\xa5\
\x1a\xe8VAy)\xea8\x06\x82\x1c\xc1\xad@\x07r\
+$J\xaa=\x87\xd7\x22\x140\x83\x03y\x9a\xc5t\
\xf8\xa8rS\x94)\xbb\x15\xbb\xe3\x82?\x9a@\xd3\x17\
\x8f\xfeN\x18<\x87\x03E\x1d\x02\x1c\xa0\x06Ac\xfa\
\xe3W\xbb\xed\x19\x1d\x9d\x9c\xf3\xf4\xc6<\x0f\x1d\xc5\x16\
\x04\x94xq\x11\x86\xdds\xdc^\x8f\x0e\xadNg\xb6\
\xa0\x93\xd2\xa0S\xbf@\xc7v\x01\x81\x0c\xc6\x00\x81\x80\
\x83\xa12\x02*\x03\xa4\x82\x1c\x22&\x8ag\x0f18\
\x16\xf8\xdbE\x8c#@\x9e\x0a\xfa\xdc\xc8\x13\xc9g+\
\xc9<\xf7\xd1\x8b0\xa9\x18<\xca\x01Sl\x8e-5\
\x1b)$b\x13D\x8d\x5c\x8e\xfd\xa5\xc5\x9c\xbf\xf2\xb8\
J\xc3*Sv+v\xfb\xe5\x14*0M\x8eC\xa0\
.\xcat\xe8\x94\xbb&\x89\x84V\x8b\xa4C\x86X0\
;\xbb{\xf7\xe4\x83\x0fNN\xdd\xbd}ddd|\
\xdb\xb6\xf1\x89\x89\x91=\xe3\xe3\x13{\xc6v\xec\x9a\x9e\
\xf4\xc9\x09\xa42\xc4\x91\xc9x+\xea\xd1\xfaf\x91\xfb\
C^\x10\xfaQq\xd4\x8d\x02\xeb\x8d\x85C\x5c\x91\x01\
\xad\x81\xeb\xa1E\x06\x07\xd1a\xe1@\xa6\xd0AS\x00\
\x00 \x00IDAT_il\xb9+@\xc9\x0f\x04\
J\x0e1cH\x9f\xe4biR/\xe1T\x9b\xc0\xd1\
\xccV\xf2I\xba\x08\xdf\x84\xbc\x92\xa4W|\xce\x19\xd9\
|\xc5\xa6\xff\x90a&\x0az,\xbd\xc8\xd4\xc0%V\
}\xe0\xeb\x7f\xad\x04\x872e\xb7`w^O\x99\x89\
\xb0\xeb\x98\xba\xd93\xb9\xad\xde0\x1d\x12\x1c\xae\xdd\xed\
\x91Zh\xd1\xe9\xaf\xc5\xcbuT\x9e\xc3m\x99\xc5\xb8\
\xe2\x19\xdf\x0cX1#\x801;'G\x91\x8a\xc1\xa3\
u\x0c*F\x9b=\xba\xeb\x8b\xf4\x12\xd8\x9e\xa6!\x1e\
Y(\xe4r\xe9Dz\xb1\x90\xe3ph\x0e\xe9\x11\xe1\
\xa7\x00\x04\x8c\x90~\x0e\xf6C\xbe\x0a\xd7q\xec\xdf\xcf\
\x01\x11\xe2\x0c\x9d\xfbt:\xe17\xb4p\xa3\x9d\xadT\
\x9bE4\xc4\xa1\xc4\x9c\x03\xa4I\x19\xe0@l#[\
*\xb5\x9d\xb0\xdf\xaf\x17\xf4\x9c\x90\x1a\xb94\x8a\xc9r\
9\x7f>\x99U\x81Qe\xcan\xc1>}\x1cE\xdc\
Z\x189\x0f\x83\x9c\x8a\x9eck\x86\xd3\xd3\x5c\x17\xe9\
Y\xab[\xaba\xce\x86\x18v.\x22\x1eK\xfd\x89\xe7\
\xde\xc4ba\xc2M\xa9\xd7\x97\xcb\x98\xd5\xc1\xe0\xe8\x92\
\xdc\xc0, \x87hD\xd8H\xd3i-\xf0\xb9]\x90\
\xf1\xd0\x03\x9c\x89]`v\x0cp\xe3\xc0\x8d\xe1\x8d\x1f\
xw\x07D\xce\xf6\xd0\xc2b\xae\x10\x8b%\x0c\xbf\x16\
\x0e\xa7\x9a\xf9$\x97i\xc8\xa9=\xd0\x1a\x92\x1d\xd8\xfb\
\x98m\xa7\xc2\xd1\x10}w\x08\x11\xd9\xdc\xd6\x0d\x14G\
(\x97\xbb\xa0\x22\xa3\xca\x94\x0dow\xbdh\x84\xc9\xf3\
\x0f\x1b\x9ak6\xd0WO\x8e\x05\xb7\xd5\xb3\x8f\xd1\xe5\
\x91\x1a5\xee\xae\xafg\xca\xe5:\xef\x86\x15\xec\xe0U\
+\x03\xcc\x80\x97R\xaf{\x13\x04k\xbc\xc2\x91\xe4\x06\
\x19\xe6\x1e'\x0al^\xd1\xf8\x01Q\xfb)\x00\xb2 \
\xe0!\xa8!\x13\xb1\x07\xfa\x82\xe3\x07\xa2tt\xbf\xa0\
\x0bb\x9ai\xd2\x19\xa9F\xb5\xd9l\x94\xb2\xa5\xa2\xe8\
m\xcb{\xf5\x1b\x22\x1e\x9a\xcc\x17K\xd5N\xaa\x11\x0e\
\xe8:\x1a`\xc5oO#\x05\x0bj\x88\x08\x07L\xad\
\x9aV\xa6lx\xbb\xe3\xaa\xd6n\xf8\x0dL5\xd7\xac\
\xbak\xba\x16\x9dv\xdb*\x22\x17\xdb\xaa\x05k\xe52\
\xd6\x1b-\xcd\xd7\x01\x85:\xb9+\xf5y\x09\x8e\xf9\xa5\
-nHrp\x1a\x96w\x22\xc4\xb9A\xc5\x82\x82\xb1\
{.\xfb?\xe9\x82N\xe7v\x01\xe5_\x87\x10\x1b=\
\x94[\x14a\x0eh\x08\xd0\x84\xf3)\xa2\xc8KDI\
\x0f\xc9\xe4\xc9\x02\x8e8\xcaD\x03\x01\xc30;\x9dF\
\xb3RL\x8a\xa6\x17Y\xa8\xd1\xaf\xd8 \x95\x91\xadT\
\xb2M\xccA\xf7\x07\xfc~\x7f\xc0\xc0\xe0\x0e\x84n\x88\
\x1b\x10=\x05\xa96\xe0\xe9\xc4H|d\x158\x94)\
\x1b\xdaQ9\x9a*U\x9a\x08\x86\x92\xd0\xa8ej]\
\xaco#\xc7$.B\x1a<}\x03\xfd\xf43\xbbg\
|\xbe9\x1f\xdb$/q\xe3\x96\xfa9l\x80\x9c\xe9\
\xa7S\xe0\xa9 \x13\x8b\xa8h\x0d\xc39lL\xf5A\
\xe9\x84\xeb\xa4\xf8\xec\xa6u\xa3\x80w\xfbtaa\x81\
\x0bH\x17\xb9\x96\xe3\x10\xca\xcd9\xd8!\x5c\x18$L\
\xa2\xbaN\x8eH8\xe5T\xab\x9df\x13\xf5\xeaY\xd4\
\x95cn1w\xc2\xe6E\xd3\xbd\x84\x87\xdc\xa1\x80\xf1\
`\x8d\x06~\x8c\xac\x81\xcd+X\xa4\x80\x14,B,\
t\x91j\x83\xa3\x1c\x08s\xe4\xaa\x0a\x1c\xca\x94\x0dk\
\xb7\xbfi\x17\xedb\x8d\xc4A\xcd\x22\x5c\xd43\xd2\x13\
\xb9wr\xc6755:22\xb2}ddtl\
\x84kG?\x90\x8e\x1d\x99\x18\x19\xd9\xb1kzl\x14\
\xab \x97\xb8\xaf\x9e$I=R\x13\xa5_-\xab\x8b\
\xc3\x8c\xf2\xaf\x9e\xeb\x96\xaa\x9a\xd1\xe8\x98\xba\xd6\xc0 \
\x8d@\x22\x8aq\x1a\x9a\x86-P\xe1\x80\x91\xc0\x5c\xf5\
\x90\x1e\xd2\x0d\x13\xe9\xd5T\xa3\xdd\xc4\xe6\xb6,B\x17\
\xc5|\xdf\x92\xa2\xb3VN\xd8\xc8\xe7\xe5\x88\x9f,w\
\xbd\xf2\xa6&BE\x1b\x93}\x9a%1\xf0\xab\xda\xc6\
\xe0\x1e&\x07\xa8\x81&[6\x8e\x8dBx\xe4\xd4\xf8\
\x1ee\xcan\x01\x1c\xc5\xa4\xd5b\xc7\x22\x9e\x89\x97\x85\
\x132\xf7\xf0\xd8\xcd6\xc4\xee\xf0\xed\x18\x9b\x9cb\xc5\
\xb1\xb4\xc4\xee\x0c\x96\xc5#\x13\xdb\x123\x8e\x93\xc1b\
\xab\xd8\x04\x06\x98\x05N\xa3\x8a3NG\x9aD\x84h\
u\xcf\x22\x82Y\xad\xd2W\x9b\xd5\x92U\x1c\x80B2\
_\x14\xb8\xf0\x98!\x9e\xc3P\x1f|\xb3`\x05DE\
\x83\x88\xd1iW\x99\x17\x18\x13V\x11\xdfR*\xd9U\
^\xdd\x06p\xb0\xd6\x10\xbc\xc8\xf1\x83E\xf6\x81\xd2j\
\xf1\xa32e\xc3\xbb*\xc7\xed\x92\x85\x88F\xab\x8b\xd0\
D\xa6^\xe6\xa8\xe7\xd4G\x91\xe3\xa3\xba\xdc\xb6o\xdf\
s\xf7\x94o~\xc9\x9bF:\x8fa\x18\xf5z&\x12\
IF2\x11\xec9\x89\xf4\xc7\x0d{\x1c\x08J\x02\xe0\
!?\x96\xee\x06\xc6\xfb\xf1\xc3|_S\xf0>&\x16\
\x15\xd9\x12\x84E[\xecE\x08\xc3x\xc89\xfc\x11\x1e\
W\xdc\x84'\xd3\x97'\x12.\x983j\xb7]3\xa0\
\x17\x84k\xe2\xe5T<\xe5A\x04\x09\xa8\xf9=\xca\x94\
\xddBp\xb4\xd1\xc2\xe2%\xdb\x8ag\xd0\xda\x16\xac\xc5\
\xc9\xe9\x98\x9b\x9e\x1e\xfd\xf0\xe8\x9e\x8f\x16\x1d\xdb\xa7\xe6\
8);;\x87 i\x1de\x1c\xc4\x0e\x1e\xa5\x13\x97\
d\x08z\x83\xcb\x93r\x22\x97\xa0\xc5\x16Q\xd0H\xc2\
n\x09oO\xa90%JUv=$'\xb0\xd2\xc0\
\xef\x0f\x90a\xce\xb0? R\xb1X\x8ePedp\
\xe4#)_U \x07mm\xa5\x0e\xf2\xc09\x0e\x89\
\xf6\xb3*9\x80C\x88\x0e\xa2\x88j\xa8W\xa6lx\
\xfb\xcc\x05\xbb\xe1\xf4\x0c\xcd\xb5\xed\xae\xe5\xb8-L*\
\x8f`\xc5\xf4\xee\xc9\xe9\xa9\x87G'\xb8\xd2\x1c\x971\
\xb4\xc1\x02'\xdb\xc7\xb7\x8do\x1f\x1d\x99\x1e\x99\xde\xbb\
w\xef\xf4\xc3sKrl\xa0H\xbcp\xb5f\x1ci\
\x8eV\xb0e\x91\x17R\xe4\xd5\xae\xbc\x13\x05W\xbed\
9\x04\xc1Q\x08\x0eMT\x85\xbf!)\xc1\x85%~\
?\xf0\x10\xc0\xd0\x8c(o\x95\xc75\x11\x0d\x18\x81\x00\
}U3\x11\xfalT\xb3\xa5-\x99!\xbd\x19\x11\x08\
)B\x9f\xa4\x0cN\x02#\x9b\x83\xd0(\xb2*\xb0\x18\
\xaf\x8aE\x8c\x83\xb8\xb1\xa8vM+Sv+\xce\x0a\
\x9d[\xbb\x9124\xb3k\x15\x12\x0e\xf2\xa7\x08h\xe6\
\xe3\xbc\xc3\x19\xb1\xd2}\x22\xdf:\xbb\xf4\x8d\xba\x00\x04\
\xdf,\xcdG2uA\x09\x1e\x16\x9a,\xf2p\xf3\xae\
\xdd-\xd9=\xb7m\xb7\x1d\xc7q\x1b\xae\xeb\x00\x08.\
\xa0\xe0:p-R\xbc\x82\xadAt\xf0<\x0e\xba\x84\
\xc1\x09\xcd/E\x05\xd1\x22\x91\x88&\x02b2(\xd1\
\x02f\x88\x15L\x04\x18L\x11C0C\xc63\x8a[\
qS!6*\x08\x804R\x1aZot\xcc\xfa\xe2\
+Q#\xc1\xe4 \x02\xe9\xd1\x98\x08y\x90\xf6H\x1f\
W\xb5\xa3\xca\x94\x0dO\x8e\xbb\xae\x9a\x1a\xf1\xc2u\x0c\
\xbakt{\x91\x92c\x05\x89\x1c\x96\xd8\xce\x16)\x16\
\xc5x\x8bd\x90<\x90`Q,\x1eH\x16\xc9\xfb\xc8\
\x90\xaa(&#-\xabk%\xb3\xddf\xcf\xb6m\x90\
\x02u\xa2&I\x02\x8c\x13wSa\x01\x8av\x8a\x0f\
=\xefm$|H~\xf0G*e\x0a\x82@i0\
HPzA\xe6\x97q\x0cD2\xda\x9d\xaa\x08dH\
\x93\x8f\x08\x1c\xfd\x00*/A\xe0\x1c\x0b\xb1\xb0\xdas\
\x9aU\xdb\xaeV\xc9\x0fs\xe8\xdf\xa3\x89\x8e\xfe\x04f\
\xa3\xeb\xfd\xf5m\xb1P(\x17]W\xe4P\xa6lx\
\xbb\xed\xcd\x14\x1dq\xcd1M\xdb\x09k\x09\x13m*\
\x96\xd3\xe89N1R\xecv\xabv\xab\x1cl\xd5\x83\
\x16\x8f\xf3L&\x11\xfc\xa4\xf7\xf6x2R\x8fd2\
\xc1H=\xc3S\xfbZ\xc5$\xb6\xaat\xd1DO\x07\
\xb6\xd7\xc4\xa9\xedq\xea\xa3-\x86\x8c\xf2\x83\x0eVF\
w\xc4\xd2\xe8\x0e[\xa3AG\x1bO\x92\xd3\xc2\xb9T\
\xfah4\xb0u\x09\xedk\x00\xc4\x00/\x84\x93\xc3V\
\xe2!\xc77\xe4ky95H\x82UNE\xdey\
_\xact\x11\xc3\xe9a\xba\xb9\x9b2\x13\x1e7\xc4\xcc\
@\x1e\x1e\xd8\xf9\x91\xf2V\x94)\x1b\xde>u\xbc\xaa\
%t\x17k\xdc\x8cBAs{\x0e/ss]\x1b\
\xd3\xc9\xe3\x91r\xbd^G\xc2u\xe7\xbe\x9d\xbbw\xef\
\xfe\xdc\x17'\x1f\xbc\xff\xc1\xc9\xb1\x07gw?\xf8\xd5\
/LO~qrtzfv\x0e\x85\xa4\xf3\x19\x8e\
r`3uR\xd4\x8eZY\xbad\xbb|\xde\xc5\x89\
\xc7M\xd5;\xf8\xa5R\xb7\xc4\x00\xc8\xf6\x05D\xc5\x12\
\xb1\x10<\xd9\xbd\x81\x15<\xe8\xb8]\x05^\xf0\x02\xec\
\xa9\x14\xb7\xd6\x22\x88a\x1c\xc1\xfe \x9f\x88\x18s\xce\
\x81R\xc2\x19\xfa\xf6R\x9a\xa1\xeb\x09\xaeA\xc7\xc4\xc0\
\x90\xd8\xc6\x14-)r(SvK\xe4hj\xd1\x84\
kB\xcd'4\xd7\xe9b\xe2y-^.s\xf5\xe8\
\xc3\x0f\xef\x9d\xde\xfe\x11\xc38F\xb7\xe6\x90\x8eNO\
\xa1Q\x96\x8b\xc0\xe0\xd7`\x814\xb6\xc6\x16\xbdD\x09\
\xf6\xb01\x11,\x19!\xb5*\xd2\x8a\xf2;,Q~\
Q\x19P\x16BZp\xe5GG\x08\x92*\xefm\xfb\
\x102\x82\x03\x83\xbf\xfa\xeb\x11\xfak\xeb\xb1C\x123\
A\x1cL\xe3@\xfd\xa8\xb7\xbd\xcdsW\xc2\xf9\x83\xca\
[Q\xa6\xec\x16\xc8\xb1^\x0d\xc4t=\xaa\xa3\xef\x9d\
\xbc\x16\xdbbnd\xeaX\x00\xb9wjjlb0\
\x19;6\xbem|\xd7v\x94\x7f\xdd\xbd\x9d\xee\xc6\xf7\
LONr\xc7\x1bw\xb9\x91\xe2\xe0\x85L\x10\x1d\xad\
\xe2\x80U>p/6\xd0\xcbj-\xc1\x8a\xa6\x90#\
U\x08\x0b\xb6\x0e{:\x9e\xc4\x10\xb5\x1aE.8\x0f\
z\x8d*bb`\x84a!\x8d\xfe\x15u\xf9\x90t\
G<Y\xa9\xd8X6\xcd\xe5\xa3[J\xc3\xb3\xa8?\
\x5cRq\x0ee\xcan)\xce\xe1b\xab\x99_/\x18\
\x09\xd3q0\x88\x83\xc0Q_\xe6\xcd\xb1\xbe\xa9\xe9\xc1\
B0\x98(:\xdf5v\xf7\xd4\xe8\xc8\x0e\x9e\xe43\
\x8b\xac,w\xc7\xf2>\x15R\x1c\xbc7\x9ao\xfb\xd1\
K\x19\x88\xa8\x08d\xf4\x95E\x9f\x18M\xb1t\xa5\xda\
\x94NM\xa9_\x0aZ\x1cH\x9d\xf4\x9b\xdb<\xc7\xe4\
Ffd8-\x5c\x17\xa2#\x98/f\xab\x0dSt\
\xabxNJl+6\x8a\xe5\x8f\xd1\x80\x22\x872e\
\xb7dG5\x03\x05\x13\x01:_\x86\xe9X]h\x8e\
r\xbd>\xff\x8d\xd9\xb9\xef\x109FGF\xfb\xce\xca\
\x18\xe9\x8f\x09&\xc8\xb6\x91\xe9\xa9)\x1f\xb7\xbb\x89F\
7:\xb1\x00\x07\xe7g\x83\xac:\x92\x03\xb8\x10\xa5\x1c\
^\x11GI\x06:XJx\x91\x8e\x0a(\x91\x85&\
\xc9\xe7o@E\xd2\xebiK\xde\x80\x8f\x01n\xd4=\
r0;\xe8\x1e\xb5\xab\x95*\xaa9\xf4\x8fP\x1a\x0c\
\x8c\x00\xef\x8e\xa5\x07Zu]\xd5\x9e+S6\xb4\xdd\
\xf1b\x14\x81\xc3D\x1a\xad\xabi\xd3\xe9\xb9f\xaag\
[\xb5|\xbc^_\x9a\xe5a\xc5{\x89\x12\xd3\xd3c\
\x04\x8b\xd1\x91\xedc###c\xd3d{\xf15\x9e\
\x1b(<\x15L\x1amY\xdcTO\x96-\xd9%d\
Y\x88\x0e] \xa2+\xfa\xcf\xfa\xa1P\x8f\x10\x83j\
\xc2\x0bu\xf2|\xf2\xe4G\xda\xd6\x8f\xc8\x00\x07;*\
\xf5L\x84\xf5\xc6<\xd7\xbc\x17K\x9d\x86\x9f\x97.\xe9\
BZ\xc8\xa0\x06\xc7E\x89\x15h\xba\x8f\x06\xe4\xfa\xd8\
\x80\xbfzI\xf5\xc9*S6\xac\xdd~6\x17CO\
G!\x10(\xe4\x16\x0d\xd7u\x0b\xe9t\xc2\xec\xb9=\
\xbbX\x84\xc7\x11\xc4\x10\xcf\xbaW\x006\xef5\xa7p\
4\x14\xb8\xc0P\xf3V\x91Gpt\xd1\xa5o\xe3\xda\
\xed\x96P\x16\xc6E\xe1\xc2\xe4\x81\x0f&k\xc1\x8f\xb0\
\xfe\x93\x03\x8c\xe0\xdb\xd6`\x85W1/\xc4\x0b\xf9/\
\xde\xe6\xc7\x88\x00\x07*M\x82\x95R'\x15\xd6\x08\x19\
\xb1tN`b\xd05\x89&P\x8f\xca\xd8\x08\xc8\xc2\
T<\x1b\xf0_Pc\x8b\x95)\x1b\xd6>}!\x97\
\x8b\x86\xa3Q\x7f\xaaW-\xa45\xc3\xb1ML\x0e\xb4\
j5\xec\x9a\x0f\xc2\xfb\x88\xd4\xfb\x95\xa3\x88!\xc8`\
\x02\xb9\x04\xf4~\xcfi\x14\x0b\xd6\xb5m\xab\x98\x04l\
\x06\xa2\x11\xe4\xba`>W\x9cwQ\xc7=\xc3\xfe\xfa\
x$\x18\xef\x7f\xb0\xd0\xa0\xdf\x96\xac\xdd(.\x8a\x1f\
L\xb84K2\x9b[\xc9{^\x0b}c\x96\xfc\x12\
-\x1a\xe3\x81\x1br\xf8\xcf\x002t\xa12\x84\x05\xfa\
&j\xdaA\x8e\xa3\xcaYQ\xa6lX\xfbL,\x1a\
j7\xc2\xd5\x86i;\xaef\xf4Z\xad\xda\xbc\x18\xe6\
3;K~\x8a\xcf7\xe9\xf3MO\x8fn\x1f\x1d\x9d\
&\x87erjr\xd279\xe5\x9b\xa2g\xb7V1\
\xcd\x8bv\x95r$R\xc6\x8dXY\xff\x01c\x04\x09\
xH\xa4\x04\xe5C\xe9\x97\xc8\x165\xf4\xbaa\xbf|\
\x13\x85\x1b\xd5*\x0f\xda@o,\x86\xf4ha\xcd\xf0\
\xfb\xc3Z@K\xf1\x13ar:\xb0\x87V\xaciY\
X\x10\x9d\xaf\xc0\x06{%\xd0\x18~\xbf\xa6\xe1\x22\x90\
\xe1\xc7\x05\x9e\x0a\xee\x05:\xa2\x81\xb3Jr(S6\
\xac\xfdA\xcc\x1f\xd5\x1b\xa6\xdbi8v\xb0\xeb\xda\xad\
x\xb9\x8e\x99\xe6>\x14q|\xf2\xca\xe9\xf1\xf1\xf1\xd1\
i\x9ex\xbe\xe4\x85H\xeb2T)a\x11\xf7(B\
\xb2B\xa8\x90dp\x0b\x13\xa2u\xbe)\xeb6\x90~\
E\xd3\x9b\xe8\x9e74\xbfA\xc7\x1b\xc1\xcdt!\xc6\
\xbbX\xc4\x92j\xdeR\xcd{\x16xC\x93X\xb3\xb0\
\xc0{\x9a\x98\x19\x04\x0c=\xc1\x1e\x89\x1f\xd0@\xdf\x1c\
\xeb\x0bA\x0d?\xa3C D\x92#\x108\xaa\xfe\x0a\
\x94)\x1b\x16\x1c\x81\xa8\x96J\x19Z\xbbI\xfeF\xd2\
\x8ag\xb0\xa9\xde7\xb5c\xe4#\xdb\xe9'>\xbcv\
\xfa\xeeI\xdf\x9c\xdc\xac\xc2\xd8(\x83\x16A\xf6Q\xfa\
\x98\x90r\x22_\xf1\xea7xx\x17\x0a\xcf\xd1\xca\x12\
6\xc2\xa4\x22\x02F\x00\xbb\xa9\xe5\x90?1\xca\x98\xb9\
\xb0\x7fp\x89\xac \x85\x98\x8e.&\x1e{\xc8(\x84\
t\x92\x18~\xd1\xed\x82U\xd7}\xdf\x84\xbb\xe5\xfc\xfe\
\x01\x7f%\xca7\xc2W\xf1\x07\xdeS\xe1Qe\xca\x86\
\x07G\xaa\x13*\x18v\xbb\xd7\xeb\xd6j\xcb\xf3\xf3s\
\xbe\xd1m7o\xe3SS\x0c\x0e\x0c4\x96\xbb\x90\xc4\
\xe6\xd6\xb8\xa8\xfc.z\xe1\x8a\xa2\x04\x06\xf7\xac\x84I\
PD\xf5\x80Nr\xa2 Hq\x88\xc7\x8f\x1e\x92\xab\
T<\xbba},\xc6\xa1\x8b\x15\xf7Bb\x08b \
\x8c\xa1\x83\x0d\x04\x0b4\xcc\xc1\xa7\xe1^\xba\xb0\x10\x1b\
70\xc3/\xa4H`+BJ_~S\xfd\x15(\
S6,8\xfc\xfe\xb0\xae\xe9\xa9\xa6\xebv\xadZ$\
S\x9f\x9f\x9b\xda3\x048\xb6\x8d\xfad\xcd9\xc7K\
\xe3V1\x8e~\xd5\x92\x88i\xc2\x05\x11\x93yR)\
\x0d\xbe\x83?*\xa6\xe9p\x5c\xc2\xdb\x8a \xae\xcc\x89\
AZ\x1c\xf8\x00-\x0e\xf1\x86{!1\xbc@\x06c\
\x01\xb0h\x88\xb1`\x1dQt\x0a)\xc3\x91\x0d\xf4\xed\
\xfb\xf9\x17K\xd3\xfa\xaa\x83\xc1A\x08yQ-uS\
\xa6lhp\x9c\xf5\xeb\xe9\x80\x9eH\x99\x8e\x95\x8c\xc7\
3\xf5Y\xdf\xc40\xdc\x18\xdf15\xc3\x9b\x12\x22\x91\
\x0cy&\x95\xa6\xdd\xebTSN'\xecot\xe8]\
=\x1c\x08\xf1r\xf8Xn!\xbd(\xb6\xb1\xf1>G\
\xb9)v\x0b\x13\xfdu\xb1[\xc4\xe8;$\x8c\x8b\x1b\
B\x9f\x9c)a^\x10+\xaa\xdc\xc8RB\xe1i\xb5\
?dPb\xe3\x83r\x83c\xa5\xec\xa7\x84dp4\
\xa4\xe6\x16+S6\xb4}&\xe6o\xc7t\xb3`t\
\xdb\x8eUl\x95\x97\xe6|\xdb\x86\x02\xc7\xd8\xc8\x0cr\
+\xc4\x8dV\xaf\x18\xecvSn5\x91h\xa4\xb4\x84\
\x11\xd0b9]l\x87\xe7\xa5\xb1r\x15\x82\xb8\x8a\x8d\
\xb0\x07\x06\x98q`k7\x93\xa0\xc5\x16/$0\x0a\
^n\x95\xc0\xd0\x10\x83\x8ay\xb8O\xd3\xeb\x8a\xab\xb6\
y\x9a\x98\xd6\xf7H\x06\x80\xe1\x89\x0dzR\x14\x9cG\
Q\x01\x16\x0a\xbd\xa8\x92*\xca\x94\x0dk\x9f\xbe\x1aJ\
u\xb4\xb6?\x91\xd0M\xd3\xe9Y\xf1\xe5\xb9\xb9\x91O\
\x18S\xfcQA\x0el\x83\xe4\xfaMlT)\xba=\
7\x910x\x81\x9a\x9eN\xeb\x05\xb1\x9d^\xb8\x19\xbc\
\x84i\x81=\x93C\x07\xfa\xc2B,\x92=p\xe0\x06\
\x7fd\x0b\x18\xac1t]\xe7y`\x80F\x83'\xfc\
\x88\x81\x1f\x18\x9d.\xb0A\x9f6\xc2r\xba\x98H\xbf\
\xde\x80\x0d\x8c\x1b\xc3\xf3\x09\x10#\x16\x12\x05`\xb1t\
(t]\xfd\x11(S6\xac\xdd\xf1b\xd4\xefw\x1b\
\x9aY\xf0\x9b\x09\xb7\xdb\xad\xd5\xeaKs\xd3C8+\
#\xf0T\x10\xe3\xc8\x943\xb5\x96U+\xa2v\xd45\
5\x9d\xa7oi\x06\xe1\x03\xe1Op \xcd\xc9\x92\x85\
E\x01\x86\x85\xbe\x17\x22?\xe7\xafy\xbc\xf0\xaa\xb8\x0a\
\x05\x14d\xe82\x8e)\xd4F\xaa!V#\xb4\xe5R\
\x15Y\xe9\x91Ji<\x97T\xc60\xa4\xde\x08H\x07\
%,\xd3\xb2\x90\x19^\xdd(\xea\xd0\xd5\x12Ye\xca\
\x86\x17\x1c\xcfFIq\x84\xf4\x80\x11\xf2\x9bf\xc3\xb6\
j\xf1\xf2\xf2<\xb9+\xd3#7\x05\x8f\x89\xd1\xadd\
l&\x12/\xd6j\xdd\x9e\xdd\xed\xf6\x08\x1a\xaei\xba\
\x18\x83QH \xc7\xca\x93\xc5\xb1yz\x917A\xa2\
\x16C\xacV\x13k\x19YX\xf0\x02\x03\xf0\x22\x1dC\
o\x9a\x1e\xd51z\x94\xd3\xa9\x12\x01\x9a\x1c*\xd8\xe1\
\xbd*b\x8eXC\x0e$$\xa5\xe1\xf7\xb8!\x93)\
7\xe4`\xa3\xba\xf4P$6\xd2iDJ.\xa8Y\
>\xca\x94\x0dm\xb7\x9d\x8d\xfa;m\xbc\xf9\x06t\xcd\
1L\x1e\xc8\x11/\xa3pt\xc679=:22\
\xfe\x89rctRv\xba\x01\x1c\xe5H-\xdeB\xd7\
\x8a\xed\x98\x98;\xea\x9ard\xb07h\x5c\x17;\x5c\
\xb1\xb3\x80\xd8\x80\xe1\xc1:lk217\xc1G\xf1\
\x8c,\x0c7\x02\x09\xc1\x00\x83\xa1\x11\xe6a\xe8b\xb1\
\x0a\x1c\x96\x81!\xa6\x1c\x0e\xd5\x06\xeb\xca\xfd\xb2n4\
 \xe4\x05&\xa6\xd3o\xa0\xcftn\xb1G\x93\xdb\xd9\
\xe3Jo(S6\xb4}\xeaBT\xd3\x02\xd1\xb0\x1b\
H\x84ql\x0d\xb7k\x93\xb7B\xa2\xa3\xce\xb3|f\
\x88\x1e\xa3\x1f\xcf\x8e\xf1\xd1\xbb}>\xaf\xee|y9\
\x13\x8f\xd4Z\xc5\xa27\x80\xb4kc\x80\xa9+\xa7\x9e\
7R\xaeKG\x9ct\x08WX\xc8\x01\xc5\x88;\xd0\
\x917\x0c?\xafP\xa1\x7f\x83\x1e\x153\xce\x03\xdc\xec\
\xcf,a\xa4\xe0\xc2#\xd1\xfda\xf6<\xc2\x92\x22\xde\
\xacc\x0ed\x04\x06-A\x88\xf0z\xd9\xf4\xa8\x81\x9a\
0\xc3\xd0\x89L\xa4gb\xec\xb2\x5c\xbdM\x95~)\
S6\xb4\xdd~9\xa0\xa5\xfc~]\xf3\x1ba\xacs\
\xed\x81\x1a\xad\xf8rFl\x92\x9d\xf3\xf9&\xa7F\xc7\
>\xc1g\x19\xb9{r\x12\xdc`\xc1\x01_\x85~\xbc\
\x88\xa67t\xc7v\xbb\xa5*\x06\x8es1y\xbb\xd3\
q\x10\x99h\xb8$\x0eL\xb9D\x85\xf9a\x04\xf0\xc1\
Z\x83\xf7\x18\x08\x1dB\x02!$>\x89b\xaf\x8a\x5c\
\x9c\xb0\x15\xb1\x08\x8b\xf5\x0a\xe1\x81\xa0\x06/_\x91u\
]\xba\x88`\x90\xce\x08E\x13F\xca0\xcc6\x0f\x02\
\xc3\x84\x0e\x1d\xf9a\xf2\x88\xfcGU\x01\x872e\xc3\
\xdb\x9d\xd7\x09\x18\x8d\x86\xa6\x17\x12\x09\xcd4\x1d\x048\
\xb0\xb3\xbe\x9cY\x86\xde\x10\xe0\x98\x1e\x1b\x1b\x1f\x9f\xf8\
8\xc51\x85V\x95~\xbd9\xef\x8e-v\xd1)k\
w\xad\x12\xaf)\xa8\x92\xe2p\x1a\x80\x06\xdc\x17\x13\xac\
\x10U\xe1\x01\xb1\xf7\x04\xa79*\xce4\xc1B\xacN\
\x0a\xe9\x05\xb1G\x09\xcf%\xe8\x0at\xb0\xf7a\x04D\
VU*\x16\xad_\xce%\xca@\xf5(\x8f2Oc\
\x04G:\x04\x96\x10\xaa\x9a\xa5lGK\xb5\x0d\xfa_\
\x02$\xbc\x0f2\x97\xd3\xdb\x97\xd4\xf0/e\xca\x86\xb7\
O\x1f\xf7\x9bhH\xd7\x8d\x9ek\xba<\xaa\xd8\xb2\x8a\
\xad8\x5c\x95xY\xa8\x8e\xef\x88a>3>rX\
n\xc4\xc7\xc4\xc8\x08\x02\xa3^\x7f\x1b\x0f+n\xd5j\
b\x90\x0ffr\xd8%\xb8)\xae\xab\xc1\x07\x91\xc7\x1c\
\xc4\xd0\xb4DB\xac9\x91\x12@\xe7I]L\x8eB\
\x81\xdc\x08p#\xc4_@\xb4\x83\xd5\x03S\x83~V\
\x04<\xd9k\x09l\x95\x8d\xb3\xba\x00\x0f\x90\x8dA\xa6\
D\x0f\x05\xb4p\xa3Zjf\xf3\xf9`\xb2\xd8%\x9d\
\xe3\x8a!\x82\xde\xf6\xe9\xb4\x96\xfc\x95\x0ao(Sv\
\x0bv\xd7\xd9\x84\xdb\xed$4\xd7u\x13\x86k\xb8\x8e\
f\xda\xb6cw\x8b\xb5\x1a\x02\xa4\xe5en\xaf\x87\xf2\
\x98]\x9a\xe3\x09\xa4\xd3w\x8f\x8e\x8d\x8e\x8dl\x1f\x1d\
\x9bB{\xfd\xdc\xdcw\x96\x06\xdb\xdb\x82\x985ja\
\xa9\x1b\x09\x8e\x1e\x82\x1b\x18\x15\x0cT\x90\xb4 O\x88\
\xefq\x80y\xe6\xb8\x8c\x98Jpx\x16\xe2\xafHn\
\xb0\x97\xa2K\xb5\xd1\x1f\xa4\x01\x19\x02\x9a\xe8\x02\x17\x0c\
\x82\xc5Edcr\xa1\xa8\x81\x12\x8ff\xb5Z\xe1-\
\xd6\x91H>[jT\x09^\x06zb\xe4\xb8\x8e\x5c\
.\xda\x8e<\xa7\xd2)\xca\x94\xdd\x82\xddq5`\xa4\
z\xa6a:\x86n\x90\xa7\xa2\xd1\xc3\x9e\xe3\xf6\xba\xad\
x\x8bS+pY$<\x10\xc7 \xe9\xc1633\
\xe7\x9b\x13\xad\xf4\x22\xb8\x81\xe5\xb1\x19\x0c+\x0eb5\
\x02\xc9\x8d\x9ee\xf7z\x0es\x83\xde\xe9\xc9LMJ\
\x0c\x03w\xf4\x11\x90\x8e\x08\xfb&\xa0\x08>a!\x22\
\xf1\xa1\x0b<\x88l\x88.\xc6\x0d\xc7b[\xa0\xc8q\
2\x17\xe5\xa8\x8b\x0b9\x9d\x14I\xaaSjv\xb2\xa5\
J\xb2\x22\xa7\x0a\xa2\xc3\xaeR\xaa6\x1a\xae\xa1%D\
\xcb\xad\xd86\x8dU\xf5\xc1\xef\xfc\xf9\xafT\x5cT\x99\
\xb2\xe1\xed\xf6\xd7\x02~\xb7\xe7\xf6z\xaef\x98\xa6\x09\
\x1f\xc24\xe9\xc0[-\xab\xc5\x92#^^^\x16\xe0\
\x00;f\x05'\xe4\x1d#\x83w\xd4\xd7\xb1\x8c\xa9L\
\xdc\xc0v\x84`\x1c\xdb\x98HoT\xb1\x07\x89|\x15\
\xd3!\x19\x03p\x80M\x80G\xa1\x10bD\x08l\x14\
\x06\x0cu\x1b\x89\x90P!1|\xc4\x04\x22<R\xc8\
^{Y8\xb6 +Ar\xe4\xb1t\xb2\x95R\x11\
S\x09\xf3\x99H0#\x86\x97\xe6\x8b\x95R\x87\x9c\x22\
\xe8\x19\xd4\x9f\xa5\xd3\xa2\x06U\xbcT#\x93,\xdd\xa5\
\xfe\x04\x94)\x1b>\xc0q\x1d\xb9\xcd\x9e\xdd1\xc9\xa5\
05\xcd$\x848f\xd7\x22nX\xa0\x06)\x08\x81\
\x8d\xa5\x1b\x88!\x86\x13{\x83\x04\xe7\x973\x04\x0eL\
\xe0 y\x12\x0f\xb6\x8a\xb5V\xb2\x85\x97\xe8a\x0f\x12\
\xe4\x8b\x03/\x01r&\x91\x10\xc7\x98<\x06h\x88X\
\x8c\x11\x91\xee[N\xf8\x10iA\x88>#\xfaw\xa2\
=\xee\x80Wj\x9a&\xf4\x18\xe1p\xa3\x94\xcdc(\
j\x92\x1d\x131H\x10\xed\xfb\xd5N#l\xd0\xab\xc7\
\xe8W\x08\x12\x15D!*+\x8ft4\x96\x8b}F\
\xfd\x0d(S6|\x80\xc3\x1f%Xtm\xc3p\xe1\
\xa3\xb8\xe0\x86\xe3ZEx)$ \x96y\x9a\x97p\
S\xb0ben\x96\x9d\x939Om\x08[\x16\x13\x03\
y\x0c`\x90\x1d\x15\xfa\xf1b7\xd9\xeafmvT\
z\xae\xc3\xbe\x0aB\x0cbg|Z\x94\x80\x11\x1f\x0a\
1\x89\x08\x09\x0a\xaf\xf0\x9c\x11\xc1\xb2\xe2\x007\xae\x88\
\xe1\x1b\xa2\x1e=\x16B\xb5i\x8c\x98\xd1\xeetJ\x15\
\xb8%\xb8\x14\xf3\xbc\x82Z4\xf27\x1aa\xbf\x08\xbd\
\x8axJB(\x9a4W\xa7\xb2\xc7\x82\xdb\xb4\x02\x87\
2eC\xdb\xa7\xae\x1a\xa9\x94\xd3j\xb9&v\xcbc\
+\x82\x03/\x85\xb4F-R\xe7\xe2\xaf%\xe6\x05*\
\xc0\xa6|\x93dS\xd3\x93\x983:\x87I\x81s\xb3\
K\xb3s\xd2[!w\x05\xebZ\x83\x91x\x8b\xd8Q\
,\xb6\xacn\xb1\xdb*\xda\xf4\xca\xa8<\x87\x13\x94\x10\
\x07\x97N.\x8e\xad\x00\xc7B\x7f\x04\xa0\xa0\x85D\xc7\
\x22\xcf\x06\xa4\x93\x1d\x83\xfaH\x17\xa2\x01\x14q\xa1A\
E\xd3\x1a\xedv\x13\xfb\xa8\xdbU\x8c\x12\x83\xb4\xa0k\
\x92\x15\x86XW/\xaaH5\x94\x916Rh^1\
M\xb1\xfdQ\xfc\xca4\xffz\x8c\xfe\x89\xc5r\x0a\x1c\
\xca\x94\x0do\x9fi\xd2\xd9\xb6Z\xc5.\xea\xb4\xc8\xbb\
\xe8\xb6\x10\xd3 \x0c\xec\xbbwvV\xd4oLM\xa3\
\xde|\xec\xc6\xb2\xd1=\xe3\x13{F\xc6F\xa6\xa6\xc7\
\xa6\xf7\xce!^*F\xf8 6Z\xc6\xa2\x84\x9a\x85\
\x17$t\x90\xdf\xe3\x90\xeap5\xd7\xe4\xa3kH\xbd\
A\x82\x03\xd1\x8d\x9c\xd0\x19\x90!i\x16\x1e\x85P!\
\xaa\xeb\xb2e\x1e\xcb\xed\xd1\xfb\xca\x0d\xf3Y^\xc7B\
\x84\xa0\x8fbVlc\xf1v\xc2\x01\x17%\xde2\xcb\
}+\xe2g\xc4\x868zJ\xd4\xbc\xeb\xc2'\x82\x0f\
\xb4 \x92*\xdcE\xa7\xc0\xa1L\xd9\xd0v\xbd\x15\xc9\
\xb4\x22-\xabV+g0\x9dx\x99\x9c\x92\x99\xbd3\
\x93c(\x07\xbd\xa9a\xa3\xdb\xa6}s\x02\x1c\x10(\
u\xc49\x82\xadb\xbcUl\x15-+Y\xe9\x96\xec\
\x9e\xdd\xac\x96\xaa\xedF\xc2\xc0{\xbf\xab\x89b\x0e$\
V\x12\x9a\x16n\xa0\xa8\xc3\xc4q\x0f\xa3O\x8d\x94\x04\
\xb9\x19Y^\xd3T)\xf2\xf2\x03\xf2?*\x04\x8d\x22\
\x8f=\xc7N\x04l\x87\x14\xdb\xdf0\xe1\x18s\xd0\xdb\
\xf4\xf2`\x8c\xd8\xf6\x04\x98\x14\xf3rDa\x1b\xae\x12\
b\xbe:\x0f'\xcc\x09\x81\xc3\xd8X\x80\xa6)\xa9?\
\x02e\xca\x86W\x1c\xc1V\xa5\xd8\xcav\x8bq\x9eK\
^\xc7B\x84\xbdc7\xdfM\xbfglrn\x12A\
\xd3\xb9z\x06\xd3F#\x91Z9\xd2\xc2\xaa\x95\xa0\x18\
M,f\x12WJB\x04`\x91[\x93\x15D\xb5\x99\
\xc5\xb5\x22\x06\x17\x03\x14\x95dP,\x99Mn\x0d3\
\xce\x02\x12\x18\xb7\x01\xf1\xc1\x13z\xda\xd5\x0e7\xd3s\
s\x1b\xf7\xd5\xf3Jj\xe0\x02\x01\x8e\xa4|\x05^:\
i\xd1o\xe6\xcc\x0e\xf2\xc0i\x19n\x15\xc1\x8d\x9cp\
\x90r\xb9\x0b*\x1d\xabL\xd9\xf01\x0e\xbb\xd7q\xb2\
\xa5^-b\xc5#\xadr\x06\xb1Nt\xc4N=<\
}S\xed\xf4>\x9f\x8f\xd4\x06\x22!u\x1e\x1bX\x8f\
\xc4y\xe33\xe2\x1d\x11^\x85\x80:\x8a|\x90\xe4\x03\
\x12\xa5\x90\x10Eq\xb69\xf1\x01H\xe4\x93\x1c\xa6\x90\
AMv0\xd0\xd2\xc2K\x12x\x80h\x03\xfd\xf3h\
cK\x89a\x80\xb2Q%\x9cj8\x18\x16\x98\xed\xaf\
\xa4\x16\xb3\xd4\x83[[\x22\xe9\x15\x9bU'\xec\xe7Q\
 i\x91\xd4\xe5\xe4\xcd\xa2\xa8\xe6\xa0'^T\x05\xe7\
\xca\x94\x0dm\xc7\xdb)Csl\xb3\xd5\xc5\xe6\xc6V\
\x8b\xcbE3\x5c\xb0q\xef\xdc\xd2\xbdS\xd3S\x93\xd3\
SSX\x15\xbb}\x04611\xb6}b\xdb\xc8\xc8\
\xb6\xa9\xe9\x11\x9fo\xaf\xf0R\xc4\xde\xd8\xf9ylp\
\x8dd\xe6\xeb8\xc0qy\x8a\x83I\xec},\xe6\x07\
\xac\xb2%(\x84\x08\xc1\x8e\x04\x0c\xeej\xf0|\x0dn\
\x93\xe7\xb9\x1a\x98\xd7\xc5=\xf2\xdci\xaf\xeb\x89@\x94\
[d\x0d@\xa3\x03\x09\x93\x15\xd4\xf8\xc0\x0a{\xb1E\
\x12\xa3\x92;)M\x17\x19\x9c\x1cn8\xaf\x12\xf3r\
\xbe9\xaeLWA\x0ee\xca\x86\xb6;/k\xd1@\
\xdb4\xedv5\xd1+\xda=;\xd8\xb5\x8b-\xab\x16\
'\x80\x10\x03\xb0\xe61\xc3\xe9\x95\xf9\xfa\xec\xd2\xfc\xac\
H\xb2 \x8dB|\xa0/\x07\x83\xe4\x93 \xf9Zk\
u\x8bV7k%[Hpt\xab\xddn%\xdb\xed\
\xcae\xf4Y\x84$\x18\x10\xa5j\xbbY\xe2\xb9\xa0\x1d\
\x1e\xd9E\xa0\xa8\xf6\xa7\x0a\x87\xe5\x0c\x9e\xb0\xd8\xb9f\
\xa0\x91^\xf4\xbeq'K \xe0G\xf3<\x8f%\xe6\
\xdd\xd5Y\xe1\xe4\x14\xf3\x1e5\xe4\xb28 \xab\x92m\
\xb6\x1b\xfe\x04/hI31\xd2\xb2\x96\xa3\x80E\x0a\
\xa8=\xe5\xba\xd3X\xfa\xbf\xaa\xdeXe\xca\x86\xb6\xdb\
\xafGcZ\xaag\xe8\x05\xa3c\xe8\x86a8\xa6\xd1\
sI}\x10\x02\x90\x97\xc5\xa2\x83z&X\x8cp\xad\
F$\x83-K\xc5`&iY\xd9V\xb0\x88\x85\xb1\
\xdd\xae\x9d\xed\xd9\xddf\xdb\xa96\x9cJ\xb5GB\x00\
\x937\xbc\xa0e\x95x\xd1\x80\xdf\x91j4\xdam\x04\
&:rR\x97\x98\xa4!\x1a\xeb\xfd\xbc<\x89\xae^\
\xc7+\xdaY\x02\x86\xf7D\x98\xc7\x8bb~9\x18\xc4\
\xab\xee\xf9\x82\xedN7\x88\x0dN\xcb\x22\x14\x9br5\
\xee\xc2E\x9e\xd9H\xc8\x9cJ\x81\xcb\xcd\xf4\x04O\x5c\
\x079b\xa1X\xee\x82\x22\x872e\xc3k\x8e\xe3\xfe\
\x90\xd6`1\x9fK'riMO\x1b\x09\xd3q\xaa\
\xb6\xed\x9a=\x0c\x00\xb4Q>n\xd5,+I\xc2\x22\
I\xbe\x07\x92\x1eH\x5cTH]`\x0d\xbdE\x18\xa1\
\xf3\xda\xb5l\xbbd\xdbM\xdbv\xda\xed\x9eC\xba\xa2\
\xe3`\x880\xc6pp\x9e\x94w05x\xca_\xaa\
!\xd6%a\x9c\x0f\xa8`j)~\x82\xc3\x9dr\x18\
\xa0\xf8\x111\xc0\x9c\xb3(\xdd\xac\xc8\xc9zV\xcar\
tc fR\xa9\xe0{\xba\xcd&}\xd5\xc2\xbf\x8c\
\xb9\xd6s0\xb8'AX\xe4\x9e\xba\xad\xfd\xf5!\x1e\
X\xfc\xa6\x9ao\xaeL\xd9\xf0\xe4\xb8\xebl!j$\
r\x8b\x85\xc2b\x81\x9c\xff\x82a\x1a\xc8`\x9a\xdc\xd8\
\x0atX(\x05%\xaf\x04Y\x97\xa5\xd9\xd9\xa5\xbf\xda\
\xb7s\xe7\xce{g\x11H\xdd\xb74PD\xca\x92$\
\x1eO\xd6\x8a\xad$\x1c\x17\x11\xea,\xf1j\xf9\x92\xb7\
\xb9\x80uH\x95\x13%\x84\x04\x5c\xc4W\xc4w1\x18\
\x06\xe1\xe0}V\xf2\x0a3<c\xe5!\xc0!W\xd6\
\xf77\xd7\x07\x83r\xdd52;\xd8Kk;\xa6\x8b\
U\xdaFb\xabQN\x0c\x0d\xc4C\xed\xb8\x22\x872\
eC\xdb\xa7\xef\xba\x9a0\xd2\xdc1\x8a\x5c\x03I\xf9\
\x04\x9ae\xbb\x96U\x13\xa1Rn\x89\x9d\x99\x9a\xde>\
\xfa\xe12\x8e\x89\xf1m#\xdbF\xb6\x8f>\xcc3G\
\x05<\xe2\xc1Z\x10\xf9\xd0l\xa5B\x1e\x8dg\xc2\xb9\
\xf0\xa4\x02\xa2\xa32H\xda\x7f\xe4\x95sU\xc4\xb7\x8a\
L.\xe7nE\xf4T\xcc3g\x8fE\x86E\x93\x1f\
\x08oD2}CJXD<\xc8\x7f\xc9\xda$;\
L\xee\xe3O09B\x0c\x0e!=\xa2mE\x0ee\
\xcan\xc1\xee\xba\x90@m\xf7bLTS\x16\x88\x1c\
\x8e\xddm\x114\xea\xcb<\xb0xjj\xfa\xe3\xa7\x15\
\x8fOl\xdb3\xcd\xb3|\xb8x\x14g\xb5\xd6j\xe5\
[\xad\x22'T\x06\x0d\x8e\x8d\x00\x84|\xd0G\x86\xc0\
DV8#\x9e\xb8\x90\xa5\xa0\x9dF\x1b^\x8e\x5c\xbb\
$+6\xf2\xa2A\xa5\x0f\x0d\xa6E]@\xa3^\x1f\
\x04H$Y)\xa1\xc1\x9fkW\x056x#BL\
4\xe8\xc7\xa2\xfe\xce%E\x0ee\xcan\x85\x1ca\x22\
\x87\xd8g\x92K'\x5cWc\x0f\x05\xc5\xa4\xc4\x0d\xdf\
4*\xce\xb7?2\xf1\x81\xd2\xd1\x89\xf1\xf1\x89\x89\x89\
\xe9\xbb\xa7&}bR1\x0e,6\xd4'\x93\x04\x0e\
2q+\xad\xcf\x8e~2\xb6/@npe\xa4?\
\x03}!\x96\xa5\x08\x81\x01\xbf\xa4X\xcc\xe7?\x98x\
\x1d\x10\x1aua\x19\xben\xe1#\x92,\xc2Y1\xa5\
\xd6\x08m\xc58b\xc2i\x89\x06\xaa\x97T\x84T\x99\
\xb2\xe1\xbd\x95\xe3Z4\x84e'\xd8\x97T \xbd\xd1\
\x93\x9b\xa7\xc1\x8d?\xdd;5\xbdm\xdb\xe8\xde\x8f\xd9\
\xcf42\xb5w\xc6\x1bq.k\xbf\xc8WI&k\
\xf0#Z[\xd0\xf0p1\x00\x0a\xde\xbc\xc6\x91\x0e\xb1\
\x8b\x8d\xd3&M\x19\xec\x807\x22\x8b\xbbDEhR\
\xcc\xd8\x18`\xc6\x005\xea\x036\xf8\x09a\xa3\xd2\xec\
\x84\x13z\xa8 \x991\x10\x19\x95\xf3\x06\x89\x1c\x9d\xe3\
\x8a\x1c\xca\x94\x0dmw\x9c\x0d\xf4\xeb\xb0\xd1\xc3\x91H\
hn\xbbd\xe5\x83\x19\x848x\xec\xd7\x8c\x0fMo\
\xdb\xc9FF\xc6P\x1262\x86\x85+\xd3S3>\
\xb1S\x85g\x9c\x135\xe2I8)\x04\x09\x11\xdf\xe0\
\x18\x053\x81\xe9\xc0\x93\xce\x99\x15m\xb9\xee\x15r\xa2\
\xd2\xaf<\x07#\xf22x\x81*\xd0\xa0,\x09\x0d\xde\
(5\xb82\x15z\xe3Fj\xcc\x0f\x22#H\xcc@\
s}Hh\x8b\x01\xa5\x11\x13\xfb\xed\xc5\xa8R\xfa$\
\x14\xe8\xac\xab\x19\x82\xca\x94\x0d-9.\xa41I+\
\xcd\xeb\xd5\x0e1?\x0az\xa2P0\xdc^\xd5\xceZ\
\x9cSA\xb8\x91\xa3\x08rF\x07F\xf8,\x89\x93\x9a\
A\x1d\x18\xfc\x13\xab\xdb\xb3\xab\xbd\x9eSEoY\xa3\
\xd1p\xda\xe2\xc6\x81\xc7!\xb6\xc9#\xcb\xc2\xa4\x90\xa9\
\xd4J\xbe_\x84\x11\xfcH\x93O\x0f\x96\x93\x0b\x01\x92\
\x07J\x22}v\x88\xb1Bp\x98\x22A\xae\x1a\xf5G\
\xb7|\x92-d\x84\xf4\xa8\x9c\x91.\xb6\xd5sn%\
\xea\xef\xac\xab\xae\x15e\xca\x86\xb5\xcf\x84\x10\x1d5\x0a\
\x8b\xe94\xdd`\xae\x9fabj\x97\xe3\xb6\xb9\x98\xa3\
UC1X\x1c\xe7\xb4VK\x06q\xc5\xd8\x1eT\x98\
\xd6d\xb5\x84M\x8c\xc1\xc8/\x17\xd8\xe8\xf5\xda\x22\x94\
\xc9\xa1\x09\x11\x9d\xb8!@\x11\x89\xcb\xf8\x84\x00C\xe4\
F\x1f\x04V\xf3\x84FR\xb4\xaeq\x95(\x0a\xbc\xa4\
\xcb\xc3i\x15\xf8+^@\x14/\x96\xcf\x96:a?\
\xf6H\xf3\xec\x8d\xd8\xa0a\xf3#\xef\x83\xd3\xb66B\
\x06\xc4\xa6&z\xfe\x82\x0a\x90*S6\xac\xfd\xc1\x8b\
\xe9\x90\xbe\x980s\x04\x8d\x9c\xdes\x12)\xb7G\xc7\
\x9d'\x81\x05\xe3\xa44x\xaa\xcf,L\xd4m\xec\xeb\
O\x00\xf3v0\xd5Z-\xf2R`\xc9\x96\x8cFD\
\x06-~\xc3g\x92\x1a\x11I\x09\xe1\x8fD\x84\xb0H\
\x16\xbd>\xb5\x0a\xc7F\xb2\x95l)[\xaa\x96\xaat\
\xe1}\x8fb\x03$\xfa\xaf\xad\xe0\xbe\x00\x00 \x00I\
DAT\xe8E\x8c\xb5\xd9\xe9\xb4S\xfe\x80\x1e\x8a-\
b\x08\x10w\xcecT\x0f\xb6\xd0\xc6\xc4\xae\xd8D\x22\
\xe0\x17\xfb\xeb\xbd]\xb2}\xd1\xc1\xfb\xa7\x03\xfe\xe3J\
r(S6\xa4\xdd\xfe_\xd1\xf8Up!9r\x05\
\xdbj\xd8\xad87\xcb\xce\xcd\xce\xce\xec\xf6M\xfa\xb0\
\x16ad\xc0&FF\xc6F\xa7\xa7\xa7\xa7\xa6\xa6\xf6\
><\x07\x9e\xf4\xf7#\xc8\x1a\x8aL&\xf2\x91\x16\x14\
\xd5\x15\xc2\xe2\x92\x19\x10#\x18\xe4%b\xa9RRd\
E\xd9z\xaa\x81\x1dl\xfeD\xa2\xa0\x87\xb8\xdaD\x0c\
(\xce\xc5x35O\xd9\x10+\xef\xc50R\xee\x9c\
\xe7\xad\xd5<\xf98\x11\xe0\xa5o\xfd\xadM\xfe\xe8\xe0\
\x12j?!\x03\xbb\xeb\xe9\xf6\xaa\x8ar(S6\xa4\
\xddy\x15\xd5_\x053\x91^(\xd8\x8e\xdb\x8a\xd7\x10\
\x16\x9d\xf3=<56\xfe\xfb\xdb\xebG\xf6\xfaf\xe6\
fE\xc0\xa3_>!4F\x1c\xb7\x0c\x88\x0fD.\
\x92^\xd0\x02\x91\x8e\xe2\xc0\x00\x0e\xf4\xd57L\x9c\xf4\
\x84\x9e\x88\x92\xd3\xe1M-&,\x1c\xd8\x7f\xe0\xc0\x81\
\xfd\xfb\xe9\x02L\xb0\xed\xdf\xcfw\x87\x0e\xc9\x09\x1b\x00\
\x06\x96\xc5bs\x93_\xf3\xcc@(T\xac\xbb\xf7\xdf\
\xb0\xc0^lsB\xb0\xf4\xec\x1f\xa8?\x03e\xca\x86\
\x05G\x9a{U\xe8m\xddp\xec^\xabL\x08\x98\xf3\
\x8d\x8e\x7f\xec\xe4\xaf\x0f\x14\x81M\xcf\xcc\x8a1`u\
Oh\x0c\x84-\xbcPE\xd2k\xac\xcf\xf6\x07\xfe\x95\
J\xd5v\xb5\xd3q\xb8\xdd\xcd\xaf\xa5\xb4D(\xa1\xc7\
01\x83e\x04\xb3\xe2\x07?\xf8\x01]\x05!\xf6\xc3\
\x041\xf0E\xb6\x05\xa1@\x84\xc4\xe0\x85\xf7\x86\xd0\x18\
\xb2\x95N\xf0\xc1\xef\xed\x7f\xeb\x8784o\xa3=+\
\x0e\x05\x0ee\xca\x86\xb6O_\x88\xc50@\x98\x1c\x02\
\xd3m\x16[q\x92\x1b\xd37?\x09l\xdb\xc8$\xb7\
\xdbs\x882\x8e\x80\xa7\xcc\xa6\x8a)`\x82\x13\xb2|\
\xbc\xdd\xe94\x00\x09:\xddz,T\xe0Jw\xb8\x1f\
(#\x81\xae\xf0\xf0@\xb8\x90\xd7\x1fl\xd1b\x00\x16\
Ra\xc0-\x89\x85x\xe3\x1b\xf6Cb\x155\xf7\xd2\
\xa2I\x0e}ta\xb9\xc2\x9e\xae\xac8\x00\x0ez*\
 \xe5\x06\x87G\xa3x|V\xcd\xf4Q\xa6lX\xc5\
q\x81\x9c\x82\xc5\xb4\x112\x12\x9a\xe9Z\xad\xf2\xfc\xec\
\xc3#\xbfWhl)\x8e\xb1=\x93\xb2\x90#\x12)\
\xb6\x08\x15\xd9l\xa5Y\xcdrk,\xba\xdc1\xc3\xcb\
\x1f\xd0\xfc\xd1P(&\x06\x8dc\x90\xb9\xe7w\xd0\xcd\
\x0fXW\xfc'h\x8b\xff\xf4\x83\xbem\x09\x0c\x81\x8b\
Cb}\x82\x18\x01H\xaf\x83\xbdN\xd1D\xc0\xc3E\
\x03u\xe9\xdc\xfe\xd6,\x81P\xa9\xfe\x22{M\x1b\x0c\
l\xf85\xcfY\x09\xc8\xd0(\xdd\xbf\xa9\x82\xa3\xca\x94\
\x0d\x0d\x8eP(\x94\xd6\xf5\xb4n\xb8)3\x1b\xa9/\
\xf9F\x86\x10\x1c\xe3c#>\xcc\x0f\xcc$\x93\x91|\
\x93\xd7\xb6\xd2Q\x0e\x04\xc2\x81P4 ZC\xd2\xbc\
\xb0\x91\x1c\x10\xe1f\x90\x07\xc2b\xe2\x83\xd6W\x18\x83\
NI\xdf#Y\xf4\xc2\x18X\xe5\x848\x06\x86\x81a\
T\x87W\x96\x9e\xe5V\x97\xaa\xa8W\x17rC0C\
\x1bH\xa5\xc8h)R*\x9cr\xe1(\xc7Y\x95\x8e\
U\xa6lX\xbb\xfd,\x9d\x9d\x82\xee\x0f\xe8\xa6cW\
\x92\x91\xfa\xdc\xd4\xb6al|z\x0a\x9eJ&R)\
\xd9\xd9f\x96\xbc\x04#\x81dhna1'w,\
\x1d\x101\x8b\xfd\xd2\x13a,\x10&\xf6K\x8f\xe4\x06\
;\xc0Q\xd0\x03}\xafd\xcb)\xe1@\x86\x1e\xe5\x01\
\x82b\x82`St\xbe\xd1\x059[\x8c6\x16\xceP\
\xdfG1\x18\x17\x01Ou\xf0\xa0\xb1\xb0&*8B\
!Yx\x1eU\xd9Xe\xca\x86\xb6?\xf4\xfb\xb1\xd9\
\x19\xab\x1aSY\xab\x96\x8c,\xcd\x8co\xdb6q\xd3\
\xbe\xca6\x8eq\xccg2\xc1n\xd7\xcavM\xcdL\
\x108\xd2rW#\x01caa?\x5c\x93C^*\
\x84\x08\xb2\xff\xd0\x81\x01LxA\x8c\x81\xb8\xa7\x87\x8c\
E\x11\xc7\x10\xdb\xeb\xa3\xd1D4\xc1\x83\xc1x\x92q\
\x93\x07z\x90\xc8\x10\x9dq\x98p\x1cN\xc9\xb9b\x83\
\x85^\x5c\xf9\xe5\xd7\xa4\xe4\xf0\xea\xbe\xbc~\x95P\xe8\
\x82J\xc6*S6tl\xf4M\x92\xed\xfeh\xd5N\
h\xa6\xd9ht\xe3\xe5\xcc\x92o\x98\xe0\xe8\x18\xfa\xea\
E{l\xab\xdb\xb3\xed\x9eYH\x1bf.]X<\
D\xeeI\x7f\xef+3a?\xddp:\xf5FO\xc4\
\x8bbx&\xdc\x12\xb1%:\x86i\xa1\xc4\x0c\x1e=\
J\x18\xc0\x80\xd2\xb0\x86Z\xb0\x8e\x04F\x87\xd7\xb2t\
\xc0\x0c`C\x80C\x93\xc9W\x84@E\x02%\xc1\xb9\
\xd7\x90\x88\xa6\xe2Y?w\xb1D/\xa8\xc8\xa82e\
C\xdb\xa7\xfe\xbf\x94_\xeb\x84K\xedD\xc3q]\xcd\
n\x951\x88c\xef\xf6\x9b\x06\xc7\xa8P\x1c\xf3X\xe5\
V\xec\x16k]\xd3\xd1\x13&\xb6 -\xa4\x0b\xc8\x96\
\x14\x16\xc4fG\xafNK\x90d\xc1[\x1a\x9b[\x94\
\xdb\xe8\xbd\xad\xf4b\x8f\x01j\xbc\xe0\x9a`\xba\x90\x9e\
\xf0\x07\x12\x01\x1ef\xec\x17\xe0\x80\xb4H\xf1\xb0\xc1F\
\x7f\x94\xa9\x9c\x8f\xceU\xa2\x88b\xf8\x8d\x80`\x8d\xd7\
\xd1\xc6f\xf0V\xd9(\xb1\x83\xf5\x86\xff\xb2\xe2\x862\
e\xc3\xdb\xd3\x81p\xa7\xe3\x0f\x85Q\x09\xa5\x99\xaem\
\xb5\x22\x8c\x8e\x19\xdf\xf4\xd8M\xb8+\x13#\x9333\
r\x9f[\x06+ \x8b\xb6\xddu\xcd\x84\xc6B\xc1\xc0\
r\x02\x9dTCBG\x098\x17|\x22\x1d\x82%\x90\
\x09\x14\x83\xf3)\xc6\x86H\xb8\x22:O\x14\x8eI\x95\
\xc1B\x03_e\xbd\xa0\xf9E\x15\x86$\x83 \x87\xe4\
EJ\x94l\x84\xfd\x03\xfe\x89\x1f\xa8\x09H:\x08C\
)i \xca\xe0\xd09h\x1b\x8a\xeag\xefR~\x8a\
2e\xc3\xdb\x1dW\x03\xba\x1b&\x9f?M\x07K\xab\
\xda\x96\xdb\xb3\x8a-1\x90c\xe9\xde\xb9\x99I\xf4\xd3\
\x7f<A&F\xa7}\xdc[\xcf\x05`\xf18q\xc3\
\xc2\xae\x057e\x9a)\xb7\xd101\xf2\x93\x87\x0f\xb3\
\x22\x90:\xc1\x9bu\x9eb\x09\xa1a\xa7<{\x12\xba\
\x1e\x12\xc4\x08\xe1\x01\xf3%!M\x86*d\x0d\x97\x16\
\xf6,ucD\xc3\xef7\x0cY\xda%#\x18\xa1X\
\x9a\xf0Ar%\x900\x12\x86\xdc@)\x87\x8fF\xaf\
\xaa|\x8a2e\xb7\xe2\xa8\x5c\xa67f\xec1\xa1\xa3\
\x94\xd0\x0cz_7\x1c\xa7gc\xe6h9\x93\x99\x97\
\xd3\x03GG>\x96\x1c\x8f\xec\x98\x9e\xc2\x140\xeei\
\xaf\xc5[V\xd7*\x95l\xb1\xea\xd1\xb6J\xbdR\xd6\
\xc6\xa6\x93N\xbb\xed`\xb4WGz\x16fX\xd6Y\
`?\x02\xc0\x81!]\xe0\x06\x89\x8dPH\x5c1\xb5\
\x0b\x15\xe4\xd1@\x02\xeaD\xf0 0P\x90\xe1\x0f{\
\xd0\xd0\xbc\xb6\xb5P\x9f\x17\x05\x22\xa1\xaeG\x8d0(\
\x93\xd2:\x0d\xcd4\x13&qF',\xa1\xa0$]\
H\x1dWn\x8a2e\xb7`\xb7_\x0e\xd0\xa1\x0a\x14\
\xf4\x84A\xa6\x19\x05R\x1d\xa6c\xf7\xacZ<\x829\
>s>\x82\xc6'w\xac\x8c\xc9\xa1\xa3\xf3\x10\x1c\xc1\
Z\x11C\xce\xedj\xa9\xdb$\xf5\xd2Eck)[\
%j4:N\xbb\xd3i7\xdcT\x98\x8b:\xc5\xee\
%P#\x00\xb9\xa1\xf3\xfa\x13\xbea\xd1\x11c\xd9\x01\
\x98D\x91L\x09\xf4\xb9\x11\xf0{\xec@u\xb9\xdf\xef\
\xe9\x0b\x1d\xa8\x89\xa1\xfd\x8d[c\xc9\xef\x2225\x1a\
\xcdR\xb5Y\xa4\x7fD\xa7]uS\xae\xa9\x05P\x81\
\x96\x8e!\x90\xe2?\xfa\xab;\xd5_\x802e\xc3\xdb\
\x9d\xeb\x1d\x7f\xbbM'\x974<\xbf\xefc\xa1\xbc\xd9\
\xebvm\xabU\xae\xcb\xf9\x81s>\x9fo\xd7\xf4\xf4\
\xd8\xf8\x9e\x0f\xa7hG\xa6\xa7'g\xe6\xc4\x08\xb0z\
\x04\x1d\xf6\xc5\x96U\xcc\xdad%\xcb\xcavy\xf2W\
\xcf\xc5\x8c\x8e\x86+\xd6\xaa\xc8 &\xbb\x14\x04\x0d\xf6\
E\x10\xff\x141\x0e\x8c\xf9+\x88\x10\x07;+\xac\x1a\
\x84y\xd8\xf0\x1c\x11\x11\xf1\x14\xd37\x04\x0br\xe9\xc5\
\x1c\xfd@\x82^\xbe\xd1i\xf3l\xb1d\xb0TJ\x06\
\xb3U\xbbcj\x84\xa0\xb4\x5c?\x9d\xcb\x15:\x97\xee\
P\xe5\x1b\xca\x94\xdd\x82}\xfax\xb8\xd3\xe8\x84\xf5\xb0\
\x93\xd04P\xc3\xc4r\x04\xbbg\xb7\x88\x1c\xe5r\x0d\
\xc3\xb5\x08\x09\xdfY\x9a\x9b!|LNN\x8f\x8d\x8e\
\xee\x19\x17\xf4 \x8a\x8c\x8e\x8eb\xf3\xf4wf\xb1\x18\
\x12\x15\xe7\xb5`\x1c\x9b\x90\x8aD\x8dl\xd6\xca[\xd5\
\xb6\xeb:mr}HqT;\xa6I\xef\xf8a\xd3\
\xd5\x12\xd06\xa4q\x12\xc2CafDY]\xc0Y\
\x89\xb1\xe2\x08\x85\x98!H\xc3F=JlE-\xbc\
ul9\xce\xcc,,,\x1eZ\x8c\xa5\xe9{\xfd\xa9\
F\x9b\x9c\xa4\x8aX\xd4\x84%\x95\x91|\x96\x04\x8f\x8b\
\x8d\x901\xd1\x95\x8f\xae\xb8\xc5t\xa0\xf2\xe7*\xbc\xa1\
L\xd9-\xd9]g\x8d\xb0\xd9\xd6\xf4\xb0i jh\
\xe0d\x9b\x8ec:\xc4\x0d\xabVk\xc53\x99\xe5y\
\x04I1s\x83\xe11C\xf2cr\x123:&'\
9\x9b\x02\xb5\xc1\xf3>\xd1\xa9Rcjt-\xbb\xd7\
#\xc9\xd1s\xe9\xf5\x5cB\x87\xeb8\x1d\xc7i\xb8&\
\x1a\xe6\x0d\xde\x8d\xe4)\x0d\xb1\x1dV<\x14\xe4\x90\x93\
\x85\x05IB\xba\xe4DZ\xa6jY.pC\x1c\x06\
\xf6\x88\x09\xcb:b\xa5\xd1p\xb5\x99\xcdV\x82\x99$\
\x96'\x04#\xc9d\x84\xa7\x08V;\x8e\xa6{\x90\x91\
b\x03C\x04\x82_\x7f\xee\x92rT\x94)\xbb\x05\xbb\
\xed\xac\xd6\xae\x9a)\xc3\xd48\xdb\xe0\xf44:\xe7b\
\x85[\xabeab`\xb9\xbc\xbc\x5c\xaf/\xcf\xf3\x08\
0l\x9d\x16\x9b\xa7\x97\x96\xbe#n\x055\xe4N\x13\
\x02G\xcb\xb2,\xbbk;x\x19Wp\xc85\xd9\xe8\
.\xa5\x01O\xe4\x15\x09\x85!2\xb1\xa2\xa6B\xc8\x0e\
\x11\xd3\xf44\x05+\x041\x8dcaa\xab+\x96K\
B\x160\x91\x9d~,\xe0Ou:Y\x12\x15\xf9|\
>H\x97\x88\x98b\x1c\x0cVJ\xa5R\xbb\x13\x0e\x04\
\xf4DHV\x86\x88\xf2\x90\x9cX9\x1dj7\xf4\x0b\
\x0a\x1c\xca\x94\x0do\x9f:\xafi%+\xac\xb3\xd8\xa0\
\x83\xdd\xeb\x99\xbc\xf6\x11kU\xcaq\x9e\x1cX^\x9e\
_f\xcd1\xef\xed{\x9c\x93\x08\xf1V?\xce\xd7\x97\
\x91\x86\xcdD2\xe5xP\xcc \xb5\x1d\x8c+\xee9\
.C\xc3\xe5\x0b\x22\xaf\x9af&\x8c\xb0!\xbc\x93\x82\
.\xef\xb9X\xa3 6\xcb\xf3\x99^\x94\xb88\xe4\x8d\
\xf6:\xb0\xff\xc0\x16:\xb0\xe6\xb6\x10\x0b\x98\x8dT\xa7\
\xdd\xae\x96\xb0\x9f\x09\x8d*I1\xda8\x82^\xfel\
\xa9\xddH\x855\xa4ibrI}\xac K\xcax\
O=\xea\xd8\xe9\xe6\xaa\x02\x872eC\xdb\x9d\x97\xb5\
\xb6\xeb\x98\xba\xd1\xa03\xcd\xdcp\xc8\xc1\xb0\xba]\xab\
\x88\xf5\x8fd\x9c\x8f\xe5z\x0e\xd6\x16\x1e0\xbc\x95\xb1\
\xac6\xc4\xfc\x9er=\x12)\x97\x83\xf1\x1a)\x158\
)\x04\x0e\x1b\xba\x03\x92\xc3\xc4-tF\xc20\xf4\x02\
\xdd\xf3\xeex\x9c\xe7\x1c\x0f\xed\x11Q\x8aC\x0b^\xdd\
9\xd7\x96\x8a\xae8\x19\x90\xa0\xd3\x8e\xef\xa6\xf3^\xd0\
\xb5\x94\x16\xee\xf0*j9\x18\xa8\xc2\x17<\xa8 \x9a\
\xd1\xe9\xd07\x88<\x0dj?\xa4\x0f\x84\xdf&\xd7\x5c\
\xf2tA\x04Ir\x0a\x1c\xca\x94\x0do\x9f9\xebX\
v\x16\x01\x8d.\x1ds\x17\x89\x14dDZ\xb5\x88\x5c\
9 &\x14\xcf\xcd\xf8f\x10\xd0\x98\x9a\x9a\xa2+\x82\
\x1b\xbe\xdds33\x88x`\xd8(\xe8\x91\xf1\xe6\x8d\
\x06\xc9War \xc8A/\x8am\xcf\x09\x92\x1b\xbc\
\xb9\x95\xa4E\x9a\x88A\x07:M\x04\x10\xe9\x8d4#\
C\xf8\x1e<h\x18\x9a@\x8c\xdbH\xd3\x0f\x10\xd1\xc2\
a3\x1c\xf6\xeb\x09-l\xa6\x1a\x90\x18\x95,OM\
\xc7.H\xdc\xa2\x91\xbe\xd9l7\xdb\xa8*\xe3&\x16\
\x1e(&\xebJ\xa1u\xc0\x0d\x14m\x10\xa7r\xa2\xbe\
\x9d[wci\x05\x0ee\xca\x86\xb7\xa3\x9dR\xad\x96\
l\xd5\xba\xb5V\x97\xfc\x922\xfc\x12R\x17\x0f>\xe8\
\x9b\xdcE\x88\x18\x1d\xe3\xb9\xc4\xe3\x1f3=pb\x1b\
}u\xef\x9c\x18\x1a\xc8S|\xd0\xe3\xd6\xea\xda\xad\x9a\
e[\x16\xab\x0e\xecK0\x0c\x93\xe3\xa1\xc4\x0b\x83\xa8\
\xc1\xe5\x22F\x02\xa2\x83\xd3*\xe9B\xa2\xa0\xfbI\x8d\
\x88o\xd2\xc2\x86\xd6@-\xa8\xc9ub.\xb6\xdb\x97\
\x9a\xbc\x0a\x12n\x09\xcf\x15#}\x91\xe5Q\xc6\x18\xbc\
\xd1\xd8\xaaFEy\xaa\xd81\xdb\x14\xeb\xe2\xaam\xf2\
\x96\x8c\x84\x94\x1b\xac7\x16\x16\xbd\xae\x18bVJ\x81\
C\x99\xb2a\xed\xd3\xc7\xedl\x89DF1^+b\
\xaa9\x9d\xfe\xb9\xaf\xef\xdd>\xcc\x08\x9f\x91\x99\x19\xae\
\xfc\xc2\xcairU\x82\xe58\xd2*\x96U\xc4\xb2\x15\
\x1c\xf5l\xb7\xdbvx\xb9c5\xd5 \xc1\xd0\xc6\x92\
\x03\xcc\xe9\xaav\xaa\xcdN\xb8\xdal\xa4\x9aYt\xc6\
{;!K\xf8B\xa9\xc9\xfb\xde\x9a\xbc\xbaI,z\
\x93\xa3\x07\x89#\x9d\x06\x17\xaf\x87E\xcd\xb9\xc6\xa3|\
\xf0\xb2\xbc\x90\x9a\xbf\x9bw\xd4f\xbb\xb6M\xdc`p\
@p\xe4\xfa\xf5\x1bl\x98T\x9a\xf3\xab.\x15e\xca\
\x86\xb6\xe3\xa5\xaeU\xabe\xab\xb5\x1a\xbc\x938B\x9d\
K3C\xb4\xd3\xef\x9a\xdc\xe1\x9b\xe3\x0dj\x00\x07g\
V\x22\x91z&X\x0c\xd61r\xb4X,&\x11\xad\
\xc4\xe6\xa4 V\xc8\xc2\xb9(\xe6\x83rjq2\x99\
\x95n\x07\x87'p/\x16\xd1\x8b\x1d\x09xRl\x91\
\xacb!\x1cC\xc2\xab4\x0f\xcbY\x81\x98\xe4S\x12\
\xc4(\xf2+&\xc5\x0b\x14QKB\xe4hV\x9d\x14\
\xc4\x8dH\xc5n5\xdf\x8aU\x97\x8b\xe9\x98*\xe4P\
\xa6lh\xbb\xe3B\x1b\x85\x1a\x84\x8dZ+\x92\xe1E\
*\xf5\xcc<\xaa4\xa6\xc7D\xdb\xeb\xc7\xcf\x1d\x1d\xbb\
{dz\xc672:9'\x96A\x0aw\x85\xfc\x15\
\xd4\x8ff\x962\xf5\x08\x8a\xaf\x82<\xef\x1c\x05\x15\x03\
\xeb\x10\xf2\xde*\xd8\xbc\x5c\xd3\x96L\x12'\x8a\x02\x1f\
\xfd\xd9\xc6\x04\x0cQ\x97\x8ey]\xfe\x00<\x9d\x002\
\xb8hs\xd3\xe4\xf4\xaf\x126\xc5m\xad\x88\xf3\xc6\xa9\
\xf3\xaf\xa9d\x9b\x1d\xd3\x1f\x15\x89\x1aN\xc5\xe6\xbc\xac\
\x8a\x88\xc6..\xc6\xd2\x17\xd4\x1f\x812eC\xfb*\
\xd7\xc3.\x86\x9a[V$^\xab/\xd7\x82\x11dJ\
f\xe7\xbe\xfe\xa7>\xdf\xc8\xc4\x9e\x91m\xe3{>\xe4\
\x9b\x8c\x8c\x8fl\x1b\xc1.\x95\xbd\xd3>\x1f\xb9*{\
}sK\x0c\x0e/\xbf\xc2\xe0\x98\x17k\x12DE\x05\
\xefuK2'\x10\x9e\x90>\x05\xefG`\xf7\x84\x9c\
\x12\xcc\xe2\xc1\x15\x13y\xc8\x11i\xf0 t\x7f\x80K\
\xc2\x0a\xdc\xfb\xc6S9\xa2\xa88\x85\xd6\x10cF\x89\
\x1a\x02<7\xeel!\xb9Rj\xa7\xb4\x049(\x05\
Q\xb5\x91\xee'{\xd3\x03\xa2#\x17KG\xd5\x9az\
e\xca\x86\xb6;/\x07\x0cnis\x1c\xd7\xb4\x8a\x0e\
\xda\xe9\xcb\xe5\xe5\xfa\xec\xdc\xdc\xd2\xbd{\xf7\x8e\x8eN\
O\xef\x9d\x9e\xda\xfb\xb0o\xef\xd4\x14\x96\xb9\x8d\xee\x9d\
\x99\xdb\xbb\xd7\xf7\xf0\xc3\xb3KK3\xbe\xb9\x87\xb7c\
F1HQ\x8e\x90\xab\x93\xac%\xe3\xf4f_\xaaf\
y_,\xef\xaa\xaf\xf2\x0d\xe2\x9b\xa0D\xbb\xe3z-\
\xf5)nZ\xe1H\x85\xb76I4\xac\x89-\xf2\xba\
.\xfa\xdd\xb8\x7f\x05*C\x0b\x9b&\x13CL\x19\xcd\
nm\xae\xce\xcb\x8d\x93\x90\x1b\xa4VJ\xd5N\xd8D\
\x95Y\x82\x03\xb2\xba\xcc\xfd\xca\xd9@<\xb8\x14)\x15\
\x0e\x90\xc6ro\xaa\xf0\xa82e\xb7@\x0e?Fa\
hz\x9aN\x99\xeb\x18\x85\x84c\xf6\xacn\xb6[\x13\
k\xe0\xb9um\xb0\x5c\x83\x13\xb5\x91$i\x8az\xb6\
\x85%\x8e\xc5n\xb7k\xbb=\xc7\xee\xf6L\xcd\xb5]\
\xd7\xd5\x0c\x17-/\x5c\x5cN\xb7a^\x8d$2\x1f\
\xecx\xa4L\x93\x03\x9b\x22\xbc\x09^\xa02L\x0b\xa0\
\x10=\xc1U\xa5~\xbf\xce\xd2\x22l\x020\x1d\xc4>\
\xc5\xa6\xfb\x92\x98f\xce\x03\xcd+\x02\x1cI\xb1CR\
n\x8e\xa4oh\xb6\x9bU\x94\xbb#!\x8c\xd8\xa8\xa9\
\x19\xa8M\xe5\xe4\xaeh\x81\x91\xf5\xeb\x18|\x1c\x0b\xad\
+r(S6\xbc\xb7r\xd7\x05\x02\x07\x0e\x94\xa9'\
\x5c=\x9d6\xd2\x05\x0d'\xd8n\xd9v\xc9\xe9U\x91\
X-\x22U\xd2\xb5m\xa4J\xe8\xd2\xa2k\xb1f\xf5\
\xec^\xd7\xb6\xbatC'\x14\x05\xa7\x8ec[\xf4\xc8\
\xa9\xb6]\xb3\xd1p\xd0\x0a[m7:Hz\xf0\x5c\
\xd0\x0eO\xf3\xe9\xf0\xa8\xbf\x06A\xc1\x04\x18L\xb0\x84\
\xc4\x04F\x01B\x8e0&\xdabz9)\x8b\x92G\
\x0aa\x10\x1b\xa5\xaa\x90\x1cRp\x0c\xec\x88\xf3\x82\xae\
b\xc5d\xabX\xb1\xac\x92MZ\x8a\xf4\x07\xda\xe9x\
\xa0\x98.\x1a\xe4\xe4\xfa\xfaP,|P\x91C\x99\xb2\
\xe1\xed\xb67\xc3\x09=\xc45\x9c\xe9\x82\xce\xb2\x1eo\
\xf7n\xb7\xeb\x08\x16t\xc9\x7f\x09&[-4\x8d\x89\
\xe5\x8e\x19\x0e{\x8a\xb2/q3/\xf6L\xc7\xe3\xc1\
V\xab\x85\x9c\x06/\x99\x97\xc6\x00\x10\xd1\x8c\xaa\x18G\
\xcelhW=C2\x96\x05\xc5\x80\x9c\xb8\x81\x17\xd0\
\x1a\xf2'\xc5\xf7s\x9c\x84\x99\xd1\xdf_-\x17Z\xb3\
&\x92\x01\x16\xb0C`\x0d\x02H\xd4\xa0\xe9b\xcfK\
\xcck\xb2\x0d]P#9\x94)\xbb\x05\xfb\xd4\xd1\x14\
)\x8dE\xee5\xcd\xa1,K\xe7\xbez\xabU\xac\xc5\
\xe3\xcb\x5c?\x8a\x05\xd43\x0fOOMMO\xfb|\
X]?\xba}j\xef\xe8\xf4\xde\xbd\xd3S\x0f\xfb0\
7pI\xc4:pd\xe3A~\xb7/\xa2\x9aB\xd8\
\x16B\xb2]P@\xc0\xa1\xe2\xd5hx\xdf6`\xd9\
\xfej\xd9j\x9b\x83\xa6<\x91\x98\xc4HUf_\xa5\
\xb0\x10\xfdl\x91>/\x90\x11\x96{\xaf\x99\x1e\xc1\x1a\
\xffSH,9\x9a!\x07\x05\xc1?\x89\xc9\x0bt\x87\
?\xfb+U\xcd\xa1L\xd9\xf0v\xfbzU\xd3\xd3\xb2\
<j\x91\xf4\x86\xe6tm\x14\x9e\x97ye\xfd\x8co\
\xef\xf4\xf6m#\x1f\xae\x0b\x1b\x19C\xd2edt\xca\
7#\xe6\xf8d\xd0YO\xef\xf3I\x14m O\xca\
ARq+\xacR\xf4\x9e\xf3\x1c\x0b<\xaex\xdb\xea\
K\xb2\xe0S\xec\x98\x15>\x8d$F\x93\xd3(^X\
\x83\xa1\xc1I\x1b6\x01\x8d\x1b\xcd\x13\x1e\x91d\xbeb\
;\xa6\x91\x90\x11\x0e\x01\x0ei\xe9X(\x90R\xe4P\
\xa6\xec\x96\xc8q\xbc\x83\xc1X\x0b\x8bi]Oh.\
\xfc\x93\x16\x06\x07\xd6\xeb\x98\x1c89>>Xg\xde\
\xbf\x9b\xf0\xf9\xc6\xc6'\xb6c5\xc2\x1c\xc2\xa7\xbcq\
\x1ao\xf1-\xe1\xae\x080\xb4dY\xc5\x0d\x91\x88b\
Q.\xac\x17\xf5\xa0\x9e\x1b\xd2\x16E\xe4\x1d\xbek\xb7\
Qy\x0a\xe30h?\x9e\x11\xdcJ\xbenQ\xa3\xfe\
\xd1\x96\x89$+\xe4\xe4tL\x8e\xe3x\xde\x89\x18\xb5\
\xee\xf5\xeeG\x03\x8d\x8a\x22\x872e\xb7`w\xa5B\
boRN\xd7\x08\x1c=\xb4\xd5\xc73<7pv\
\xee\xe1\xd1\x8f\xaaB\x9f\x98\x18\x99\xf2MM\xf9x\xda\
\xa8\xd8\x8c\x90)KplUa1#XR\x88X\
\x05\xc7:8?\xebE<d\x94\xa3\xba\x15\x0b\xed'\
L\xb8\x88\xb4_\xd2%K\xbc>L\x8d\xba\x87\x8dy\
\xbe\x11\xa5h\xf8\xf7`\x8aO;\xc5S\x83\xf4\xc2\xd6\
\xe00\x11\x17\xf5\x86\xa0\xff\xff\xed}\xcdk\x1cy\x9a\
&e\xcaE\xd9\xdd\xe5\x92\x0d\x063f$\x98\x8b.\
s\x10\x14\x98f\x86e\xa1\x87Y\x82=D/?\x12\
vI(\xd6\x1b!\x88\x8c\xccHm\x04\x99\xa0M\xa5\
\x82LI\x99\x22S\x91$IU\x0c\x93\x90K\xcf\x1e\
\xd29\x97\xc0\xea8\xe8\x90\x7f\xc0\x1e\x1a#3\xa2\xa0\
(\x16\x1d\xe6V\xf4a\xff\x81=\xed\xfb\xf1\x8b\xc8\x90\
\x5c]c\xab\xeb\xc3v\xbfO\xe9#%\xd9\xee\xa6\xba\
\xe3\xf1\xf3~=\x0f|aF\xcf\x7f/\x16\x82\x02\xc1\
\x9bK\x8e\x97\xd5**\x8e^\xb3\x1f\xa2AN\xe8\xc5\
\xe9r~\x04\xd5\xca\x09R\xc7\xd6\xaf\xd6\xb1\xadq\x7f\
cc\xed\xde\xfd\xb5\xb5\x8d{\xf7\x1e\xac=X\xdb\xd8\
X\x7f\x02\xb4\xb1\xbd\xfd4#\x8eZ\x1d\xb7\xbd\x8f:\
\xdc\x0d\x05:\xc0&\xe8l6\x9aD\x099\x15\xeb~\
\xe8\xaa\x0dz\x94SD6\x1d\xc9i\xe2\x8a\xb4\xe09\
Iq\xcb\x8b;\x1b\x95\x95\xd8`\xba\x00\xfc\x07\xe6\x8c\
\xfd\xd6$\xb0}\xd7u\xae0F\x15C\xdc\x5c\xd7\xa4\
\xc4z\x9d\xd2d\x11s\xc8\xff\x09\x04\x827\xc69\xba\
S\xf4\x1a|\xfb\xd5\xef\x87\x0e({\xc7\x8b\x93d\xb9\
\x98\xb6:c\xfa\x0b\xbe\x86}\xc8\xdd\xdd\xcaA\xd6\x86\
\xa4\xf7\xf2p\x88uIg\x81\xb6_\x83(NR|\
K\xa34I\x83\x09\x1d\xabv\xf5\xc0\xe4\xa80?\xcd\
\xc9\xe1{P\xa7\x1dr\xfe\xa7~\x958\xea\xb9\xe8\xc8\
\x98\x838\x83j\x93\xd6h\x12\x04\x94D_-\xf0\x05\
\x8dQ\x5c\x8cv\xd3\xb9\x0a\x8a\xb3\x14\x889\x5c3x\
.)\x09\x02\xc1\x1b\xe3#\x8bRF\x1a\xbe\x0a\xfb\xa1\
\xef/\xa7\xcbt\x09X,\x968\x8e\x1d\xa3\x17\x18\xa0\
\x02o\xc0\x1fe\xf8\x82\xce\xf1\xe1\xdb\xe3\xce\x147\xc0\
\xe6\xf8\x8b\x93d\x81\xeea\xf3\xe9~\x0b\xb7\xc1\xb9?\
\xba\xff\x9d\xecP\xc9\x1e\xfcr\xb9\xb6\xfa\xba|\xe5%\
-\xaa\x03c\xec3mp\x8b\xa4\x93\x8da\xb0I\x8a\
\xb2\x83]@\xe0W\x1dug\xb6r-r\x1b\xa4\xe3\
\x14\xca\x8c\x0b5e\xb8\xa6\x91\xad\xa7*\xe3J\x1a5\
\xb9\x1f\x9b\xc1]\xf9?\x81@\xf0\xa6\xb8\xfd\xd2\xaa:\
q\x1bH\xc3Q\x8e\xa2$7\xe0\x06t\x01\xab\x1c|\
\xc9\x7f\xa1\x93\xa5\xcfS\x84\xf6\x01\xdb;\xd6\x7f\xcb\xef\
\xa2s\xe0\xc1\x01\xb0I\xad\xb2{\x00\x8a\x84F\xa4\xd9\
\xc4#\x032\x040\x0f\xbd\xd7\xe8\x87HC\x19ST\
\xae\xab\x8dU\x93D\xdf\xd4w\x07\x94F\x8fw\xf4A\
`\x18Q\x10\x8df\x93(\x98\x05\xb6\x01\xb2\xa1\xda\xe8\
k\xef0\xba\x97\xc7\xfe':\xa4;\x0e\xe57\x15\x97\
\xda\xb5\xdcP\x19u\xb0w\xbaq.\xfdQ\x81\xe0\x8d\
\x9b\x1c\x97n\xc3\xf1z\xed\xf6\xa1\x97&\xf3\xc5b|\
\xb0\xab\xe9b\x1b\x0d\xc06\x9fll<\xb8w\xff\xfe\
\xc6\xda=\xf8\x08\xef\x0f\xee\xaf=X[[[__\
\x7f\xf2dK\xafq\x10\x8b\xf0 \xf4\xa0\xc2\xa3\xd0]\
<ba\xd4\xb8\x9dY\xe3wd\x11\x900W\xda\x9d\
\xd4\xe1(\xefw\xf0,\x9e\xaecG\x93\xc1,V\xb6\
\x8d}\x8a\x86\xe3V\xa1\x90\xeaW\xdb\x14dOq\x08\
\x0d\xcc\xb8\xefQ\xee=\x87Y\xa3!)\x00%\x86\xe3\
\x99\x9eIyO9e\xf8\xf4F\x01\xb4*\xe7\x8e\x8c\
8\xcc\xcb[\xf2\xff\x02\x81\xe0\x0d\xf1\xf1%\xc8\xf9\xb0\
\xdd\xf0\xfaj\x99t\xa7\x9d\xe1\x01\xeep\x1c?\xdd\xda\
Z_[\xbb\xffo\x98\xf9`\x8e\x1b\xd9\xf9\xec\x15V\
(v5w\x14$G\xa6<x\xab\x93dF~l\
Od\x81\xa7&3\x10\x14\xca\xc4\xa1)\xf0D\x1b]\
H{\xcd\x9d\xd2a\xa9Tj\xee\xec\xec\x00I \x9a\
\xf05\xbe\x8476'E\xe3A\xd4\x19\xa1\xe5\x22a\
\x18\xbe\x99E\xcbr\xc0\xa4\x9feG\xb2\xd0\xb0\x95\xad\
_\xe9\x0e\xa9i\xda\x9f\xc8\xff\x0b\x04\x827%\x8e\x8b\
\xaak\xb5\xdbN\xa3\x91.\xed\x84nd1\xc1m\xf3\
{\x12c\x8b\xa9\xd34\x94e\xdeX\xadm\x1eT\xbe\
\x0b\xba\xb3\xc1\xe7$u:\xa1\xedN\xd0^\xd8\xf6\x1c\
/\xc454T\x0f\xc0\x11\xa7\xa7\xa7\xf0\x01^\x94J\
\xf8^b\xca\x00\xbe`\x1cj\xcfsnhT1\x86\
\xc5\xf3|\x03-J\xe90\x8e\xafb\xe8\xfe\x16\x98\xc3\
0\x8d\xab\x80_\x87\xb4ah\xda0\xdd\x97\xa28\x04\
\x82\x1b\x10\x07T\x02\x8d\xd8\x09\x97)\xd4*\x9d\xf2\xc1\
\x97{\xbf\xd9\xda\xf8\xec5\xad\xc0\xfe\x92\xb6\xce\x998\
h\xef|\xb7\xc0\x13Y\x8f\x93\x96:\x8exT;\xc1\
G\xdawM\xc7\x0a\xd1V\xa7wH\x05G\x09ib\
\x07\x09\x83\xd0\x04\xfe\x80\xef\x95(\x1e\xa1I\xc5\xc8\xe1\
\xe1*^EK\x0cl|b\x09\xa2\xbd}\x06\x83Q\
\x8b\x16BFdJJ\x07\xb9:kVQ\xb3\x03}\
\xc4\x5c\xcd#\xae\xab\x89\xc30%bE \xb8\x11q\
4\xac\x86\xad<?],\xa6u\xd0\x1b\xc7O\xee\xbf\
\xb6\x87\xe0\x83\x8d\xc7\x14\xcc\x84\xe1\xb1|`F\x9e=\
\x9d\x16\xf55G\x03\xb2\x09\xc5\xc7\xd3\xaaZ\x8d>\xda\
\x7fro\x02e\xc4N\x89X\x22\xa7\x0b\x02\xa9\x0c\xe2\
\x8bL`\xf4r\xbe \xdbP\xa0\x8c\x10\x1ex4A\
G}A\x97oh\x03\x92\xf9\x0d\xea\xff\xd8 \xc8\xe7\
(\x8aH#\xcb\xb47\x91=\x985Hp\x98R\xa9\
\x08\x047\xe8qT\x1dx\xa4\x83\xb8\xed\xc7\xe9\xb8<\
\xac\x1co\xaf\xbf\x81g\xf1\xa3O\x818\xf6vw\xb1\
\x04\x19\xcdf\xf6l\x12M\xba\xb6\x8b\xa3\x0f\x9b\x02L\
\xf0a\xe7\xb0\x14\xa4\x0b$\x86f)\xa3\x08\xd6\x19\xd9\
K]\x90d5\x09\x07\xad\xac\x08#+K\x5c\xd7S\
\x99\x13X\xb6M\xb6\xafmJ\xe1\x1b\xa3\xd1d\x82\x99\
L\xe8S\xcadAR\x83\xe4\x06sF\x1eZ\x0d\xcc\
a\xb9\xce\x85\x0cU\x04\x827\xc6\xedg\x8ei\xb5\xab\
\xa6\x0a\xfdV\xad3\xdc=8\xd9\xfc\xf4M\xf0\xe81\
\x1a\x08\xee\xd6\xeb\x95Q\x10E\x9ecx\x0d\xdbh\x98\
~\xd5\xaa\xf6hJ\xda\xc47\x06\x8a\x0c\xdd\xb0\xd8\xc9\
\x88\x82\x99\xa2T\xa4\x8bBM\x921F5D70\
\xd3\xb0)4\x85C\x99:\x94\xc7D\xe6\x1c\xf5\xcc\x8f\
p\x80\x06\x84\x11\xf1\x86\x9doo\xb0\xec0(\xec\xde\
\xa5\xd5\x0eK/\x8eV-\xf7R,\x04\x05\x827\xc7\
'\xd4%\xb4<\xd3\x8f\x07\xdd\xc5pwwo\xf3\xc1\
\xa37\x89Ix\xbc\xc9\x92\x03\x1e\xdeQk\xe2+\xa7\
\x176<\xd5\xee\x85!=\xff\x87\x9a7\x98!J\x19\
[\xac\xe8\xe20\x8fo\xe3\xa4XN\x5c\xd3|a\x85\
\x0eI\x03|\xf2\xd9\x13,\xa2\xe2\x84\xae_\x8eZY\
\x82\x02\xa9\x0d\xdci\xe7\xb3Zm9F\x1ec\xcc\x17\
\xa6\xa1\x0fT\x906Xu k\xb8\xd6\xa5\xb8\x9d\x0b\
\x04o\x8e;\x17\x86i\xc1C\x14zU\xc7\xf7\x97\xb5\
\x83\xdd\xbd\xdfl\xbdQ\xa9\xb2\x8e\x07\xb2\xbb\xbb\x95\xce\
\xb8\x95\xccS\xca\x92n\xc4\xa1\xd3o\xe3\x9c\xa4\xd1\xe8\
\xe5\x92\x83D\x85V\x16\x9a-p\x98\xcaY\x8f\xdc\xbb\
 \xa3Q\x8c\xb1w\xd1m\xd4\xf7qXB\xa3U\x5c\
\xfdB-A^b\x136\x00\xe2\xe8\xa5\xec\xc86\xf3\
\x1a\x9bE\x14\xe6F\x93\x13\x9fz\xa3\x5c\x99\xe8\xc3\x15\
\x8b\x9a\xa2\xf0=\x87z\x1c\xc2\x1b\x02\xc1M\xf0\xc13\
v\xa9p\xdd\x86o\xcf\x93\xce\xb0\x86\x01+\x1b\x0f_\
\x978\xee\xdf{\xfc\x14c\x120\xcam1O</\
M=?\xf6\x1c\x8fbZ\xc3~\x8f\xc5D6\x1a\xe9\
iU\xd1\xc7\x00\xe96T !9\x12{\x9eos\
$\x1b\xcfQy\x0f\x83\x12 u\x9ec\xc0\xc4\x11a\
~[D\x0e?d^LINtA7\xa3\xab:\
\xea\x89\xa2\x97)j\x0c\xa0\x1d\xec\x7f\xbaV\x88#\x18\
\xcb\xc5<Y\xd7\xf4,&\x0fP\x1d/\xcf\xe5NE\
 \xb8\x89\xe0\xf8\xc6\xb2\x0c\xbc\x09\x03\xcd1Z\xfa\xcb\
\xf2xX\xc3\xfd\xaf\xed'k\xf7_+\xd7\xed/\xd7\
\xf5\x22\xc7\xdenmX\xeb\xc4\xcbi\x8c\x89\xb1h=\
\xec9\xd5F\xa8#\x09\x1aaX\xa5\xde\xa6C\xae\xc4\
\x86\x8f1\xafq\x1c\x81<\x98q\x84#\xfa}\xe1Q\
\xed\x84Z\x14\x9a<\x02-\x1fl\x0c\x84%\x0a\xa1\x04\
\x05b\x8e\x88\x08c\xa2\x95\x06\xf55TV\x95pi\
b\xe62\xc3r\x0c\xc3C\x0bet?'\xf9\x01?\
3\xce?\x90\x93z\x81\xe0\x06\xf8\xf8,2P\xb4[\
N\xd5\xb2U\xa4\x92\xc5`\xb4\x1c\x7fY\xa9P($\
:\x05\xfe\xc5g\xff\xc6\xee\xe8c^\xe4\xc0M\x8e\xca\
\xc1x\xbeX,\xd1\x0eh9X.\x07\x91\xa2\x07?\
\x8bw\x0df\xd1J9\x90\xc9\xd7\x8cB\x1d#2*\
\x8e\x902fv4\x0b\x0c\xc5\x9e\xe8<\x1a\xa1^\x05\
\xb5:\x99J\xf0\xf7s\xb3#b\xca\xc1?\x94\x9b\x19\
\xd4\xc6\xa0\x22\xc4\xa1]\xf5\x90\xee_\xa10\x99E\xb8\
e\x86\xd1\xb5Hgn\x15\x93\x12\xdc\xcb\xbb2N\x11\
\x08n\x84\xbb\x17\x81Y5\x95\x13G\xbe\x0fe\x01\xfc\
\x8d\xac\xa2t1\x9e\x0ek\xc3\x83\x03\xb4\x1c\xdd\xde\xde\
\x5c\x7f\xf0=u\xcb\xc3G\xeb\x9b[O3\x17\xb0\xca\
x\x8c\xa6\xe8\xad\xf9|z\xd4\xea\x0e\x96\x14%\x8f\xab\
\x1c\xc8\x0d\x94\xb5\x14@\xf5\x01lbGX\x86\x04Z\
Y\xc4q\x90\x11\x80I\x9b\x17\xbc\xb7\x95]\x9a\xe0\x1a\
\x17\xdd\x99P\xb4\x9bM\x0a\xc4\xb0\xed\xfcr\xcd\xf4\x5c\
7\x1b\xb1\xa2\xc0\xc0\xb1m\x15W\xd0\x15P\x11J\x92\
.&\xbb\xa5\xe8w\x8e*\x88\x04\x90{y&U\x8a\
@pc\xdePn`\xfb^`\xab\xc4S\xa9\x8f!\
\x07\xf3d1\xa5\x82\x05\xef\xdc\xb6\xd1v\xf4{\x86,\
\x9fm<~\xbc\xcdv\xc5'\x95r\xad>\xc6\xdc\xe9\
\xe9|9_t\x07h\x00\xb8\x9cD\x01\xc6)a\x18\
B\x16\x16\x9d\x0dJq\xe8\xa10X\x85\xc3\x1eq\x15\
\x9c\xd7:\xe9\xbe\xc47=x\xc7\x97\xf9\xaa8-b\
 \xb3\x98\xd4\xba\x80j\xc3qh\xb6J\xf5\x08\x0ea\
0p\xa9\xe1\x98\xae\x82\x9a\xa6;:\xc2DZ\xcc[\
\xe9\x8e\x92T\xf9N\x95b\xeb\xfb\xed\xb6;;\xfbH\
\xaa\x14\x81\xe0f\xf8\xe0b\x02\x7f\xe3\xa7\x0a\x1e@/\
N\xfct\x1e'\xcbx9M\x16 \x1c\xd0\xae\x18\x14\
\x07P\x07T,\x1bk\xeb\x1b\x0f>{\xf4\xe9\xa3G\
\x8fV\x17,\x8f\xee\xaf}\xb6\xb1EGn\xc7\x9c\xd8\
4\xac\x8d)\xad\x1e\xeb\x95e\x92.\xe7\xf3e\x92\xa4\
\x01\xf2\x06&\x9c\x80\xa8!\xc2\xf0\x11\xca\xb7mT\x00\
\xd8\xee\x00.\xc0\x1d\x0d\xeeP`S\x13X\x01\xde=\
\xf3:\x5c\x8b*\x11\xd3)\xf8\xf4\xe8dG\x0cj\xb3\
p\xd7+\x1a\x1d\x1du\xbb\x98b\xdd\xeab\xb8uw\
0\x8bc\xc5\xa1\xf5\x9c?]\xb5\xff\xfe\x1fd\x98\x22\
\x10\xdc\x10\x1f]D\x91m\xa4)n\x9b\xfb\xcaK\xe7\
\xd1r\xd1].\x17\xd3\xe9x<\xad\x1d\x0c\x0fN\xd0\
\xb2\x18\x01\xbac\x0bs 7\xee?z\xf8\xd9\xfd\xb5\
\xb5\xfb\xf7\xee\xdd\xc3\xb8\x04\x12\x1b\xecr\xbe\x8b\x17\xf3\
C\xf8\x8d\xd3\x16\xc6\x99\xcc\x93x\xb9\x1c\xcc\x17@\x1f\
i\x1c\xc4i\xeaQ0\x125\x19tD\xa3\x9f\xbdb\
}A\x83S&\x0b`\x0d\xaa;\x1c\xd7\xe3\xcfE\x13\
@\x0ar\x04\x06\xe0m\x0f\xa4\x03\xcbq\x81\x8ef\xa3\
\xc9\xe0\xa8{\xb4_>\xa9\x1c\xd5\x8f\x803p\xc7c\
\x12\xa7\x91\xf2\x9c\x063\x86\xee\xd3Z\x7f\xff\xef\xfe\xe1\
\xae\x08\x0e\x81\xe0F\xf8\xf0\x9bh\xa4\x0c\x7f\x9e\xaay\
'q<5_N\x17\xd3E2\x9fch\xdbx\xb8\
{p\xf0\xe5.\x1e\xae\x1c\x931\xc76V-[[\
\x8f\xd76\x1e\xaf?\xde|\x82\x89*O\xd1rT\x9f\
\xd4\xa3\xdc\xa8\x8d;\x1d\xd0*P\xa7P\x7ft>O\
\x92)p\x08\xc8\x8c4\xf6\x1d\x9d\x05\x8b\xa0]\x0f\xa6\
\x0d\xfa\x1a\xcf\xe1\x99;p0\xebdf\xa1V\xc8D\
\xc1\xa1\xf3\xfc\xd0\xb7y7,\xbbZqp+l\x80\
%I\xbd\x5c\xa9\xd7\xcbG\xfbxX\xb7_.\x1f\xb5\
\xba\x91\x0a\x0c\x9c\xe5\xf0\xefo\xd3'\x0c\xado\xbb\x17\
\xa3\xd1\x0bi\x8c\x0a\x047\xc1\xc7\xdf\xda\xc1\xcc\x0e\xe2\
D\xc5\xcby\xec\xab$\x9eO\xa7\xcb\x04\xea\x8c)\xb6\
8j\x07\x07\xbb\x07_~\xb9G\x9e_O\xa1by\
\x8a\xd4A\x14\xb2\xb5\xf5\x14\xbf,X\xf8P\x02\xd2\x18\
\xe4\x06&\xb9Qxk\xb2\x5c,\xa0P\x81\x92e\x19\
\x93\xacp0+.t\x984BG\xab\x0e\x8f\xd8\x04\
$\x05TK\xae\xd3h8\x8ef\x8a~\x96+\xdfg\
\xef\x1e\xfc\x80@\xeah\xbb\xa6U5\x83`6i\x8d\
Z\xe8\x13\x86\x16\x1f\xd9\xd1~e\xbf\xd5\x1aLHf\
\xacPmP\x0b\xa4\x81\x8dS\xec\x9c6,9P\x11\
\x08n\x84\xbb\xd8\xdeH\xb0\x8aH\x97*\x9e'~:\
\x5c&\xcb9<\xf7\x8b\xe1\xb0V9\x00\xe2\x00\xde@\
\xc5\x81\xb6\x81\xc7\xc8\x1b\x0c\xcc\xb3?~\xaa\xc5\x86\xe6\
\x8d\x83\xda\xb0\x02\xc4\xb1\x98bt\x1a`1O\xd2\x04\
\x85G\x1c'1\xcb\x0b\xda\x08\xf5\x99)\x1c\x8f?\x84\
a\x98\xe9\x01\xad&\x88'\xfa\xed\x8c&z\xb8V\xca\
\x0bc(2\xaa\x0d\xd3\xb6\x0d3\xea\x8e\x82\x09\xae\x99\
\xd7\x8f:\xe4d\xacm>\xd0|\x14)\xc3\x09\xf1\xb4\
\xc5\xc1\xb9,\xe5\xde\x87\xccF\x9aD\xb0\x8f\xda~)\
\xa7\xf4\x02\xc1\x8d\x1a\x1c\xcb\xd1,IR\xf4\x1aN\x93\
\xe9b\x9e.:P\xa5`ws\x084P\xdb\xc5\x04\
\xc8=\xeeplg\xac\xb1\x05\xd5\x0a~$\x11\xa2\x89\
c\x0f\xf77N*\xe4S\x0a\xbf\x9d<\x8b\xe7\x0b\xf8\
\x93\x93t\x19\xc7\xb1\xa7\xb0J\xf1B\x9d\xfb\x1c6\xda\
\xf8bUx\xa0\xbb:\x11\xc3!\xeb\x0a|\xa5\xfb\x17\
\xbd\xbe\x05u\x85\x81\xde\x81\xa1k`\xf2\xfd \x1at\
\x07\xdd\x16\xc8\x0c\xbc\x88\xc5DI\xcal\xc23\x95\xc9\
$\xb2\x95A\xa1\xf7\xb4\x07B\xc7*\x9c\xab\x12\xe6\xb4\
\x81\x86\xa4l\x80~)\xc4!\x10\xdc\xa0P9\x1b,\
\xba\xdd\x01\xa5\xcc\xc7Im\xb1\x84\xf2\xa4\x03\x8f\xfe\xc1\
\x01'J\xefi\xbe\xd8z\x8c\xd8|\xbc\xb1\xf1xs\
s\xf3\xf1\xb8\x19\x8cF\x00\x00 \x00IDAT\xfa\
\x06~\x85\x0d\x8em\x1e\xa7\xd0$\x16-\x8b\x0f\xd0\xff\
\x1c\x8a\x959\xb6I\xe0\x9f\x14\x88\x83Y#l7\x1c\
xoP\xec\x82G1\xb5ZW\xe8H\x062\xe6\xe9\
\x03\x8b\xa0\xbbh\xd5jT\xe1\x97\xd1U|0\x0b\xd4\
\xac;\x88&\xdd\x11\xf0\x03]\xa5p\x18-^\xd3c\
\xb6\x93\xdeN\xa7e\x8f\x00\xbd\x8cg\x94\xc8\x80\x97+\
Q\xa0t\x1eS\xa6j@\xb0PVB\x88E\x8b\x98\
\xf7\x08\x047\xc0\x87\xcf\xc7\xd3\x05\x96%\x18p0\x9d\
Nk\xd3Z\xed\x00*\x93\xbd\xa7\xa0*\x80&6\xd6\
\x1e\xdc\xbbw\xef\xd1\xa7\x7fl\xf7\xebo66\xfeb\
c\x13+\x18=Ta\xab\xf3\x05\x14+ 8\x905\
|?\xf1\x1b\x1e\x8eA\xfbm\xcc\x8ao\x84\x9e\xef\x05\
1|\x0e\x1b\xfdF\xd8\xe8\x85~\x88_X\x0e\x8dU\
\x8ch\x16\xcc\x06\xa3\x99\x1dL&\xb3\x01R\x05^\xc9\
\xcf\x02\x10\x18G]N\xa2\x1e\x8d&\xb3h2\xc3b\
\x05\xd7\xc0\x0cZ+\xc5%\xd2\x09^\xac\xe0\x89\xfd\xfe\
\xfe\x11z\x8cM\xa24\xa2\xf1\xafoz$8X\xc1\
\x00g`\xab\x83&\xb7\xa28\x04\x82\x1b\xe0\xf6\xd9\xb8\
3\x1cw\x16\x9d\xe9||\xd0\x19\xef\xedM\xa7@\x1b\
\x9b\x9bO\xee=|\xfd\xcbX\xb6*\x06\xb6\xa1\xa8\xf8\
Z\xb92\x9eV\x80\x88\xa6\x9d%\xf6[\xd3e\xe2\xc7\
K\xe5)\x1c\x9e\xc43\x1fW\xbd\x92\xc0\x0f\x9d\xc0\xf6\
\x1d\x15T\x0d\x8c8\x18\x0df\x1cM?\x1b\xb1\x81\xd7\
h\xd4\x1a\xe1\xb9\xda\x04\xbe9\x9aD\x11^\xafMf\
\xd9Z\xb9\xe9\x92\xe9\x9f\xa1l\xba\xae\xa7,j\x0a]\
9j\xe1;\xfev*[\xf8v\xc5'\xdej\xf0\xfa\
\x06y\x0d\x82\xd6\xa0qL\xdb\x90\xbdQ\x81\xe0\xcdq\
\xe7lzT+Cq1\xec\x1c\x1c\x1c`\xf8j\xed\
\xf8\xdf?\xb9\xbf\xf6}\xf7\xf3\xaf\xdc\xa9\xdc\xbb\xf7\x04\
\xf5\xc61\xfb\x8d\xd6\xea\x95zy\xb7~t\xb4\x98\xd6\
\x17\x8b\xf1\xfe~\xf7\xa8\x03oP<\x80~\x98\xc1#\
\xde\x1d\x1duF\xf0@\x13E\x1c\xcd\x06G\xf0k\xd1\
c\x90\xec\xbb\x88\x038C\x05\x1e\xf9H\xdf\xc8\xe6~\
\xe4\xbc\x1a\xa6X`\xc0\x1f\xd9b\xc2\xd0\xf9+\xf8\x07\
\xac\x80U\x0c\x149\xa6\xa3[)$1\xf0\x0e\xb70\
\x9b\xb5\xc4/P \xb8\x01>8\x9f\xb6:\xe5r\x0d\
\xf7/0\x14\x0d\xdb\x9c\x7f}|\xfc\xd7\x1b\x0f\x1e\xbc\
\xd6U\xec\xc6\xfa\xc6\x13<o;\xd9;\xc6\xe8Vm\
q^)S\xb4\x1a\xba\x8f\xee\x96\x8f(\xc2q\x1f\xdf\
t\x1e[Y\xbf\xc3\x83\x0e,\x82\x9e\x7f\xe4\xa7\x81\x81\
Kt\xb1\xc6\xc6\xe4\xe4\x0bJA\x07>\xdb\x85\xf2e\
\x1b(\x8f\x01\x99\x05v\xb5y\x8fN\x9e\xdd_\x05\xd0\
\xd6Qv\x8c&\x81mz\xb4)\xda'\xce\x08\xf1\x1f\
B\xbe\x14b\xb5\xa5V\x11\x08n\x80\x8f\xefv\x97\x83\
\xeetZ\xeft*\xb5Z\xed\xe4\x00\x0d\xca\xe1\xf1?\
\xde\xc6\xc9+\xae\x85n\xae\xad\xaf\xdd[_\xdf\xd8X\
\x7fpoc\xfb\xf1\xfa\xe6\xda\xa7\x0f\x1f\xac\xad\x91A\
\xf1\x83ml\x9er\xa2\x1be\xc5\xefrx<\xceE\
\xf7;\xf522\x07g8v\xb0\xf1\xd0\xd9\xeftZ\
\x99?h\xa7;\x9b\xcd\xf0\xbe\x8dLA} \x07\xdf\
\xc4%0\xb4\x06\xf4\x0d\x9dr\xc0\xde\x1c\xb3Y\x96V\
=\xa0\xa8\xfb<\xd7\x1e\xb3 Wa\xb4\xc8F\xc0M\
\x1d\xf2P\xb7}\xee\x87\xb6i|\xc3\xe3Xl\xa6\x80\
\xfe\xc0S\x16ZQoX\xd5\xaa\x04?\x0a\x047\xd3\
\x1cA\x1aMF\xe9r\x99,\x17\xf5\xf1\xb8^\x1e\x8e\
k\xbb\xf5\x0aMIx\xd2z\xfc\x94\xefU\xb6\x8eO\
\x8e\x8f\xff\xe1\x18\x04\xc6o\xb6\xf3\xe3\x14\xad3\xd0\xd7\
\xbc\x86l\xd1\xe9\xec/Z\xadQ\xb7\x85)\x05\xad\xc1\
\x04}\xfc\xd0]g2K\xa0p\x88\xb5}\xb0mc\
\xcf\xd2\xf5x\xfb\xcb\xc3\xc4$:\x98\x0fV\xaab\xa0\
\x1dz\xc8\xa5g\xf5R[~\xa1\xe4@\xd2\xe8\xd4\xb5\
\xd0\xa0<'\xe6\x0c\x90'\x9e\xa2\x05\xfa8V\xf0\x1e\
\xa7\xb1\xf2=V\x1b\xa8:p\xa8\xa2w9\x1a/\xe5\
\x5cE \xb8\x09n\x7f{\x11\xf8&-b\xc5*N\
\xfd4M\x16\xf5$\x9d.Z\xd3\xc5\xb4\x8e\xb9\xce\xe5\
z\xe5\x04>\x9dPZ\x8a\xaeD(\x7fm\x0ch\xcd\
\x17\xa3d\x99$\xcb \x1a\xa4\xf1`\x80\x07\xae1\xde\
\xe5\xcf\x90\x04|\xa850X\xcdVfv\xd6\xa6X\
N\xa8\x98\x9a\x18\xec\xe15@n\xc0\x8f\xdd\x9c$\xba\
\x9a2\xe8}\xf5=&\x8d.[\x99k\x9fQ\xa8t\
p\xd82\xc0a\x0b\xd2N\x92`\xc3\xb4{\xc4\xe1\x0c\
xc\x97&\xbe\xe7\x83\xfe@\xe6\xc8\xce](\xbc\xde\
\xad\x9e\x0bs\x08\x047\xc2Gg3\xc3C\x01\x0f\xea\
\x1d\xfb\x01\xbc\xda\x19:vL: Rj\xd2\xc5[\
\x90I:\x88\xe3\xe5\x80L3\xd0\xb6+M\xe3 \xa2\
\x13W\xbewU\xbeJ\x03\x85\x07\xaf\xe4\xbb\x13\xb0c\
\x17j\x08\xed\x15\x0a\xb2\x83\x9d\xfe\xbaY\xa2\x01=\xff\
\x94\x9fD\xee\x7f\x9a?\x06W\x15\x06\x7f5\xc8\xbf\x1a\
\x90\xe3\x17\x8a\x19\xfaQW+\x90V\x8b;\x1e\x9cQ\
\xcb\xab\xe7\xa0G\xe0O\xc754\x90\x1c\xbc\xae\xca\xc4\
\xc1v\xc5\xae[5\xce\x849\x04\x82\x1b\xe1\xce\x07\xcf\
\x07\xb6E]D\xdcv\xa8\x86\x0dZ\xfe\xa6\x9d)\x04\
]\xa59t\xca\xea#=\x00\x1b\xc4i2\x01m\x02\
\x82!\x81\xa7x\x90,\x11\x09>\xcd\x93I\x82^~\
\xdc\x99\xd0\x8e\xa0\x99L\xe0\xe7\x9b\x9f\xf4\xee\x9cV\xb4\
&\x19\x17\x0cV\xe4\xc0\x0ad\xc4\x0c1\x9bM\xb2<\
G\xb6\x01\xc2\x0f\xa0-&#28\xa7\x0eG\x99\xc9\
\x02\x1b\xb3\xb4\xb8\xa63(\x89:\xa0\x84A\xcd\x81\xd5\
\x0a\xde\xc7XWP\xb5\xccH\xbc|\x04\x82\x9b\xd6+\
_\x1f\x8dl\xf4\xd93Az\xf8L\x18^\xd8\xae\xf2\
=\x9aO\x1e\x1aq\x1c\xa4\xc9r\x80\xa7,\xf3\xc5b\
\xba?\xee\xe0\x19,\xa3\x83\xc0\xaaa\xdaZh^\xc8\
\x0c\xc8\xf3\xaf\xe9[\xddU\x09\xa2\xa5\x83\xa6\x8b\x81.\
X&\xbc~\xc1\xe1\x06\xdai4\xb0\xd9\xe7\x07\x14L\
\x94b\x06\x13\xf6EQZ\x94+\x05\xc2(\x22\x8b\xaf\
%\xd1\xd1iu'i\xec\x17X#\xb7\xf1@\xbb\xf3\
\xe8\x85\x1c\xd7\x0b\x047e\x8eVdZ\xd56/~\
\xf7Qe4p\xcb\x93z\x8b\xc9\x12\x15\x05-\x98\xa2\
%`g<\xac\x1c\xd4v+\xb5\x0a\xfee?\x1cb\
K\xb5\x8e\x17\xb1\xf0\xf3\x05\x1amQ\x15\x81\x1f\xe9\xf3\
\xbc(#\x06\xe4,\xcc\x94A\xc5\x0b*\x0am3\x1c\
\xd0\xda\x06\x87\xbdR\x12\x0a\x99\x06r*BD&\xc6\
\xbc\xb8\xa1%\xc6\x8a6N\xbe\x03D\x1c\xc8\x1d\xf5\xa3\
\xd6\x08\x98\xc7s,\xa7H\x1b\x96\xa5\xa3\x98LC\xc2\
\x11\x04\x82\x9b\xe2nWY\x0d<-\xc37\xa0\x8f\x86\
C\x8b\x0fP\xa4\xf8q\xba\x9c\x10q\xe0\xad\xfdb\x01\
\x141\xac\xe0EJ}\xbcOJ\xa33EoQJ\
y\xd6\xc4\xc0\xa6\xe3TbL\xb2\xaf\xd8\x93\x5c\xf7;\
\x02N\x91\xcf\xfc\x02\xb5%\xa0\xefs\xc4+\x89\x0br\
1\xc6B\x86\x9b\xa0\x9d\x8c0\xcaZh\x949\xd3\xba\
\xb2\xfb]\xc4\xf1\x1f\x899*\xe5:^\xca\xda\x8a:\
\x1bn\x814,\xca\x8b\xe5(7\xd38\x93\xff\xf9\x05\
\x82\x9b\xe1\xd6\xa5\x83w\xaa\x94\xa0\x86)(\xbd6T\
*\x18\xa6\x84\x16\x16\xa1\x1e\x99\x925(<\xd2I2\
\x9b\x8c\xe6\xa4(fI\x94,g\x14e\xc2-\x08\xf2\
\x1e&f\x88\xec ]E\xaa\xe9%Pe\x93](\
e1\x1a\xca7\xa8\x00\x094M\xf0rW\x97\xf6<\
p\x13\x9464\xca\xdf\x81\x8anj\xf0\xde\x88f\x8e\
=\x1e\x0e\xb3\xd8\xa8\x94\xf7\x8fZ\xb3\xc8\xe0\xb8\xc7j\
Aj`*\x02{\xa1\xb3\xc3\x98a\x9e\xcb\x1a\x98@\
p3\xdc9w\xf12\xb5\x01j\xa3\xd1\x06\xd5\xd1?\
\x84\xcf\x1e~\xc9\xc1\xad\xb8\xac\x0d\x7fEW)\xee\x19\
S\x8e\x82\xc0`\xbba\xdfP\xb9\x95\xb0NZ41\
\x0a\xc97\xd9\x5c\xd8f\xc3r\xdf\xc7\xef\xe8\x94\x03\x1e\
\xb2\xe0H\xa4\xb5\xd0\xc3\x90LP\xbcJ\x14\xf5W^\
i\xde(47\xf6\x886XgT0\x86\x12\x84\x06\
\x86\xb7!eTuO\x03\x07)L\x19\x19iXh\
_j\x98\xe2\xe7#\x10\xdc\x14\x9f\x18\xf0\x88\xf5=\xa7\
\xe14\xc2v\xe8\x84\xfd\xb6\x0f\x95J\x03\xad3\xe0c\
H-RE\x99$\xc0\x15@\x0b\xca\xd7o\xf4\xc1s\
}\x07\xf3\xeeC\xc7w\x5c\xda\xd0t|\x5c\xdd\x80_\
\x0d\xaa\x22\xc0\x1eF\x12M\xe8\xbe\xa4\xd5\xea\x10O\xe4\
\xea!C\x81\x1b*\xd7\xb8\xa2^\xfcT\xc9~\x0bu\
1\x80-\xfe\xf3\x09m\x98T\xd0\xc4\xa7\x05\x94\x01D\
\xa6\xd5\x85\xfeH\xc3W\xcdnyJ='\xc8\x22\x93\
\x9cKwT \xb8!n\xbf\xb4,\xcf\x04\x0e\x00\xea\
\xf0\x03?\x1d,\x16\xddt\xb9\x5c\xcc\x134\xe5Y\xa0\
u\xf1\x14}\x01\x17S\xec\x82\xc2\xf7x\x02\x8b\xa3\xce\
\xe5\x14\xde\x97\xb4\xab\xa9T\x92\xe0\xfaG\x9a$\xbcb\
\xd1\x9a\xb6\x8ex'\xfc:OddA\xed\x8a\x8c$\
\xeaE\xb6(\xbf\xa2@*\xf8%\x9d\xc3\xb5\xba4\x8b\
=\x22\xf7\xaf\xa3\xd6\x00\xf7\xd7\x0d\x13\xb8/s#\xc6\
\xc5r\xa4\x0c\xd7s\xcd\x5c\x11\xb1\xda`\xd6\xd0\x1d\x0e\
\xf8\xa9\xf48\x04\x82\x1b\xd7*\x97\xd5\xd0\xb3\xbd\xd0w\
B\xcfO\x92\x04\x9d\x03w\x0f\x86\x07\xb5\xda\x97d;\
\xaa\x8d\xc0\xf6\xb4\xe3\x17\xd4\x06_Byp\xf0\xe5\xde\
Ae\xf7\xcb\xda\xc1\x01\x9a\x7f\x8d\x87\xd3\xcex\xd8\xe9\
\x0c\xe9q\xafe\xdb\x15\xdc\x8e\xe0\xf7\x15e\xe4[Z\
\xe5\x0a+\x8c:)\x8a\xbaf\x99\xfa\x8a*\xea\xfbl\
\xb11\x18\xe0U=\x1a\x93\xe2\x83\xef\x85\x86mZ\xe8\
i\x0c\x1c\x91\xd9\x91\xf6\xc9\x22\x88=\xbe<S7]\
)\x89\x85\x93\x15\xdc\xab\xb4A\xccq)\x8b\x1c\x02\xc1\
\x8d\x89\xe3\xc2\x00\xce\x00\xb5\x11\xc6s\xb5\xa44\xa6\xda\
\xde\x1e\x11\x06\x9a\x8dnm\xa2\xc1\xf9\xaf\xb66\xd7\x9f\
l\xac?y\xb2\x09\xaf\x9f\xfc\x0a-\x8b\xb5\x07X\xe6\
<J\xb7\xf5\xd4\xb1\xcc\x07\xa2E\xc6(_\xa5\x8e\xbc\
,a\xb6\xa07\xcd\x18x~\xd2\x1a\x80\x92@\xeb\xbf\
j\xb5\xddC[\xc1\xc3U\xc2=\xbc\xeeq\xd4=\xe7\
\xde\x1f\x92\xeb`\x9bNP\xf0\xf4\xde\xe6;[[7\
^\x0cW\x13\x07\xb5I]K+\x0f\xd70\xe5\x5cE\
 \xb89>>7\xbd\x187\xbd\xe2\xeeh\xbeX\xec\
\xee\x1e\xec\xd2i\xdb\xe3\xad\xcd'kO\xd6\xef}\xfa\
\xf0\xe1\xbdG\x9f\xde\xcb\xe3\xe9\x1f>\xfc\xf4\xc1\xda\xfa\
\x93\xf5_m>\xd9ZE$0y\xf0\xa8#[\xdf\
\xdc\xe5\xf1G\xe5\xba\xde\xc8^i\xa2\xd8\xaf\x97\xb5\xb2\
\x18\xcd\x02\xdb\xc4l\xd7>\xb2BiG\x03^\x94J\
\xcd\x1c\xf4\x12\xd9\xe2\x90\x1a\xb8\x0d\xda\xe6BSR\xee\
\xbb\x92o \xed\x84\x989eh\xd6\xa0\x02\xc5\xa0\x04\
{\xd7\x0d\xe4@V \xf8\x13\xf0\x89\xeb\xf9q\x92.\
\x17sx\x9b\xee\xee\x9d`\x02\xd3\xe6:\xd0\xc5\xf7\xa5\
\xc6>\xfc\x9b\x07\x9f\xde\xdf\xf8KT\x1e\x05\xd9\x91)\
\x8e\xdd\xbcB\xc9\x89C_\x92\xf0F\xf8>\xf6'Z\
\xb80J\x5c\xe1\x92U\x17\xea\x0a\xa4\x8b\xd3S|C\
\xc6@\x10Q\x942uq\xa8%\x06\xf2\x85\xe3\x9a<\
\xa8\xc1-T2\x1b\xc5\xad\xb2(\xb0\xb5\xfbO&3\
\x00\xca\x80\x02\x06\x1b\xbc\xbe\xc1D\xe2^\x0ao\x08\x04\
\x7f\x12q\xd8\xb1\xbf\x5c\xc6\xcb8]L\x17\xe3\xda\xde\
\xf6\xf6\xc6g\x8f^\xd3>\xf0\xde\xfa\xba\x0e\x8f\xdd;\
>\xd1'#+\x8d\xc1W\xf7T}\xa0\xa4@\x8f/\
\xd4\x03\x81\xf2M'\xac\xf61@\xa5\x87eH\x89\x18\
\xa3Y:-P\x05\xf0\x84&\x8b\xacJ\xe9\xf1\x88\xb8\
\xd1\x08\x1dT\x18\x86=\x8bf\xc8\x18\xa3\xc1H;\x92\
F\x01\xeb\x0c\x8f\xc7\xb1\x96\x15:\xd8\xf8u}?\x9a\
\xd1\x00\x19\x7fR\xb5\xaa\xa0<.\xa4N\x11\x08\xfe$\
\xdc\xbe\xb4\xd5r\x9a\xc6\xe9|1\x1d\x0ek\xbb\xc7\x9b\
\x8f\x1e\xbd\xb6\xf1\xe8\xc3\xfb\x1b[P\xaf\xe0:\x05\x96\
%\xe5J\xbd3\xee\x1c\x1d\x95\xebz\xa7t4\x8b&\
\x91m\xf8tho\x22S`\xc7\x02\x1b\x15\x87\x19+\
\x10C\x1c6\x8b\xd0\xba\x82\xd9B\xb7>\xb9\xf1\xe9\x9a\
\xec\xdf\x11\xa1\xeb(\xee\xb0\xe3\x02{\x14\xd0\x12*\x96\
 \x94\x7f\x80)pX\x9a\x00WD\xa0G\xecd\x00\
?\xf7\xbd|\x8d\xd45\xce?\x92\xff\xdd\x05\x82?\x09\
w.L\x95.\xfd4^L\xa7\xc0\x1b'O\x9f\xac\
\xbd\x81e\xf1\xa7\xf7\x1fonSJ\xc2n\xed\xe4\xe4\
h1\x9d/\x92n2=\x82\xbf\xfeM_\xd9\xf87\
\xbd\x1f6B\xb7Q\xf5\x9cv\x8f\xe8\x00X\xa2\xd4<\
\xd4Z\xa2\x94\xf59YU\xe4-P\xa6\x0b\x1d\xf6\xd8\
\xe0\x01+w5y]\xdd\x80\xcf\xe8\x5c\xecZ4^\
i\x84\xd5,8\x05-\x8d\x03t-\x1e\xe1\xe4\xb65\
\x1aE*6q\xf9<\xe4\xcd\x0e \x94\xe7\xa27\x04\
\x82?\x15\xcfU\xac\xfcx\x9c\xc4\xcb\xf9\x18\x88co\
{\xfd\x0dx\xe3!\xd6*\xdb\xc7X\xa2\x8c\xa7\xe3\xd6\
\x007=\x06q4\x08\x92\xd8\x09\x06\xbe\x9a\x19\x0d\x15\
\x98\x98\xfcl\x85zvz\xd8\xeb3K4\x99;\x8a\
`\x81\xd1\xe3\xb4\x15\xf6\x19\xe6\xe5OZ\x19GE\x81\
\x19\x8e\xd5F[\xdb\x97\xd3/\x84\xa2'4L\xc7P\
\x18\xa70\xea\xd6\xf7\x8f\xca''\xf5z\xb9\xd5\x1d$\
\xe8\x8fN\xbe\x81y\xb2\x8a\xf0\x86@\xf0C\xe0\x83Y\
\x1c\xc7\xc9t\x91.\x86\xb5q\xed\xcb\x93\xe3\xcd\x8d\xd7\
'\x8e{\xeb\x9b\xc7\xbf!\xa7\xf3J\x078\xa3\xdb\xea\
L\xa3 U\x8e\x17+5\x0b\xc2\xd0i\xb7C\xcae\
\xea\xf5)\xb5\xad\xd7\xc4\x08\xd8~\xc6\x13\x87D$\x19\
\xf8DW\xf3\x81\x96\x1b+\xf0\xaaF_SK\x9bS\
Y\x1c\x15\xccF\x83.\x14Gu\xdeD\x87r\x09\xfe\
\xcb\xd4\x8f\xba\x93\x04\xd3\xae\xd1u\x14\x13g\xd1\xaaH\
\xeb\x8ds\xe9\x8b\x0a\x04?@\xadr\x9e,\xb1\xc3\x91\
L\xa7\x9dq\xed\xe0`\xef\xe9\xaf\xd6^Wo<|\
x\xff1\x16*\x80\xcap<\x05\xbd\xd1\x8d\xe2e\x9a\
:\xbe\xe7\xdb\xb6\x83\xd7r\x98\xc9\xd4\xd0i\x8f}]\
\x80\xe0)n\x93\x0b\x17nz\xd2\x81]\x1fT\x045\
@\x0e{y\x8b\xe3\x90\x7f\x97\xa6\x15\xf8\xd3\xaa\xed*\
\xd4+\xbe\x1d\x0c\xf0\xd6\xbe\x8cg\xb2\xd4^A\xba\xd8\
\xc5\xf9.&\xacL\x02\xc3\xc5\xfcX\xf2'\xc6R\xa7\
J+\xa5H\x1cF\xf7\xf7\xb2i.\x10\xfc\x00\xb8\x1b\
\xd8q\xb2X\xf8\xe9\xb2S\x1b\x0fOvO\x9eR\xb5\
\xf2\x1a-\xd2\x87\x7f\xb1\x86\xa5\x0ao\x80\x9d\xa0y\xce\
b\x91&\xf34\x1a\x0db\xd3\x08<\xa5\x5c'4\xe1\
\xcd\xed\xe3\x96'\x9e\xdd\xe2;pB\xa3\x8dr\xa3\x0d\
\xe5\x0aSI\xd6\x0f\xe5\x95.\x94\x1c\x9aS\xda<J\
\x81\xc7\x1e\xc4\x03\xd0\x91\xa1\x06\xa3\xee~k\xb4_\xa1\
\xbci\x9d\xc9\xc06\x1d\x9d\xeed0\x8b\x14\x8da\xab\
hNL\xa5\x0e\xbd\xb7\xablS\xec\x0f\xbe\x16\xde\x10\
\x08~\x08|x\x11G\xcbd\xe1{\x09Z\xf6\xd4\xe0\
\xaf\xf0\xe3\xed\xf5\xfb\xaf\xd9\xe2\xc0E\x0e\x0e\xad\xaf\x8d\
9=v>\x9f\x0f0\x0a:\x1aM(\x91q6\xb3\
\xa3Q\x84v\xc5\x81\xf2=\x17\x8d\xfc\xc8\x93\x10\xefn\
\xc9t,\x0c\xb1\xf0\xb0(\x92\x1a\xef\xea\x1c\xd3tp\
M\xcbUtS\xab\xa0\x1a\x89f\x83\xd1(\xb2\xbbh\
\xa4\xceI*\xd9\xae\xe9\xbe\xcecj\x01e\xd8xK\
\x1f6\x903\xf2\xdb\xd8+Q\xf5\xae9{!\xb7\xf4\
\x02\xc1\x0f$9f\xc9 N\x94\xc2\x0b\xb6\xcep\x88\
\xd9n\xc7\xdb\xbfz\xf0Z\xcc\xf1x\x8b\x03\x13pg\
\xa3V\x19\xd6\x87\xb5Z}\x8c{\xe3\x1d\xcc?\xe1X\
yt&\xc7O#\x5c\xe4\x18\xa1\xe3O\x92$h\xc5\
\x91\x04Al\xdbv\x1c\xd3!\xed\x0c\x1d\x06\xd9\x99C\
\x07L\x93\x99y+\x8fy\x1b\xb5\xf0n\x0eC\x11h\
\xdb\x94\x92\x9dF#\xb4\x0b\xc2[z\x9a\xafX\xfa8\
\xd6r(G%\xe3\x0d\xad7\xcc\xe8LN\xe9\x05\x82\
\x1f\x08\x1f\xffk\x14\xe3yk\x92&\xcbq}:\xc5\
re\xef\xf8\xf8\xaf\x1e\xdf[\xff7',k\x9b\xbc\
:\xba\x9b\x99\x05S2S\xe1^\x9e7\xc0\xea\xe5,\
\xd0\x0dO\xeb\xf71S\xe9\xa8\xd3!\xad\x002\x02\x83\
\x9b:G\x9d\xfaQ\x87r\x1d\x8f\x8e\xf0\xd7u\x8e\xb2\
\xbd1\xce@\x00J\x19u)!v@\xdb^\x01\xaf\
o\xd0\x86\x88\xb6\xec\xb1\xb4y\x0f\xb9}Y\xcc\x1b\xed\
\x86\x1e\xceX\x96\x1b\x88C\xb1@\xf0\xc3\xe1\xce7\x06\
.n\xa7h0\x0aE\xcb|<\x1cV\x0e\x0e\x90=\
~\xb3\xbd~\xef\xde\xf7D\xca\xde\xc7\xeci>W\xe1\
\x9d\xf3\xdc2\x98VH\xaf\x9d\xaaT\xf4\x81=\xdf\xc0\
\xd61\xbe\x05\x8fU\xf6;\xc8\x12\xc0\x13 .\xea\xfb\
\x1c\x00\xdb\xe5\x18jL\xa4\x0e\x14\x1b\x0b\xea8Y,\
b\x1c2\xdap]\xf3\xca\xf1\xab\x9b\xbb\x8bf\xac\x91\
\xf1FC\x0fb\x857\x04\x82\x1f\x10\xb7\x9fO\xd2(\
A#\xf3y\x12/\xe6\xe9t1\x9f\x0ek\x07\xbb\x15\
\x10\x1eO\x9f>\xdd\xda|\xf2d}c\x03)\x84X\
\xe4\xd1\xe6cx\xb5\xb6\xb1\xb9\xb5\xbd\xbdU8s\xdb\
\xd5\xe4Q$\x0e~+\xe7\x12\x84\x0f\xe9Q\x82\xd4\xb3\
\xc8W\xe2\x8a\x16p\x05\xfa\xa1cX\xfd,\x88\xa0r\
\x890\xa1\x85\xcfNh\x91\xdcq\x5c\xd3u\xe8&\x1e\
\xbf\x87\x0ed\x9a8\xd8n#\xbbf\xd3\xa4\xb1\xe2\x0d\
\xba\x84\xc3A\xac,\x8c\x0a\x04?,s\x9c\xc7\xe9\x04\
\xa3\xd9R\xa0\x0f\xfa4_t\x86\xe5Ngxp\xb2\
\x07\x04p\xc2\xc6\x1c\x7f\xf5t{kk\x13\xab\x13}\
\x19\x8b\xacq\x82\x85\xca\xee\xc1\xeen\x0dc\xebq\xc4\
Qa\xa6\xc0:\x85\xd8\xa2F\x97\xf3Y\x1b\xb3E\x1f\
t&\x13{\x1d\x03Wp\xed\x81\xa2\xc2\xcfO\xe2=\
$\x0c\x8f\x0d\xff\x1cr\xfe3\xe9M[\x15\x1afn\
\x09\x88\xac\xe1\xeaReE\x1b\xd5\x06m\x91q\x9db\
Hz\x9b@\xf0#0\x07<\xb7~\x9cb\xfe\xd92\
\x8d\x91@R(\x5c\xb0_\xda\x99/\xc6C|\xfcI\
D\x9c\x9cThi\x02\x88a\xb8[\x1e\x8e\xc7\xe3\xe1\
\x18\xed\xc1:\xd3\xe9\xb0\x83\xc6a\xc9\xa0\xb3\x18,\xe9\
Te>I0|m6\x18\xd1\xc5;\xbe\x1aP\xca\
\xd2d\x10a\xfc\x01\xf9\x18+\x1b\x9d\x08\xf1>\xcd\xe3\
\x9a\xc3q\xbd\x8c.\x90\x17\x1c|+B\xdb\xf3\xac\xf4\
F\xb1R\xd1\x8d\x8d\xb0\xaay\x83\x9a\xa4\xb8\xc0!\xbc\
!\x10\xfc\xf0\xf8\xe8\x5c\xf9\xcaw<4\x0c\x8dU\xec\
;\xb1\x9fv\xa6\xf3$\xf5\x93qk0J\xba\xcb\xf9\
\xb8\x5c\x1fwZ\x8b)\xa23m-@6\xcc\x97\xf3\
\xc5<\xc1\x98\xd6$M\xe1\x03\xc6\xb1(\x95\x02\x19\xc4\
\xb8\xed\x8d\xf6\xa4ds\x1eC\xd9\xc1\xf7i\xb1M\xc2\
\xc2Fa\xe1\x9bx\xed\xee\xc3'\xdf\xc3\x0c(f\x0d\
\x17H\x03\x89\xc3#^\xf0Vd\xa1\xdf\xf8l\x9e\xdf\
\xdd\x95m9\x90\x83\x0ez\xd4M\x0d\xf8\x80\x19u\xac\
7\xcc\x0bY\x18\x15\x08~\x04|pn\x1b1P\x07\
\x87&\xc2\x8b0\x05N\x00\xed\x01|0IU2H\
\xd2y\x92\x8c\x06\xb1\x9a\xcc#\x0cl\x8aF]\xfc\xf1\
h\x02\xbf$F\xa8\x18?\xb3\xa3\xb9\x22\xae\x80\xafl\
NP\xb0m\xf69\xc7\x5c\x84\x80\x0a\x12\x1f\x1d2<\
\xf2\xc9p8\xbd\x9e\x00\x9ca\xa2_\xa8\xe7e\x82\xa2\
(4\x8c\x9c7\x8c\xeb\x82\x83i#\xd4\xcb\x1bUJ\
\xb4\xd4\xc7.\x96\xeb\x8f\x847\x04\x82\x1f\x899\x024\
.w|\x0f\x93 \x13\x90\x0d@\x08\x9e\xbf\x8c\xf1\xf2\
$\x8e\x07\x91Z\xa6\xbeiG\x11\xa53\x061\xfc8\
\x0aRx\x19\xc7A\xc4\xd4\x81z\x22\xc6<\x15\xd4\x15\
\x1c=\x9d#\xa6\x1e\x06\xa5;*Eq-\x1e\xd2\x03\
\xc1\xc4\x18\x05\x0fSj\xf1\xb5\xeemhj`\xe7\xd0\
,\x86\xe1J\x99\xe2\xae:\xa3H\x1c.\x15*\xa49\
\xe8\x18\x0e\xf5\x86\xbe\xc6\x9f\xdd\x95\x85Q\x81\xe0Gb\
\x8e\xe7\x81\x82\xbf\xf9\x1d4!\x0d}\xe58\x98\x04\x89\
\xa1\xf4\xbe\x1f\xa7P\xc5\xc4I\xa2\x9c\xd0\xe3\xa0\xa5X\
a-\x12D\x1c\xf0jS\xc8l\xbc\xa2\x0af\x08;\
K\x82\x05\xd6 b!\xe1\x81\xe3U\x1f-2@n\
P\xa4u\xa6<\xe0\x03+\x0d\xbf\xd0\xd0\xd0\xf5\x89\xa9\
[\xa2\xab\x9a\xc54\xaf9\x11s\x87\x03\xaf\xecu\x87\
\x94\x04\x07\xd6)\x13\xe1\x0d\x81\xe0G\xd4\x1c\x91Qu\
\xa8v\x08\x1bN\x18B\x01\x11G\xc8\x1a*\xf6\xfd0\
T1\x90\x84\x0b\x8fv`s\x80=<\xea\xd8\xd9\xf4\
p\xcf\x82S\x1cuz\x1b~\x8e4\x81@\x9d\x12S\
\x844\xa5\xba\xc56\xd3\x0c\xf5?Ha0o\xb0\xdc\
\xa0\x86\x07\xb6=\xb2\x8a\xc4d\x8da\xac\x94F\xf6\xed\
+\xac\xe1j\xb5\x91op\xd0y[\x83/b\x817\
\xe4@E \xf8Q\x99\x03tF\x1c\x87a\xec\xb5\x1b\
\xc0\x1e\xa0>\x88\x22<4B\xc7\x0c{x\xb8m3\
4\xe1;\xcapM\x1a\x85\xe0\x1b\x90\x02>\xdb\xba>\
\xb15oP\x0e$\xbf\xf3w\xb0\x8a\x01\xb9\x81R\x85\
j\x15\x1d\xf5\xe4s\x8b\x83Z\xa5\xc4\x0b>\xc5\xc9\xb2\
\xd002\xbd\xa1\xe3\x0e\xb4\xee0\xb34G\x5c\x07s\
\x1d\x9d,]\x0d\xc3U\x93\xa3\x91\xd7)\xc2\x1b\x02\xc1\
\x8f\xcc\x1chy\x1e\x03c K\x00s\xd0s\xed`\
Z\x93\xd3\x0e1\xd9\xcdA\x8f\x0b\xe5\xbb\x18_\x82y\
\x8b\x86\xe2\xa7\x1a5\x07\x99s\x91\xea\xa0\x95p$\x0e\
\x8c\x91\x9dE\xa9.`\xd0\xe5\x0f\xfb\x1c\x8a\x85\x06\xea\
\x0dE3\x15\xec\x88r\xa7CgH\xae:\x1a9c\
d\xc3\x14\xa3\xd0\xe0p\xdd\xefh\x8d\xd2\xd69\xcfa\
\x917&r\xd8&\x10\xfc\xf8}\x0e\x9as\xd0\x8c\x03\
\x98\x03\xa8\x03\xde\xa9j\xc1e*\x0f\x18\xc3\x0b\xab\xca\
t<\xb4\xf1\x83O\x81\x81\xa9\xb2\xb8\x0b\xae\xd5\x06\x7f\
d\xe2\x080\xa8\x1e\x83 y\xb4\x82=\x10\xe5s\x99\
\xe23up\x9a$\xf2\x08\x8ffM\xd3\xbcB\x1c\x86\
Qd\x0f#+U\x8cb\xa9\xe2\xac\xb6\xcd\xa1P\x09\
\xb3jE\xcfS\x847\x04\x82\x1f\x1f\x1f=\x9f\xf9@\
\x1b*\xec;\xc4\x18\x18\x07\x0b\x22$\xf4\xb0e\x8aW\
\xefxx\xea\x10\x80^,\xc7\x84\xa7\xdfTP\xa9\xf8\
4\x86\x05f\xd0\xef\xd8\xde\xa0(\xfb\x19\x89\x0e\x9e\xc9\
\x06\xb6\xa6\x0d\xec\xa3(\x9c\xc8*\x0a\xa5\x05\x96\xc2\xe2\
\xc5\xa4\xee\x86o\x5c\x83Y\xc8\xb6\xd64\x92\x8fb\xcd\
\x8c7\x1c\xee\x8d\xd2M}V\xa6X\x96)\x06\x1c\x02\
\xc1O\xc2\x1cg\x11\xfe\xdd\x8fV\x19\x0e\xe6Bz1\
\xbc9\x8d\xd0Q^#$\x22\x09\xc3\x86g`c\xc1\
q\xf0\xf9\xf7\xb1jQ\x94\x81D\xc1H\x81ns\x80\
\xec\x88\xb8;\x1a\x11yD<\x89\xb5uh\xb5\xe7\xe1\
\x0b\x03\xd9\x03\xdb\x1b\x18z\xa2Pq\xe4DA\x05\x90\
\xees\x18\x85\x82%\x97\x1d|\xe8F\x95\x8a\xc3\x87*\
\xd5\xeaj\xe7\x9c\xe7)#\xd1\x1b\x02\xc1O\x82\xdbg\
\x01p\x81S\x05\x86\xf0\xa8\xad\x01eJ\x83\xd4F\x08\
*#DT\x1d\xb4\xe4\x01\xe20L\xcf5p\xf1\x82\
\x963\x0c\xce`\xb4\x89;\x02\x1d\xc7\x18\xe8n\x07\x0a\
\x8e\x18\xc7\xb6\xb6A\x93W\xa5\x80:\xb0K\xea\xc1\x1f\
Bk\xa4y\x19\x82\xd7\xf2\x86Y`\x0b\xb3(?\xae\
\xf6Gi\xd9\x9c+\x15\xc7\x22\xb5\x91Y\xf8\xf0\xde\x97\
\xe8\x0d\x81\xe0\xa7\xc1\x87g\x91\x0fO\xb5G\xda\xa2\x81\
\xa3\x15\xa4\x0c\xa0\x11\x07\xe5\x06\x1a\xf9\x81\xe4\xf0\x1d\x93\
\x86!J\x99\x0ax\x86X\x03W4\xec@/s\xd8\
W6\xc0\x22\xea\x8c\xf2\x1cV\x99T\xa3\x184\x81\x85\
W\x06\x7f\xf2\xcd|\xfe\xaa\xfb\xa0\xcc\x14\xaa\xc8\x1b\x85\
9\xed\xaa7\x8a\x82\xc3\xc9\x8b\x152Bg\xde\xb8\x10\
\xde\x10\x08~J\xe6P\xb6\x11\xd2\x18\x05\xb9\xc3\x09I\
y\xe0T6\xa4\x0c\x13\xfc\xca\xf2\xf0\xbe\x04\xa4\x83\xab\
l\x1c\x88(\x1c\xb4B\xa9\x12\xacv8\x908f\xb4\
3\x0a\xef\xc4\x22X\x9a\x18\x8aG\xb1T\xaf\x98\xf4\xc1\
\xa0\x0d0\x83\x8a\x8f+\xbca^\xebud\xa5Ja\
\xf9\xcbA{\x0e\xc7]\x1d\xd4gz\xc32Eo\x08\
\x04?%\xee\x9c\xc1C\xee;\xc8\x18>|j7\xda\
!\xb6$Bf\x10\xfc\x88\xe9\x8a\x0e6IM\x22\x0f\
 \x0e\x83\xc4\x84\xcd\xcb\xe5\xf1\xaaL\xd1\x04B\x9dQ\
;VX\x85\xe0\xd0\x15\x95\x84\x81j\x83W\xce\xe98\
\x85\xaea\x8dW\xa1\xae\xc9\x0d}\xe0\x96\xadq8\xb4\
\xffe9\x0e\xafp\xb0w \xcea\xc5\xd0\x5c \xf8\
i\x99\xe3\xc5,\x8e\x02\x87\xba\x1a^\xd8\xf6|\x1a\xa8\
\xb0\xc5p\xa8\xf7\xc2h\x22\x82\xe5\x0a\x9d\xc0\xfbd\xa4\
\xa1\xb2\xfd/d\x0e2\xf8\xb3\xf5\x22)\xaf\xa0\xf3y\
\x1bo\x87*j\x87\xd2\x02\x07\xedp\xe4\x87)\xc6\x8a\
=\xd4+/\x8c\xbcV\xd1\xa3X\x14\x1c\x96\x15\x02S\
8\xd4\x16\xd5\xe5\x8ak\x0e\xbe\x96\xbe\xa8@\xf0\xd3\xe2\
\xe3\xbb\xa3\xd8\xc6\xde\x06\xd6%\xa1\xe7 q4p2\
\x0b\x9f)\xde>\xf5\xbdx\xa6\xf0\x10\xdfW\xa6\xe7\xe3\
\xf6h\xee\xf0g\xc7)\xdf\xba\x11](\xe2\x8c\x98\xf8\
\x83\xda >\x9f\xd2\x9b\xf9\xde\xba\xef\x15|y\xf4\xc0\
Ued\xa1^\x11 \xf9\x02\x18\x92\x06\xea\x0d\x8b\x03\
\x1e\xb3\xe6\x06\xcda\xbd\x91\xcca\x05\x82\x9f\x819.\
\xe2X\x85|\xec\xdenW\xa1f\xf1\xa0^\xc1Z\xc5\
T\x9eJb\xa4\x0e\xbeg\x85\x87\xdf\xb6\xd9\x18T\x19\
\xea\xfaU,\xeb\x0c}\xf4F\xe5\x8c\xa1')\xa6G\
\xba\x836G\xcd\xdck\x83vP\x998\xb2\xf7+\xe4\
Q8\x8e\xf5\xbc\xecNE\xcb\x0c+\xcb\x8ctM\xe1\
\x0d\x81\xe0g\x01\x9e\xd9\x9b\xa1g\xc6\x98\x1b\xdd\x00\xda\
\x88\xe3\x14/\xee\xe1a\xf7\x1c\xe5\xc51\xeep\xf8\xbc\
\xc5E\x9e\x7f\xf4x\xe7$Ql\x92*&\x0f\x5c\xf6\
\xa0_\x04\xc4a\xf0z\xb9OC\x95|\xa0\xc2\xcb\xeb\
j\xc5\x1a\xb6\xca\xa9\xa4\xd8#\xa5\xcb{\xb2\xfc\xe1R\
%\xd4\x8b\xe6\xda\xee\xcb\xf5\xcf\xa5/*\x10\xfc\x5c\xcc\
\xe1+\xdbj\xd0\xce\x97\x17\xe3\x8a'\xaa\x0fZ\xca\x04\
\xca\x00-\xa2b\xdc\xdc\x82o\x9b&\xd2\x86\xe2\xa7\x1c\
g\xb2vv#\x9bi\x0e\xedR\xael\xbd\xf8\xc9\x93\
Xd\x0b\x07\x8d7\x90\x08\x5c=I\xc1\xa3\x17\xfd\xae\
T\xae<\x0aka\xdc\xdf\xc8\xa6\xb1\x0e]\xb8UC\
r\xe0`\xb9\xe1z\x17\xe2\x13(\x10\xfc\x5c\xf8\xe8<\
\xb0i\x02\x8b}\x0e\xd0\x1d\x18\xc2\x866?\xf0\x95\xaf\
\xa0\x90A\x87A\x14\x1d\x8a-\xfet\x1bSe\xad\x0e\
j\x8cFYW4\xd3\x1b\xba\xfdI\xb4\xa1G*.\
\x1b\x04\xbaf\xd6\xdd\xc8\x05\x87*\x94.\xe6\xca\xc9g\
\xe5\x18\xc8\xb7mz\xd9\xbc\xcd\xba\xc35\x847\x04\x82\
\x9f\x939\x9e\x07>J\x0e\x1a\xc8\xe2\x09\x0b\x8dhq\
',\xf4S\x15\xe3\xee(\x08\x8ex\xa6\x93\x0ap\x1d\
\x94\x8e_Uf\x14\x98\xcfS\x02\x9d\x8aB\xa1\x06\xa4\
4|\x03_\xa0\xd4\xf0\x1c\xee\x8dz\xd9\xce\x97\xca\xd9\
\x82\x8e\xe7\xae49\x8af\xa3,7\x90;\x1a\xec\xc4\
A\x83X\xf13\x17\x08~f\xdc>\x9by\x16\xd2E\
#\xec\x87\xec\xb8\x83_\xe0l\xd6\xf7Qo\x84\xa48\
l\xb2\xe6\xf0Yj\x04\xf6\x15\xc9\x91\x0db\xb9/\xaa\
\xf2K\x13$\x0d\x9f\xa6\xb1z\x1e\x9b\xefpp?4\
\xefn\xd8\xea\xeaxE/r\xe8\xf6\x86\xe3\xac\x8eT\
,\xceAx.\xf9)\x02\xc1\xcf\x8b\x0f_L\xa0\xa8\
\xc0M\xf36zr\x848}\x0d\xd1\xe3\xa7\x81\xde\x1c\
8\x0f\xc1\x16\x07V+\xdc!\xe5:%\x1b\xcb\xe2\x81\
l^\xaa\xd8\xb4\x94n\xe0\xaa\x98a\x90k \xd6*\
\xa6\xe1\xba\x86\xe7\x99\x85\x1ds\xda]'\xe2Pv^\
\xb0\xac\xe4F\xd1\x8b\x83O\xed,\xa7\xaa\xb3\x1f-\xd7\
\xb5\xbf\x11\xde\x10\x08~n\xdc\xb9{\xe1\xa3\x1f\x18\xf6\
5\xf0\x92>\xe4\x85\x0ex\xa7\xfe\xa8\xaf\xc8\x86'\x0e\
x\xe7|%7\x14\x0fa\xb5\x95 }A\xbc\x91u\
9\x0c\xcf\xbfb\x1dJ/}]\x9f\xa8L\x9f\xb0\xe0\
\xc8\xa8\xa3\xe0\xe3\xa3\xfb\xa2\xd9E=m~Q\x7f#\
\x92|X\x81\xe0-\xc0\xc7\x1f\x9c\xdb\xb1\xd5\xf6h\xe1\
\x1c\x979\x1a|\xbd\x82\x9c\xe1\xb0\xd5\xb0\xe9\xfb6\x1b\
\xf4\xe8\xa9k\xc0\x19\x09\xf6\xb5\xb5Q\xa5g\xb6&:\
\xff\xd0\x0e\x1859}?\x0fO14[\x90\xe4 \
+S\xba\xd77\xf2\xb9\x0a\xf3\x06\xfdF\xcca\xb18\
\xa3\x9e\xe6\xb0\x16\xc5.\xdd\x95uQ\x81\xe0\xedht\
<\x9f\xa9\xb0j\xba!9\x18\xd3l\x85j\x96\x18\xad\
\x05\xfd4P\x98\xa9\x80\xcf\xbbO5\x06\x9e\xd6\x93\xf8\
 \xbe\xc8\x04G6W1\xf06\xd64\xf4\x91\x0a%\
\xb6\x99\xab:\x85e\x06\xedo(-5\xf8\x5c\xff\x95\
\xe5/\x5c\x19%\xc9\x91E\xc5\xa2k\xcf\xc5'\x1f\xca\
\xff\x5c\x02\xc1\xdb\xd2\xe8\x80r\xc5\xf1Lr\xe5\xe0[\
Y\x14\x1fq\xec;\xa1G&\xa2P\xaf\xc0W\x06\xda\
\xa0\xdbz\xa2b\xe7\xf7m\xf4f\x07Y0\x02\xf0\x0b\
q\x84NE\xe0A\xaeymk\x94\xdb$\xab\xc9\x8a\
\xaeS2\x961\xc9\x84\xc3\xa5\x91\x0aP\x06\x07K\x1b\
\xdd\xaf\xa5J\x11\x08\xde\xaer%\xc0^F\xd8nx\
>y\xfa`\x8d\xe2\x903)0\x8a\x1d\xdb@\x1c\x81\
\xd2-\x09z\xe8\xe3\x82!\x87m\xafD\x07\x1e\xd6\x83\
2\x81_\xec\xebQ\x8ao\xe6wm\x5c\xca\x90\xed\xf1\
\x95\x15R\x96\x1c$L|3\xdf\x19\xcdVE\xe1\xdd\
U\xb3n\xfdk\xe9\x8a\x0a\x04oY\xb9r6\xb2\x81\
-B\xb4&\xf71\x96)\xc6WNn;\xac\xab\x14\
\xcd\x1a\xc4\x18\x5c\xb4\xb0\xe6\xb0\x0b\xc4ad\x97n\x1e\
\x8a\x8d\xd5<\xc54\xf4\xef\xd7\x0b\xec6\x0fUVz\
#\x13\x1b&Ma\x1d\xd0\x1c\xda[\xb4\xdap#\xf8\
\xfes\xd92\x17\x08\xde\xb6r\xe5\xf7\xe5\x91\xf2p\xb4\
\x02\xa4\xc1[\x1cJy\x9c\xba\xc2W\xae\xbc\xc7\xa1M\
9\x22\x9e\xc5f\xce\xe7\x85\xb3z\xd6\x11H\x01\x96S\
L\xa07x{\x039\x83\xe9\xc5\xbeb\xf8\xa5'\xb0\
Y\xdccH\xe6\xa2\x8dv\xbf\xdf;<\x84\xb7\xc3\xe6\
\xe1\xa5\xf47\x04\x82\xb7Os|\xbb\xff\x9f\xba\xb6\xab\
@u\xf8\x94\xbb\xe2\xb1\xe5\xb0\xc7\x8a\x03\xed5<\xd3\
\x0fb~\xf8\x15Y\x15g:c\xf5\x22\xd0\xa3U\xec\
\x90z^!\x8c>\xeb\x8cf\xd7r\xcc/y\x89b\
z\xb9O -l\xb4\xdb\xc8\x18\xcdf\x09\xd0\x04\xde\
\xe8Y\xe7\xc2\x1b\x02\xc1[\x88[\xff\xd8\xe3\x1b\x11\x15\
\xfba\x1b\x1dH}\x9d\xfbJSY\x851K\xa6\xb2\
\xa9\xd7\x81\xb2#\x0ah\xff\x9c\x1a\xa3zP\x0b\xef\xa6\
I\xd6_X\x9dP\x10\x9c\xb9\xcas\xcaZ\x1aY\xbb\
\xc3\xc8\xd77Hl\xe0\xcaF\xb5\xd1\xef\xb7\xdb=d\
\x8c\x9d\x9d\x9d\xd2\x0e\xb0F\x13x\xa3\xd7\xb3\x9e\x0bo\
\x08\x04o's\xfc\xd3\xffk\xc23\xda\xef\xe3\xd6(\
\x865\xf9t K\xf1\x8d8V\x890\xed^e\x03\
\x11\xbd?\xba:\x8eU\xb6\xcdv\x81tLO>\xe7\
d\x1af\xe8\xa1\xab\xb6\xee\xe1^\xa8\x9d\xf1\x85\xe3\x00\
[X\x0d`\x8b\x1e\xf2Es\xa7\xc42\x03I\x03h\
\x03\xbe\x82\xffJ=\xf7LxC x[\xab\x95g\
\xa7\xf87<\xfe%o\xba*\x8d\xb1\xb3\xc1\x81\x07\xae\
\x13\xc7>:\x06\xfa\xb4$NU\x8a\xb2\x0b\xa0F\x87\
2i\x91\xdc4\xf5\xd6\xa8\x0eW\xd2\x91,t\xf4\x86\
\x1b\xe8&\xed\x826\xb0\x1aa\xb2`}\x81\x12\x03\xeb\
\x12\xf8OG\xea\xd8a\xe6 *s\xcfd\xedK \
xk\xf1\xe1W;\xa7%F\xb3_\xf5R\x95,c\
\x15'q\xac0u\xda\xf4h/\x8b\x14\x88RD\x0b\
\x14\x1f\xad4\xf0\x8e\x9e|4\x80\x17B\x9d~\x82\x8b\
!\x98+\xdf\x86\x12\xa4\xcfL\x81\xad\x8bfISE\
F\x17T\x91\x1c\xf2O\xe9g\xfa\xbf\x05\xca\x8d\xbe)\
\xee\xa2\x02\xc1\xdb\x8c;\x7f8\xdc\xe1J\xa1t\xba\xd3\
\xec\xf5\x9d$I\xd2t\xb9\x5c\xce\xdc\x10\xca\x96\xd0s\
\xda\x8dv\xa3\x8f\x8f3r@\x0f\x99\x00j\x1bx\xeb\
\xf7\xf9[\x87\x195 ;\xd0\x1fE\xcd\x0a\x8dS\xc2\
\x15\xbe`\xca`\x14\x94\x87&\x13\xfc\xd3\x95\xf0\x86@\
\xf0\x963\xc7\x8b\xf6N\xd6d\xd8\x81'\xbc\xd4k\x1f\
\xf6Pf\xe0\xb1l\xa3\xe1\x85}\xa7\x11\xf6\x0f\xa9\x9e\
\xc8\xc9!\xfb\xf5;\xa5LH\x9c\xea\x8f%&\x8d\xac\
\xf0`:\xe0\x0f\xf0\xe9\xb0\x99Q\xc7J\x82\xe8_\xa4\
\xcb\x14\xa0\xa6\xbe%\xfd\x0d\x81\xe0m\xc7\xc7\x1f\xb4\xf9\
\xe1f28\xd5\xd8)\x01Y\xd0\x93\x8d+\x15\xcd+\
O<\xf70\xe9w\xed\xac\xfa\x9a\x7f\x14\x19\x9b\x9c\xee\
\x14\xeb\x95\xbc:)\xad\x18\x86\xf4\x86\xf47\x04\x82w\
\x01\x9f\xfcS^e\xe4\x0a\x22'\x90\x02\xe0\xc9\xe7\xaa\
\x83?2\xcf\x90J\xc9\x05\x06~uz\xa5La!\
r\xbaR%W\x19CwD\x0b\xbc!zC x\
\x87\x98#\x17\x1d\x9a;V\xe2\xe0\xf4\xda\xe7\x9d\xe2O\
\x88O\xe8#\xbf_c\x9aR\xfe\xfb4I\xec\x144\
\x0a-np\xed\xa3{\xa5\xc2\x1b\x02\xc1;\xc5\x1cy\
\x7f\xb3\xd4\xd4\xa4Q\xbaN\x13\xa5\xec{\xa5k?3\
!\xaa~\x00\x00\x06\xf7IDAT<=\xbd\xaaP\
2\x89\x91\x89\x12.V\xae\xd74\xf9\xebf\xa1/*\
\xfb\x1b\x02\xc1;\xc4\x1c\xbf\xcd\x86\xa6%\x1et\x94\x0a\
\xed\x88R\xf13\xb7,\xb2wV\x0d\x19]pir\
\xb5\xbfQ(L\xfeH'\x84x\xe3P\xf3\xc6\xd7\xc2\
\x1b\x02\xc1\xbb\x83\x0f4s\xac&\xaa\xd7i\xa3 ;\
JW>\xeaBe5y\xcd\x19\xa20\x5ca*\xfa\
N\xbd\xd1\xcc\xb6\xcc\xdbmWR\x97\x04\x82w\x8b9\
\xbe8\xec\x1d~\xf7.\xc6u\x0e\xd1\xa2#+E\xf2\
6(\x0fcr\x8a\xd8\xc9\xe7)yk\xe3U\xcd\xb1\
Z\xec\xe8\xf5\xdb\x96\xf0\x86@\xf0\xce1G\xbe\x0e~\
\xe5\xa9\xbf\xca\x1aZE\xac\x9654o\x14\xf4FA\
S\xec\xe8\xef\xe4\x0d\x8e\x9dW\xaa\x14}\xd5F\xbcq\
&\xbc!\x10\xbc\xb3\x9ac5_\xf9\xa3\xb2C\xff\xa8\
\xb9\xea\x8e\x9e\xae:\x1c;\xa5\x95\x12\xd9)\x15\x04\xc8\
\xab\xdd\x8d\x5cp\xf4\xdb\xc2\x1b\x02\xc1\xbb\xc9\x1c\xcf\x8a\
\x9a\xe3\xea\xb2\x96\xd6\x1f\x99\xd4(\x8cU\xa99\xba\x1a\
\xaa\xe4\x0cQ\xe0\x8d?\x82l\xab\x8c\xe4\x86\xf47\x04\
\x82w\x14\x1f!s\x1c\x16\x88\xe3\xfah\xa5tmF\
\xa2\xfb\x1dY\x7f\x03?\xad\xa4\x0a\xd2F\xbe\xb1\xf1\x0a\
e\xe4z\x03\xe7)\xc8\x1b\x9f\x08o\x08\x04\xef(s\
\xfc\xeeJ\x9f\xe3\xbb\xf79J\xaby\x8a\xfe5W+\
\x15}\xf6\x927JW\xb4\xd1,|,\x15\xf7\xbe\xda\
\xed\x97\x92\x0e+\x10\xbc\xfb\x9a#\x1b\xae\x94\xae\xa8\x8d\
|\x06{EJd{\xa3\xb9\xc6\xd8\xc9_\xfe\x91\xb5\
\x8d+}\xd1^\xbf/\xbc!\x10\xbc/\xccq\xa5\xcd\
\xb9\xa2\x8f+\xea!;\x8c\xdb\xd1\x9a\xa3\xd4\xcc\xba\x1b\
\xa7\xdf\xd9\x10m\x96\xb2\xa3\x98&\xdf\xc9q\x7fCx\
C x\xc7\x99\xe3e\x819V\x0b\xa4\xa5\xac\xdfQ\
\x5c\xd2\xc8\xa0\xefU\xe0\x9f\xe6NS7=v\xae\xad\
\x8d\x16\x99\xa6YX\xfc\x22\xde\x90\xfc\x14\x81\xe0]g\
\x8e\xaf\xfa\x05\xcdQ\xca'*\xab\xf9\xec\xb5B\xa5\xb4\
:w\xa3\x9b5=\xad=\xdd)\x12G\xf3Z\x87#\
\x9b\xa8\x08o\x08\x04\xef\x07n_\xf6\xafl\x82\xad\xc6\
);\xc5%\xf2\x95\xdf_\xe1\x00\xb6\xd9\xcc\xb7:v\
v\xae\xde\xb1\xe5s\x94\x02m4\x0f\xfb\xed\xbe\xf0\x86\
@\xf0^0\xc7\x1f(\xaf\xe00\xabV\x0a\xbb\x1c\xa5\
+\xa7(;\x99\xe7`f\x0c\x08\xff\x9c^\xb1\xdcX\
\xa9\x0c\xba\xbb\xbd\xae7\xb01z)\xf9\xb0\x02\xc1{\
\xc2\x1c\x14\xa7\xc6\xe6\xe3\xd9\xb6F\xa1\xe3q\xad\xeb\x99\
y\xf9\xac:\xa3;\xcd\xebS\x94fq*\xbb\xe2\x8d\
\x9e\xf0\x86@\xf0\xfe0\xc7W}^\xe8(\xf8\x82\xe9\
~\xe8\xd5c\x94k\x95\xcaN)\x1f\xa8\x942\x87\x1e\
\xbd\xaf\xa1\x0f\xda\x0a\x87m\xd4\x18\x1d\xc9<E x\
\xdf\xfa\x1c\xaf:i\x5cs\xdb\xc8\x15G\xc1.\x908\
\xa4\xb9\xeac4K\xab\xf7\xebzC\xfc7\x04\x82\xf7\
Ks`\xe8\xc1w\x90D\x81<v\x0ak\x1e\xab\xcf\
t\xf8\xb6b\x8c\x02}p\x9f#\xef\x8b\xf6p\xa2b\
J\xa5\x22\x10\xbcG\xb8k\x1d\xe6\x22!\xafRv^\
\x15\x1c:\xf3\xf54w0\xa6\xb1\xec\x8a1J+g\
\xf4\x82S:\x13\x07Z\x8c\xde\x92\x7f\xd5\x02\xc1\xfb\x83\
[/\xad~\xbf\xb9\x93ODv\xbe3\xf7\xa0\xd4\xcc\
NV\xf2\xd8%r\xe0(\x90\x84nm4\xaf\x81b\
\xdc\xa0V\x11\xe2\x10\x08\xde+\xe2\x88\x8cj\xa3\xd7,\
\x9c\xa3\xe9\x89j\xb3\xd8\xec\xb8r\x81\xaf{\xa4\xcdb\
\x85\xd2|\xb57\xb2\x22\x8e~\xfb\xff\x08q\x08\x04\xef\
S\x93\xe3\xff\x06\x91k\x07*\xec7\xbdF\x93\xb2\x1a\
\x8bq\x8e\xa7\x85}\x8df\xa9\xf4\xca\xfdl\xa9y\xa5\
\x0f\xc2L\xa1\xb3\x1f\xe9\x94\x9e\xcd\x89\xdb\xcf\x848\x04\
\x82\xf7\x898^V\xfb\x96=\x09T\xe2$\x9d\xe52\
\x89\x95\xef\x85\xed\xfe\xe1ai\x95\xb6\xb4\xb3J\x85\xbd\
v\x81_\xca'2\xecC\x8c$\xd1\xc7\x1cj\x8c\xa4\
\xee\x1fj\xbd\x01_\x06\xd2\x1c\x15\x08\xde'\xe2\xf8_\
\x16>\xd8\xed\xb0>\x8d;\xc3a\xed\xe0\xa06\x1cO\
\xa7\xf3e\x1a\xb7\x0f{+\x8fA\xf6\xe2i\xe6\xb9,\
Wb\xa5\xe9G\x1c\xb4\xd4o\xb7\xdb\x9cd_\xadf\
\xc4\xd1nW\x9f\xcb\xbfi\x81\xe0\xbdR\x1cV\xbb\xdf\
\x83\x82bq\xb0\x98\xd6\xebe@\xbd>\xee\x00\x16^\
\x16U\x0fO\xff!\xbf\xc3\x87\x1e\xbf\xc8b\xe8\x0b<\
R*\xf5\xdam\xcd\x1bH\x1d\xd5\x9e\xd6 \xed\xea\xcb\
\x17\xf2oZ x\x8f\xf0\xe1\xb9\xd5&fX<-\
\xef\x8f\xc7\xf5r\xad\x82\xdc\xb1?\x9d{=\xec]\x1c\
2s0z\xab/\xb2\xef\x15tG\xa9I\xb4\xd1F\
\xce\xa8Z\x96U%\xbaiW\xcd\xcb\xf3o\xe5\xc0M\
 x\x9f\xf0\xf1\x8bo.\x0dx\xc6{\xc9p\x7fX\
\x1f\x96+\x15 \x8e\xfd\xfax>O\x9d\xe6\xe9i3\
\x93\x1c\xd7A\xd4A?\xc8\xe9\x04\x88\x03Y\x83%\x07\
\xa9\x95\xea\xb3\x97\x97\x17gg/^HkT x\
\xbfp\xe7\xee\x8b\xb3\xb3\xe7\x17\x17\x97\xb3Q\x0b\x005\
\xcax\xdc\x99N\x17\xd3\xee\xd29-\xf5{95\xbc\
B\x1d\xfc\xfdC~\x89\xe2\xa3D=\x8e\x06\xaa\x0d\xf7\
\xe5\xe5\xe5\xc5\xf3\xb3\xdf\xff\xcf\xaf_|\xfd\xc1m\xf1\
'\x16\x08\xde\xbfj\xe5\xd6\xdd\xaf\xbf\xfe\xfd\xe7g\xcf\
\x9f?\x07\x0a9\x07\xc0\x87\x8bA`\xd8\x87P|\x10\
s\x90\xe4\xd0c\x93\xa2\xea\xc8\xd1\x07\xa1\xd1\xb6\x0c\x10\
\x18\xe7\xff\xed\xc5\x8b\x7f}\xf1?\xfe\xee\xbf\xfc\xdd\xe7\
_?\x7fq\xf7\xa3;\xf2/X x_\x0b\x16 \
\x8f\xb3\xe7/^|\xfew\x9f\xc3c\xff\xf9\xdf\xfe\xf7\
\xcf_\xfc\xeb\xb7g\xe7\xa0\x1a.\xbe\xfa\xdd\xc5\xe5\xb3\
\xdf\xfe\xe3?\xf7\xdb\xbf\xedk\xe2\xc8\xfa\x1d\xfdv\xbf\
\xfd\xcf\xbf\xfd\xe2\xd9\xe5\xe5\xe5W\x7f8\xff\xc3\xf9\xd9\
\xef\xff\xf6\xd7\x9f\xff\xfa\xbf\xfe\xfa\xc57\xc0A b\
\x9e\x0bk\x08\x04\xef}\xcdr\xeb\xf9\x05\x10\x05\x00\x84\
\xc7\xb7\xdf\xbexqv~q\xfe\x87\xaf\xbe\xfa\xe6\xdb\
o\xbf\xf9\x97\xaf\x00\xff\xf2\x87\xdf=\xfb\xdd\xb3/\xbe\
\xf8\xedo\xbf\xf8\xe2\x8bg\xcf\xbe\xf8\xdf\xfc\xdd\x7f\xf9\
\xe6\x9b\xf3\x8b\x97P\x9a\xc0o>\xbf\xb8\x84W\xb62\
\x5c\xc7\xb8\xb8%\x15\x8a@\xf0\xe7\xa0;n\x9d\xdb\x96\
\xe59\xa6\xe1\xba\x86Ip-\xcbuM\xc3\xb0\xed\x97\
\xc8\x0d/\x8b\xb8|\xf9\xcc0\x94r]\x9c\xa0T\x1d\
\xf8\x5cmT\x9dF\xc3\x09\x1b\x96\xfd\x8b[\xa26\x04\
\x82?\x9b\x92\xe5\x97\x97f\xd5\x0ai2\x12\x86\x8e\xe5\
\xc0{\xd5\xf2\x5c\x15)\x90\x11\xc0(\x86a\xba&p\
\x89k\xe1GeG\x86\xe7\xc3/s\x80-h\x10\x8b\
}\xd1\x0ba\x0d\x81\xe0\xcf\xaf\xdd\xf1\xcb_\xfc\x22\xb0\
\x81 \xaa\xd5*\xd2G\x08\xac`\x06X\x7f\x00_\x80\
\x08qIch)\xe2\x9b\xa6\xed\x00\x89\x98\xc6\xcb\xe0\
\x17\xbf\xf8\xe4\xd6\xad[\x1f\x0ai\x08\x04\x7f\xae\xf4q\
\xe7\xce\x87\xb7o\xdf\xfe\xe5/\x7fqy\x19\x04\x81m\
\x0f\x06\x93\x19\xbc\x08\xa2\x80\x10\xc1\xe7\xd9d2\x98\x5c\
\x5c|\xf2\xc9/o\xdd\xba}\xfb\xce\x1dii\x08\x04\
\x02\x81@ \x10\x08\x04\x02\x81\xe0\xed\xc2\xff\x07\x15\xa1\
'\x108o\x88\x0d\x00\x00\x00\x00IEND\xaeB\
`\x82\
"

qt_resource_name = b"\
\x00\x08\
\x069\x0e\x01\
\x00b\
\x00o\x00m\x00b\x00i\x00l\x00l\x00a\
\x00\x06\
\x07\x03}\xc3\
\x00i\
\x00m\x00a\x00g\x00e\x00s\
\x00\x0c\
\x0e\x10%G\
\x00b\
\x00o\x00m\x00b\x00i\x00l\x00l\x00a\x00.\x00p\x00n\x00g\
"

qt_resource_struct = b"\
\x00\x00\x00\x00\x00\x02\x00\x00\x00\x01\x00\x00\x00\x01\
\x00\x00\x00\x00\x00\x00\x00\x00\
\x00\x00\x00\x00\x00\x02\x00\x00\x00\x01\x00\x00\x00\x02\
\x00\x00\x00\x00\x00\x00\x00\x00\
\x00\x00\x00\x16\x00\x02\x00\x00\x00\x01\x00\x00\x00\x03\
\x00\x00\x00\x00\x00\x00\x00\x00\
\x00\x00\x00(\x00\x00\x00\x00\x00\x01\x00\x00\x00\x00\
\x00\x00\x01\xa0\xe5\xef\xf6n\
"

def qInitResources():
    QtCore.qRegisterResourceData(0x03, qt_resource_struct, qt_resource_name, qt_resource_data)

def qCleanupResources():
    QtCore.qUnregisterResourceData(0x03, qt_resource_struct, qt_resource_name, qt_resource_data)

qInitResources()
